sounding_m,FW 1 PORT|-1,FW 1 PORT|0,FW 1 PORT|1,FW 1 PORT|2,FW 1 PORT|3,FW 1 PORT|4,FW 1 PORT|5,FW 1 STRBD|-1,FW 1 STRBD|0,FW 1 STRBD|1,FW 1 STRBD|2,FW 1 STRBD|3,FW 1 STRBD|4,FW 1 STRBD|5,FW CENTER|-1,FW CENTER|0,FW CENTER|1,FW CENTER|2,FW CENTER|3,FW CENTER|4,FW CENTER|5,FW 2 PORT|-1,FW 2 PORT|0,FW 2 PORT|1,FW 2 PORT|2,FW 2 PORT|3,FW 2 PORT|4,FW 2 PORT|5,FW 2 STRBD|-1,FW 2 STRBD|0,FW 2 STRBD|1,FW 2 STRBD|2,FW 2 STRBD|3,FW 2 STRBD|4,FW 2 STRBD|5,DRINKING WATER PORT|-1,DRINKING WATER PORT|0,DRINKING WATER PORT|1,DRINKING WATER PORT|2,DRINKING WATER PORT|3,DRINKING WATER PORT|4,DRINKING WATER PORT|5,DRINKING WATER STRB|-1,DRINKING WATER STRB|0,DRINKING WATER STRB|1,DRINKING WATER STRB|2,DRINKING WATER STRB|3,DRINKING WATER STRB|4,DRINKING WATER STRB|5
0.0000,0.123000,0.130000,0.138000,0.146000,0.154000,,,0.082000,0.090000,0.097000,0.105000,0.113000,,,0.991000,0.945000,0.900000,0.858000,0.817000,,,1.299000,1.281000,1.264000,1.247000,1.230000,,,1.323000,1.384000,1.443000,1.503000,1.564000,,,0.954000,0.945000,0.935000,0.926000,0.916000,,,0.849000,0.842000,0.835000,0.828000,0.821000,,
0.0100,0.137000,0.145000,0.153000,0.161000,0.169000,,,0.097000,0.105000,0.112000,0.120000,0.128000,,,1.045000,0.998000,0.953000,0.909000,0.868000,,,1.355000,1.337000,1.320000,1.303000,1.286000,,,1.382000,1.441000,1.500000,1.561000,1.623000,,,0.987000,0.977000,0.968000,0.958000,0.949000,,,0.881000,0.874000,0.867000,0.860000,0.853000,,
0.0200,0.151000,0.159000,0.167000,0.175000,0.183000,,,0.110000,0.118000,0.126000,0.133000,0.141000,,,1.095000,1.048000,1.002000,0.958000,0.917000,,,1.406000,1.389000,1.371000,1.354000,1.337000,,,1.434000,1.493000,1.554000,1.615000,1.678000,,,1.017000,1.007000,0.998000,0.988000,0.979000,,,0.911000,0.903000,0.896000,0.889000,0.882000,,
0.0300,0.165000,0.173000,0.181000,0.189000,0.197000,,,0.124000,0.132000,0.139000,0.147000,0.155000,,,1.148000,1.100000,1.054000,1.009000,0.967000,,,1.458000,1.441000,1.423000,1.406000,1.389000,,,1.486000,1.546000,1.607000,1.669000,1.733000,,,1.047000,1.037000,1.028000,1.018000,1.009000,,,0.940000,0.933000,0.926000,0.918000,0.911000,,
0.0400,0.179000,0.187000,0.195000,0.203000,0.211000,,,0.137000,0.145000,0.153000,0.161000,0.169000,,,1.202000,1.153000,1.107000,1.062000,1.020000,,,1.511000,1.493000,1.476000,1.458000,1.441000,,,1.539000,1.600000,1.661000,1.724000,1.788000,,,1.077000,1.068000,1.058000,1.048000,1.039000,,,0.970000,0.962000,0.955000,0.948000,0.941000,,
0.0500,0.193000,0.201000,0.209000,0.217000,0.226000,,,0.151000,0.159000,0.167000,0.175000,0.183000,,,1.258000,1.209000,1.162000,1.117000,1.074000,,,1.564000,1.546000,1.529000,1.511000,1.494000,,,1.592000,1.654000,1.716000,1.780000,1.845000,,,1.108000,1.098000,1.088000,1.079000,1.069000,,,1.000000,0.992000,0.985000,0.978000,0.971000,,
0.0600,0.207000,0.215000,0.223000,0.232000,0.240000,,,0.165000,0.173000,0.181000,0.189000,0.197000,,,1.315000,1.262000,1.219000,1.173000,1.130000,,,1.618000,1.600000,1.582000,1.564000,1.547000,,,1.646000,1.708000,1.771000,1.836000,1.901000,,,1.139000,1.129000,1.119000,1.109000,1.100000,,,1.030000,1.022000,1.015000,1.008000,1.001000,,
0.0700,0.221000,0.229000,0.238000,0.246000,0.255000,,,0.179000,0.187000,0.195000,0.203000,0.211000,,,1.375000,1.325000,1.277000,1.232000,1.188000,,,1.672000,1.654000,1.636000,1.618000,1.601000,,,1.700000,1.763000,1.827000,1.892000,1.958000,,,1.169000,1.160000,1.150000,1.140000,1.130000,,,1.060000,1.052000,1.045000,1.038000,1.030000,,
0.0800,0.235000,0.244000,0.252000,0.261000,0.269000,,,0.193000,0.201000,0.209000,0.217000,0.226000,,,1.436000,1.386000,1.338000,1.292000,1.248000,,,1.726000,1.708000,1.690000,1.673000,1.655000,,,1.755000,1.819000,1.883000,1.949000,2.016000,,,1.200000,1.190000,1.181000,1.171000,1.161000,,,1.090000,1.083000,1.075000,1.068000,1.061000,,
0.0900,0.250000,0.258000,0.267000,0.275000,0.284000,,,0.207000,0.215000,0.223000,0.232000,0.240000,,,1.500000,1.449000,1.400000,1.354000,1.309000,,,1.781000,1.763000,1.745000,1.728000,1.710000,,,1.811000,1.875000,1.940000,2.006000,2.074000,,,1.232000,1.222000,1.212000,1.202000,1.192000,,,1.121000,1.113000,1.106000,1.099000,1.091000,,
0.1000,0.264000,0.273000,0.281000,0.290000,0.299000,,,0.221000,0.229000,0.238000,0.246000,0.255000,,,1.564000,1.514000,1.465000,1.418000,1.373000,,,1.837000,1.819000,1.801000,1.783000,1.766000,,,1.867000,1.931000,1.997000,2.064000,2.133000,,,1.263000,1.253000,1.243000,1.233000,1.223000,,,1.152000,1.144000,1.137000,1.129000,1.122000,,
0.1100,0.279000,0.288000,0.296000,0.305000,0.314000,,,0.235000,0.244000,0.252000,0.261000,0.269000,,,1.631000,1.580000,1.531000,1.483000,1.438000,,,1.893000,1.875000,1.857000,1.839000,1.821000,,,1.923000,1.988000,2.055000,2.123000,2.192000,,,1.294000,1.284000,1.274000,1.264000,1.254000,,,1.183000,1.175000,1.167000,1.160000,1.152000,,
0.1200,0.294000,0.302000,0.311000,0.320000,0.329000,,,0.250000,0.258000,0.267000,0.275000,0.284000,,,1.700000,1.648000,1.598000,1.551000,1.505000,,,1.950000,1.931000,1.913000,1.895000,1.878000,,,1.980000,2.046000,2.113000,2.182000,2.252000,,,1.326000,1.316000,1.306000,1.296000,1.286000,,,1.214000,1.206000,1.198000,1.191000,1.183000,,
0.1300,0.309000,0.317000,0.326000,0.335000,0.344000,,,0.264000,0.273000,0.281000,0.290000,0.299000,,,1.770000,1.718000,1.668000,1.620000,1.574000,,,2.007000,1.988000,1.970000,1.952000,1.935000,,,2.037000,2.104000,2.172000,2.241000,2.312000,,,1.358000,1.348000,1.338000,1.328000,1.318000,,,1.245000,1.237000,1.230000,1.222000,1.215000,,
0.1400,0.324000,0.332000,0.341000,0.351000,0.360000,,,0.279000,0.288000,0.296000,0.305000,0.314000,,,1.842000,1.790000,1.740000,1.691000,1.645000,,,2.065000,2.046000,2.028000,2.010000,1.992000,,,2.095000,2.163000,2.231000,2.301000,2.372000,,,1.390000,1.380000,1.370000,1.360000,1.350000,,,1.276000,1.269000,1.261000,1.253000,1.246000,,
0.1500,0.339000,0.348000,0.357000,0.366000,0.375000,,,0.294000,0.302000,0.311000,0.320000,0.329000,,,1.916000,1.864000,1.813000,1.764000,1.717000,,,2.123000,2.104000,2.085000,2.068000,2.050000,,,2.154000,2.222000,2.291000,2.362000,2.434000,,,1.422000,1.412000,1.402000,1.392000,1.382000,,,1.308000,1.300000,1.293000,1.285000,1.277000,,
0.1600,0.354000,0.363000,0.372000,0.382000,0.391000,,,0.309000,0.317000,0.326000,0.335000,0.344000,,,1.992000,1.939000,1.888000,1.839000,1.792000,,,2.181000,2.163000,2.144000,2.126000,2.109000,,,2.213000,2.282000,2.352000,2.423000,2.495000,,,1.455000,1.445000,1.435000,1.423000,1.414000,,,1.340000,1.332000,1.324000,1.317000,1.309000,,
0.1700,0.369000,0.378000,0.388000,0.397000,0.407000,,,0.324000,0.332000,0.341000,0.351000,0.360000,,,2.070000,2.016000,1.965000,1.915000,1.868000,,,2.241000,2.222000,2.204000,2.185000,2.167000,,,2.272000,2.342000,2.413000,2.485000,2.558000,,,1.487000,1.477000,1.467000,1.456000,1.446000,,,1.372000,1.364000,1.356000,1.348000,1.341000,,
0.1800,0.385000,0.394000,0.403000,0.413000,0.423000,,,0.339000,0.348000,0.357000,0.366000,0.375000,,,2.149000,2.096000,2.044000,1.994000,1.946000,,,2.300000,2.282000,2.263000,2.245000,2.227000,,,2.332000,2.403000,2.474000,2.547000,2.621000,,,1.520000,1.510000,1.499000,1.489000,1.479000,,,1.404000,1.396000,1.388000,1.380000,1.373000,,
0.1900,0.400000,0.410000,0.419000,0.429000,0.439000,,,0.354000,0.363000,0.372000,0.382000,0.391000,,,2.231000,2.176000,2.124000,2.074000,2.026000,,,2.361000,2.342000,2.323000,2.305000,2.287000,,,2.393000,2.464000,2.536000,2.609000,2.684000,,,1.553000,1.543000,1.532000,1.522000,1.511000,,,1.436000,1.428000,1.420000,1.413000,1.405000,,
0.2000,0.416000,0.426000,0.435000,0.445000,0.455000,,,0.369000,0.378000,0.388000,0.397000,0.407000,,,2.314000,2.259000,2.207000,2.156000,2.107000,,,2.421000,2.403000,2.384000,2.366000,2.347000,,,2.454000,2.526000,2.598000,2.672000,2.748000,,,1.586000,1.576000,1.565000,1.555000,1.544000,,,1.469000,1.461000,1.453000,1.445000,1.437000,,
0.2100,0.432000,0.442000,0.451000,0.461000,0.471000,,,0.385000,0.394000,0.403000,0.413000,0.423000,,,2.399000,2.344000,2.291000,2.240000,2.191000,,,2.483000,2.464000,2.445000,2.427000,2.409000,,,2.515000,2.588000,2.661000,2.736000,2.812000,,,1.620000,1.609000,1.598000,1.588000,1.577000,,,1.501000,1.493000,1.485000,1.478000,1.470000,,
0.2200,0.448000,0.458000,0.468000,0.478000,0.488000,,,0.400000,0.410000,0.419000,0.429000,0.439000,,,2.486000,2.430000,2.377000,2.326000,2.277000,,,2.545000,2.526000,2.507000,2.488000,2.470000,,,2.577000,2.651000,2.725000,2.800000,2.877000,,,1.653000,1.642000,1.632000,1.621000,1.611000,,,1.534000,1.526000,1.518000,1.510000,1.502000,,
0.2300,0.464000,0.474000,0.484000,0.494000,0.505000,,,0.416000,0.426000,0.435000,0.445000,0.455000,,,2.574000,2.518000,2.465000,2.413000,2.363000,,,2.607000,2.588000,2.569000,2.550000,2.532000,,,2.640000,2.714000,2.789000,2.865000,2.942000,,,1.687000,1.676000,1.665000,1.655000,1.644000,,,1.567000,1.559000,1.551000,1.543000,1.535000,,
0.2400,0.481000,0.491000,0.501000,0.511000,0.521000,,,0.432000,0.442000,0.451000,0.461000,0.471000,,,2.665000,2.608000,2.554000,2.502000,2.452000,,,2.670000,2.651000,2.632000,2.613000,2.595000,,,2.703000,2.778000,2.853000,2.930000,3.008000,,,1.720000,1.710000,1.699000,1.688000,1.678000,,,1.600000,1.592000,1.584000,1.576000,1.568000,,
0.2500,0.497000,0.507000,0.517000,0.528000,0.538000,,,0.448000,0.458000,0.468000,0.478000,0.488000,,,2.757000,2.700000,2.646000,2.593000,2.543000,,,2.733000,2.714000,2.695000,2.676000,2.658000,,,2.767000,2.842000,2.918000,2.996000,3.075000,,,1.754000,1.744000,1.733000,1.722000,1.711000,,,1.634000,1.626000,1.617000,1.609000,1.601000,,
0.2600,0.514000,0.524000,0.534000,0.545000,0.555000,,,0.464000,0.474000,0.484000,0.494000,0.505000,,,2.851000,2.794000,2.739000,2.686000,2.636000,,,2.797000,2.778000,2.759000,2.740000,2.721000,,,2.831000,2.907000,2.984000,3.062000,3.142000,,,1.789000,1.778000,1.767000,1.756000,1.745000,,,1.667000,1.659000,1.651000,1.643000,1.635000,,
0.2700,0.530000,0.541000,0.551000,0.562000,0.573000,,,0.481000,0.491000,0.501000,0.511000,0.521000,,,2.947000,2.890000,2.834000,2.781000,2.730000,,,2.861000,2.842000,2.823000,2.804000,2.786000,,,2.896000,2.972000,3.050000,3.129000,3.209000,,,1.823000,1.812000,1.801000,1.790000,1.779000,,,1.701000,1.693000,1.685000,1.676000,1.668000,,
0.2800,0.547000,0.558000,0.568000,0.579000,0.590000,,,0.497000,0.507000,0.517000,0.528000,0.538000,,,3.044000,2.987000,2.931000,2.878000,2.826000,,,2.926000,2.907000,2.888000,2.869000,2.850000,,,2.961000,3.038000,3.117000,3.196000,3.277000,,,1.857000,1.846000,1.835000,1.825000,1.814000,,,1.735000,1.726000,1.718000,1.710000,1.702000,,
0.2900,0.564000,0.575000,0.586000,0.597000,0.608000,,,0.514000,0.524000,0.534000,0.545000,0.555000,,,3.144000,3.086000,3.030000,2.976000,2.924000,,,2.992000,2.972000,2.953000,2.934000,2.915000,,,3.027000,3.105000,3.184000,3.264000,3.346000,,,1.892000,1.881000,1.870000,1.859000,1.848000,,,1.769000,1.760000,1.752000,1.744000,1.736000,,
0.3000,0.581000,0.592000,0.603000,0.614000,0.625000,,,0.530000,0.541000,0.551000,0.562000,0.573000,,,3.245000,3.187000,3.131000,3.076000,3.024000,,,3.058000,3.038000,3.019000,3.000000,2.981000,,,3.093000,3.171000,3.251000,3.332000,3.415000,,,1.927000,1.916000,1.905000,1.894000,1.883000,,,1.803000,1.795000,1.786000,1.778000,1.770000,,
0.3100,0.599000,0.610000,0.621000,0.632000,0.643000,,,0.547000,0.558000,0.568000,0.579000,0.590000,,,3.348000,3.290000,3.233000,3.178000,3.126000,,,3.124000,3.105000,3.085000,3.066000,3.047000,,,3.160000,3.239000,3.319000,3.401000,3.484000,,,1.962000,1.951000,1.940000,1.929000,1.918000,,,1.837000,1.829000,1.821000,1.812000,1.804000,,
0.3200,0.616000,0.627000,0.639000,0.650000,0.661000,,,0.564000,0.575000,0.586000,0.597000,0.608000,,,3.453000,3.394000,3.337000,3.282000,3.229000,,,3.191000,3.171000,3.152000,3.133000,3.114000,,,3.227000,3.307000,3.388000,3.471000,3.554000,,,1.997000,1.986000,1.975000,1.964000,1.953000,,,1.872000,1.864000,1.855000,1.847000,1.839000,,
0.3300,0.634000,0.645000,0.657000,0.668000,0.680000,,,0.581000,0.592000,0.603000,0.614000,0.625000,,,3.559000,3.501000,3.443000,3.388000,3.334000,,,3.259000,3.239000,3.219000,3.200000,3.181000,,,3.295000,3.375000,3.457000,3.541000,3.625000,,,2.032000,2.021000,2.010000,1.999000,1.988000,,,1.907000,1.898000,1.890000,1.881000,1.873000,,
0.3400,0.652000,0.663000,0.675000,0.686000,0.698000,,,0.599000,0.610000,0.621000,0.632000,0.643000,,,3.669000,3.609000,3.550000,3.495000,3.441000,,,3.327000,3.307000,3.287000,3.268000,3.249000,,,3.363000,3.444000,3.527000,3.611000,3.696000,,,2.068000,2.057000,2.045000,2.034000,2.023000,,,1.942000,1.933000,1.925000,1.916000,1.908000,,
0.3500,0.670000,0.681000,0.693000,0.705000,0.717000,,,0.616000,0.627000,0.639000,0.650000,0.661000,,,3.779000,3.719000,3.661000,3.604000,3.550000,,,3.395000,3.375000,3.356000,3.337000,3.317000,,,3.432000,3.514000,3.597000,3.682000,3.768000,,,2.104000,2.092000,2.081000,2.070000,2.059000,,,1.977000,1.968000,1.960000,1.951000,1.943000,,
0.3600,0.688000,0.700000,0.711000,0.723000,0.736000,,,0.634000,0.645000,0.657000,0.668000,0.680000,,,3.891000,3.830000,3.772000,3.715000,3.661000,,,3.464000,3.444000,3.425000,3.405000,3.386000,,,3.501000,3.584000,3.668000,3.753000,3.840000,,,2.140000,2.128000,2.117000,2.106000,2.094000,,,2.012000,2.003000,1.995000,1.986000,1.978000,,
0.3700,0.706000,0.718000,0.730000,0.742000,0.755000,,,0.652000,0.663000,0.675000,0.686000,0.698000,,,4.005000,3.944000,3.885000,3.828000,3.773000,,,3.534000,3.514000,3.494000,3.475000,3.456000,,,3.571000,3.654000,3.739000,3.825000,3.913000,,,2.176000,2.164000,2.153000,2.141000,2.130000,,,2.047000,2.039000,2.030000,2.022000,2.013000,,
0.3800,0.725000,0.737000,0.749000,0.761000,0.774000,,,0.670000,0.681000,0.693000,0.705000,0.717000,,,4.120000,4.059000,4.000000,3.943000,3.887000,,,3.604000,3.584000,3.564000,3.545000,3.526000,,,3.641000,3.726000,3.811000,3.898000,3.986000,,,2.212000,2.200000,2.189000,2.177000,2.166000,,,2.083000,2.074000,2.066000,2.057000,2.049000,,
0.3900,0.744000,0.756000,0.768000,0.780000,0.793000,,,0.688000,0.700000,0.711000,0.723000,0.736000,,,4.237000,4.176000,4.116000,4.058000,4.003000,,,3.675000,3.655000,3.635000,3.615000,3.596000,,,3.711000,3.797000,3.883000,3.971000,4.059000,,,2.248000,2.237000,2.225000,2.214000,2.202000,,,2.119000,2.110000,2.101000,2.093000,2.084000,,
0.4000,0.762000,0.775000,0.787000,0.800000,0.813000,,,0.706000,0.718000,0.730000,0.742000,0.755000,,,4.356000,4.294000,4.234000,4.176000,4.121000,,,3.746000,3.726000,3.706000,3.686000,3.667000,,,3.784000,3.869000,3.957000,4.044000,4.134000,,,2.285000,2.273000,2.262000,2.250000,2.239000,,,2.155000,2.146000,2.137000,2.129000,2.120000,,
0.4100,0.782000,0.794000,0.807000,0.820000,0.833000,,,0.725000,0.737000,0.749000,0.761000,0.774000,,,4.477000,4.414000,4.354000,4.296000,4.239000,,,3.817000,3.797000,3.777000,3.758000,3.738000,,,3.856000,3.942000,4.030000,4.118000,4.209000,,,2.321000,2.310000,2.298000,2.287000,2.275000,,,2.191000,2.182000,2.173000,2.165000,2.156000,,
0.4200,0.801000,0.813000,0.826000,0.839000,0.853000,,,0.744000,0.756000,0.768000,0.780000,0.793000,,,4.599000,4.536000,4.476000,4.417000,4.360000,,,3.890000,3.869000,3.849000,3.830000,3.810000,,,3.928000,4.015000,4.103000,4.193000,4.284000,,,2.358000,2.347000,2.335000,2.323000,2.312000,,,2.227000,2.218000,2.210000,2.201000,2.192000,,
0.4300,0.820000,0.833000,0.846000,0.859000,0.873000,,,0.762000,0.775000,0.787000,0.800000,0.813000,,,4.723000,4.660000,4.599000,4.540000,4.483000,,,3.962000,3.942000,3.922000,3.902000,3.884000,,,4.001000,4.089000,4.178000,4.268000,4.360000,,,2.395000,2.384000,2.372000,2.360000,2.349000,,,2.263000,2.255000,2.246000,2.237000,2.228000,,
0.4400,0.840000,0.853000,0.866000,0.880000,0.894000,,,0.782000,0.794000,0.807000,0.820000,0.833000,,,4.849000,4.785000,4.724000,4.665000,4.607000,,,4.036000,4.015000,3.995000,3.975000,3.956000,,,4.075000,4.163000,4.253000,4.344000,4.436000,,,2.432000,2.421000,2.411000,2.397000,2.386000,,,2.300000,2.291000,2.282000,2.274000,2.265000,,
0.4500,0.860000,0.873000,0.887000,0.900000,0.915000,,,0.801000,0.813000,0.826000,0.839000,0.853000,,,4.976000,4.913000,4.851000,4.791000,4.733000,,,4.109000,4.089000,4.069000,4.049000,4.029000,,,4.149000,4.238000,4.328000,4.417000,4.513000,,,2.470000,2.458000,2.446000,2.435000,2.423000,,,2.337000,2.328000,2.319000,2.310000,2.301000,,
0.4600,0.880000,0.893000,0.907000,0.921000,0.936000,,,0.820000,0.833000,0.846000,0.859000,0.873000,,,5.105000,5.041000,4.979000,4.919000,4.861000,,,4.184000,4.163000,4.143000,4.123000,4.103000,,,4.223000,4.313000,4.403000,4.496000,4.590000,,,2.508000,2.496000,2.484000,2.472000,2.460000,,,2.374000,2.365000,2.356000,2.347000,2.338000,,
0.4700,0.900000,0.914000,0.928000,0.942000,0.957000,,,0.840000,0.853000,0.866000,0.880000,0.894000,,,5.236000,5.172000,5.109000,5.049000,4.990000,,,4.258000,4.238000,4.218000,4.198000,4.178000,,,4.298000,4.387000,4.481000,4.573000,4.668000,,,2.545000,2.533000,2.522000,2.510000,2.498000,,,2.412000,2.402000,2.394000,2.384000,2.375000,,
0.4800,0.920000,0.934000,0.949000,0.963000,0.979000,,,0.860000,0.873000,0.887000,0.900000,0.915000,,,5.369000,5.304000,5.241000,5.180000,5.121000,,,4.334000,4.313000,4.293000,4.273000,4.253000,,,4.376000,4.465000,4.558000,4.651000,4.746000,,,2.583000,2.571000,2.559000,2.547000,2.535000,,,2.448000,2.439000,2.431000,2.421000,2.412000,,
0.4900,0.941000,0.956000,0.970000,0.985000,1.001000,,,0.880000,0.893000,0.907000,0.921000,0.936000,,,5.503000,5.438000,5.375000,5.314000,5.254000,,,4.409000,4.387000,4.368000,4.348000,4.328000,,,4.451000,4.542000,4.635000,4.729000,4.825000,,,2.621000,2.609000,2.597000,2.585000,2.573000,,,2.486000,2.477000,2.468000,2.459000,2.450000,,
0.5000,0.962000,0.977000,0.992000,1.007000,1.023000,,,0.900000,0.914000,0.928000,0.942000,0.957000,,,5.639000,5.574000,5.510000,5.448000,5.389000,,,4.486000,4.465000,4.445000,4.424000,4.405000,,,4.526000,4.619000,4.713000,4.808000,4.904000,,,2.659000,2.647000,2.635000,2.623000,2.611000,,,2.523000,2.514000,2.505000,2.496000,2.487000,,
0.5100,0.984000,0.998000,1.013000,1.029000,1.045000,,,0.920000,0.934000,0.949000,0.963000,0.979000,,,5.777000,5.711000,5.647000,5.585000,5.525000,,,4.563000,4.542000,4.522000,4.500000,4.481000,,,4.603000,4.697000,4.791000,4.887000,4.984000,,,2.698000,2.686000,2.674000,2.662000,2.650000,,,2.561000,2.552000,2.543000,2.534000,2.525000,,
0.5200,1.005000,1.020000,1.036000,1.052000,1.068000,,,0.941000,0.956000,0.970000,0.985000,1.001000,,,5.916000,5.850000,5.786000,5.724000,5.663000,,,4.640000,4.619000,4.599000,4.577000,4.558000,,,4.681000,4.775000,4.870000,4.966000,5.064000,,,2.736000,2.724000,2.712000,2.700000,2.688000,,,2.599000,2.590000,2.581000,2.572000,2.563000,,
0.5300,1.027000,1.042000,1.058000,1.074000,1.091000,,,0.962000,0.977000,0.992000,1.007000,1.023000,,,6.058000,5.991000,5.926000,5.864000,5.803000,,,4.718000,4.697000,4.676000,4.656000,4.636000,,,4.759000,4.854000,4.950000,5.047000,5.145000,,,2.775000,2.763000,2.751000,2.738000,2.726000,,,2.637000,2.628000,2.619000,2.610000,2.601000,,
0.5400,1.049000,1.065000,1.081000,1.097000,1.115000,,,0.984000,0.998000,1.013000,1.029000,1.045000,,,6.200000,6.133000,6.069000,6.005000,5.944000,,,4.796000,4.775000,4.754000,4.734000,4.714000,,,4.838000,4.933000,5.029000,5.127000,5.226000,,,2.814000,2.802000,2.789000,2.777000,2.765000,,,2.676000,2.666000,2.657000,2.648000,2.639000,,
0.5500,1.071000,1.087000,1.104000,1.121000,1.138000,,,1.005000,1.020000,1.036000,1.052000,1.068000,,,6.345000,6.278000,6.212000,6.149000,6.087000,,,4.875000,4.854000,4.833000,4.813000,4.792000,,,4.917000,5.013000,5.110000,5.208000,5.308000,,,2.853000,2.841000,2.828000,2.816000,2.804000,,,2.714000,2.705000,2.696000,2.686000,2.677000,,
0.5600,1.094000,1.110000,1.127000,1.144000,1.162000,,,1.027000,1.042000,1.058000,1.074000,1.091000,,,6.491000,6.424000,6.358000,6.294000,6.232000,,,4.954000,4.933000,4.912000,4.892000,4.872000,,,4.997000,5.093000,5.191000,5.290000,5.390000,,,2.892000,2.880000,2.867000,2.855000,2.843000,,,2.753000,2.743000,2.734000,2.725000,2.716000,,
0.5700,1.117000,1.133000,1.151000,1.168000,1.187000,,,1.049000,1.065000,1.081000,1.097000,1.115000,,,6.639000,6.571000,6.505000,6.441000,6.379000,,,5.034000,5.013000,4.992000,4.971000,4.951000,,,5.076000,5.173000,5.272000,5.372000,5.473000,,,2.931000,2.919000,2.907000,2.894000,2.882000,,,2.791000,2.782000,2.773000,2.763000,2.754000,,
0.5800,1.140000,1.157000,1.174000,1.193000,1.212000,,,1.071000,1.087000,1.104000,1.121000,1.138000,,,6.789000,6.721000,6.654000,6.590000,6.527000,,,5.114000,5.093000,5.072000,5.051000,5.031000,,,5.157000,5.255000,5.354000,5.454000,5.556000,,,2.971000,2.958000,2.946000,2.934000,2.921000,,,2.830000,2.821000,2.812000,2.802000,2.793000,,
0.5900,1.163000,1.181000,1.199000,1.217000,1.237000,,,1.094000,1.110000,1.127000,1.144000,1.162000,,,6.940000,6.872000,6.805000,6.740000,6.677000,,,5.195000,5.173000,5.153000,5.132000,5.112000,,,5.238000,5.336000,5.436000,5.537000,5.639000,,,3.011000,2.998000,2.986000,2.973000,2.961000,,,2.869000,2.860000,2.851000,2.841000,2.832000,,
0.6000,1.187000,1.205000,1.223000,1.242000,1.262000,,,1.117000,1.133000,1.151000,1.168000,1.187000,,,7.093000,7.024000,6.957000,6.892000,6.829000,,,5.276000,5.255000,5.234000,5.213000,5.193000,,,5.319000,5.418000,5.519000,5.621000,5.724000,,,3.050000,3.038000,3.025000,3.013000,3.000000,,,2.909000,2.899000,2.890000,2.880000,2.871000,,
0.6100,1.211000,1.229000,1.248000,1.268000,1.288000,,,1.140000,1.157000,1.174000,1.193000,1.212000,,,7.248000,7.179000,7.111000,7.046000,6.982000,,,5.358000,5.336000,5.315000,5.295000,5.274000,,,5.401000,5.501000,5.602000,5.705000,5.808000,,,3.090000,3.078000,3.065000,3.053000,3.040000,,,2.948000,2.939000,2.929000,2.920000,2.910000,,
0.6200,1.236000,1.254000,1.273000,1.293000,1.314000,,,1.163000,1.181000,1.199000,1.217000,1.237000,,,7.405000,7.335000,7.267000,7.201000,7.137000,,,5.440000,5.418000,5.397000,5.377000,5.356000,,,5.483000,5.584000,5.686000,5.789000,5.893000,,,3.131000,3.118000,3.105000,3.093000,3.080000,,,2.988000,2.978000,2.969000,2.959000,2.950000,,
0.6300,1.261000,1.279000,1.299000,1.319000,1.341000,,,1.187000,1.205000,1.223000,1.242000,1.262000,,,7.563000,7.493000,7.425000,7.358000,7.294000,,,5.522000,5.501000,5.480000,5.459000,5.439000,,,5.566000,5.668000,5.770000,5.874000,5.979000,,,3.171000,3.158000,3.145000,3.133000,3.120000,,,3.027000,3.018000,3.008000,2.999000,2.989000,,
0.6400,1.286000,1.305000,1.325000,1.346000,1.368000,,,1.211000,1.229000,1.248000,1.268000,1.288000,,,7.721000,7.652000,7.584000,7.517000,7.452000,,,5.606000,5.584000,5.563000,5.542000,5.522000,,,5.650000,5.752000,5.855000,5.959000,6.065000,,,3.211000,3.199000,3.186000,3.173000,3.160000,,,3.067000,3.058000,3.048000,3.039000,3.029000,,
0.6500,1.311000,1.331000,1.351000,1.373000,1.395000,,,1.236000,1.254000,1.273000,1.293000,1.314000,,,7.884000,7.813000,7.745000,7.678000,7.612000,,,5.689000,5.668000,5.647000,5.626000,5.605000,,,5.734000,5.836000,5.940000,6.045000,6.152000,,,3.252000,3.239000,3.226000,3.214000,3.201000,,,3.107000,3.098000,3.088000,3.078000,3.069000,,
0.6600,1.337000,1.357000,1.378000,1.400000,1.422000,,,1.261000,1.279000,1.299000,1.319000,1.341000,,,8.047000,7.976000,7.907000,7.840000,7.774000,,,5.773000,5.752000,5.731000,5.710000,5.689000,,,5.818000,5.921000,6.026000,6.132000,6.239000,,,3.293000,3.280000,3.267000,3.254000,3.241000,,,3.147000,3.138000,3.128000,3.119000,3.109000,,
0.6700,1.363000,1.384000,1.405000,1.427000,1.451000,,,1.286000,1.305000,1.325000,1.346000,1.368000,,,8.212000,8.140000,8.071000,8.003000,7.939000,,,5.858000,5.836000,5.815000,5.794000,5.773000,,,5.903000,6.007000,6.112000,6.219000,6.326000,,,3.334000,3.321000,3.308000,3.295000,3.282000,,,3.188000,3.178000,3.168000,3.159000,3.149000,,
0.6800,1.389000,1.410000,1.432000,1.455000,1.479000,,,1.311000,1.331000,1.351000,1.373000,1.395000,,,8.378000,8.306000,8.237000,8.169000,8.105000,,,5.943000,5.921000,5.900000,5.879000,5.858000,,,5.988000,6.093000,6.199000,6.306000,6.414000,,,3.375000,3.362000,3.349000,3.336000,3.323000,,,3.228000,3.219000,3.209000,3.199000,3.190000,,
0.6900,1.416000,1.438000,1.460000,1.484000,1.508000,,,1.337000,1.357000,1.378000,1.400000,1.422000,,,8.546000,8.474000,8.404000,8.336000,8.268000,,,6.029000,6.007000,5.986000,5.965000,5.944000,,,6.074000,6.180000,6.286000,6.394000,6.503000,,,3.416000,3.403000,3.390000,3.377000,3.364000,,,3.269000,3.259000,3.250000,3.240000,3.230000,,
0.7000,1.443000,1.465000,1.488000,1.512000,1.537000,,,1.363000,1.384000,1.405000,1.427000,1.451000,,,8.715000,8.644000,8.573000,8.504000,8.437000,,,6.115000,6.093000,6.072000,6.051000,6.030000,,,6.161000,6.267000,6.374000,6.482000,6.592000,,,3.457000,3.444000,3.431000,3.418000,3.405000,,,3.310000,3.300000,3.290000,3.281000,3.271000,,
0.7100,1.471000,1.493000,1.517000,1.541000,1.567000,,,1.389000,1.410000,1.432000,1.455000,1.479000,,,8.886000,8.814000,8.743000,8.674000,8.607000,,,6.201000,6.180000,6.158000,6.137000,6.116000,,,6.247000,6.354000,6.462000,6.571000,6.681000,,,3.499000,3.486000,3.473000,3.460000,3.447000,,,3.352000,3.341000,3.331000,3.321000,3.312000,,
0.7200,1.499000,1.522000,1.546000,1.571000,1.597000,,,1.416000,1.438000,1.460000,1.484000,1.508000,,,9.059000,8.986000,8.915000,8.846000,8.778000,,,6.288000,6.267000,6.245000,6.224000,6.203000,,,6.335000,6.442000,6.551000,6.660000,6.771000,,,3.541000,3.528000,3.514000,3.501000,3.488000,,,3.392000,3.382000,3.372000,3.362000,3.353000,,
0.7300,1.527000,1.551000,1.575000,1.601000,1.628000,,,1.443000,1.465000,1.488000,1.512000,1.537000,,,9.233000,9.160000,9.089000,9.019000,8.951000,,,6.376000,6.354000,6.333000,6.311000,6.290000,,,6.422000,6.531000,6.640000,6.750000,6.862000,,,3.583000,3.569000,3.556000,3.543000,3.530000,,,3.433000,3.424000,3.414000,3.404000,3.394000,,
0.7400,1.556000,1.580000,1.605000,1.632000,1.660000,,,1.471000,1.493000,1.517000,1.541000,1.567000,,,9.409000,9.335000,9.264000,9.194000,9.126000,,,6.464000,6.442000,6.421000,6.398000,6.378000,,,6.511000,6.620000,6.729000,6.841000,6.953000,,,3.625000,3.611000,3.598000,3.585000,3.572000,,,3.475000,3.465000,3.455000,3.445000,3.435000,,
0.7500,1.585000,1.610000,1.636000,1.663000,1.691000,,,1.499000,1.522000,1.546000,1.571000,1.597000,,,9.586000,9.512000,9.440000,9.370000,9.302000,,,6.553000,6.531000,6.509000,6.488000,6.466000,,,6.600000,6.709000,6.820000,6.931000,7.044000,,,3.667000,3.654000,3.640000,3.627000,3.614000,,,3.517000,3.507000,3.497000,3.487000,3.477000,,
0.7600,1.615000,1.640000,1.666000,1.694000,1.724000,,,1.527000,1.551000,1.575000,1.601000,1.628000,,,9.765000,9.691000,9.619000,9.548000,9.480000,,,6.642000,6.620000,6.598000,6.576000,6.555000,,,6.689000,6.799000,6.910000,7.023000,7.136000,,,3.709000,3.696000,3.683000,3.669000,3.656000,,,3.558000,3.548000,3.538000,3.528000,3.518000,,
0.7700,1.644000,1.670000,1.698000,1.726000,1.757000,,,1.556000,1.580000,1.605000,1.632000,1.660000,,,9.945000,9.871000,9.799000,9.728000,9.659000,,,6.731000,6.709000,6.687000,6.666000,6.645000,,,6.779000,6.889000,7.001000,7.114000,7.229000,,,3.752000,3.738000,3.725000,3.712000,3.698000,,,3.600000,3.590000,3.580000,3.570000,3.560000,,
0.7800,1.675000,1.701000,1.729000,1.759000,1.790000,,,1.585000,1.610000,1.636000,1.663000,1.691000,,,10.128000,10.054000,9.980000,9.909000,9.840000,,,6.821000,6.799000,6.777000,6.756000,6.734000,,,6.869000,6.980000,7.093000,7.207000,7.322000,,,3.794000,3.781000,3.768000,3.754000,3.741000,,,3.642000,3.632000,3.622000,3.612000,3.602000,,
0.7900,1.706000,1.733000,1.762000,1.792000,1.824000,,,1.615000,1.640000,1.666000,1.694000,1.724000,,,10.311000,10.236000,10.163000,10.091000,10.022000,,,6.911000,6.889000,6.868000,6.846000,6.825000,,,6.960000,7.072000,7.185000,7.299000,7.415000,,,3.837000,3.824000,3.810000,3.797000,3.784000,,,3.685000,3.675000,3.664000,3.654000,3.644000,,
0.8000,1.738000,1.766000,1.795000,1.826000,1.859000,,,1.644000,1.670000,1.698000,1.726000,1.757000,,,10.496000,10.421000,10.348000,10.276000,10.206000,,,7.002000,6.980000,6.958000,6.937000,6.915000,,,7.051000,7.164000,7.277000,7.393000,7.509000,,,3.880000,3.867000,3.853000,3.840000,3.826000,,,3.727000,3.717000,3.707000,3.697000,3.687000,,
0.8100,1.769000,1.798000,1.828000,1.860000,1.894000,,,1.675000,1.701000,1.729000,1.759000,1.790000,,,10.683000,10.608000,10.534000,10.462000,10.392000,,,7.094000,7.072000,7.050000,7.028000,7.007000,,,7.142000,7.256000,7.371000,7.486000,7.603000,,,3.924000,3.910000,3.896000,3.883000,3.869000,,,3.770000,3.760000,3.749000,3.739000,3.729000,,
0.8200,1.801000,1.831000,1.862000,1.895000,1.930000,,,1.706000,1.733000,1.762000,1.792000,1.824000,,,10.872000,10.796000,10.722000,10.649000,10.579000,,,7.186000,7.164000,7.142000,7.120000,7.099000,,,7.235000,7.349000,7.464000,7.581000,7.698000,,,3.967000,3.953000,3.940000,3.926000,3.913000,,,3.813000,3.802000,3.792000,3.782000,3.772000,,
0.8300,1.834000,1.865000,1.897000,1.931000,1.967000,,,1.738000,1.766000,1.795000,1.826000,1.859000,,,11.061000,10.985000,10.911000,10.839000,10.768000,,,7.278000,7.256000,7.234000,7.212000,7.191000,,,7.327000,7.442000,7.558000,7.675000,7.794000,,,4.010000,3.997000,3.983000,3.969000,3.956000,,,3.855000,3.845000,3.835000,3.825000,3.814000,,
0.8400,1.868000,1.899000,1.932000,1.967000,2.004000,,,1.769000,1.798000,1.828000,1.860000,1.894000,,,11.253000,11.177000,11.102000,11.030000,10.958000,,,7.371000,7.349000,7.327000,7.305000,7.283000,,,7.420000,7.536000,7.653000,7.770000,7.890000,,,4.054000,4.040000,4.027000,4.013000,3.999000,,,3.899000,3.888000,3.878000,3.868000,3.857000,,
0.8500,1.902000,1.934000,1.968000,2.003000,2.041000,,,1.801000,1.831000,1.862000,1.895000,1.930000,,,11.446000,11.369000,11.294000,11.221000,11.150000,,,7.465000,7.442000,7.420000,7.398000,7.377000,,,7.514000,7.630000,7.748000,7.866000,7.986000,,,4.098000,4.084000,4.070000,4.057000,4.043000,,,3.942000,3.931000,3.921000,3.911000,3.900000,,
0.8600,1.936000,1.969000,2.004000,2.041000,2.080000,,,1.834000,1.865000,1.897000,1.931000,1.967000,,,11.641000,11.564000,11.489000,11.415000,11.344000,,,7.558000,7.536000,7.514000,7.492000,7.470000,,,7.608000,7.725000,7.843000,7.962000,8.083000,,,4.142000,4.128000,4.114000,4.100000,4.087000,,,3.985000,3.975000,3.964000,3.954000,3.944000,,
0.8700,1.971000,2.005000,2.041000,2.079000,2.119000,,,1.868000,1.899000,1.932000,1.967000,2.004000,,,11.837000,11.760000,11.684000,11.610000,11.539000,,,7.653000,7.630000,7.608000,7.586000,7.565000,,,7.703000,7.820000,7.939000,8.059000,8.180000,,,4.186000,4.172000,4.158000,4.144000,4.131000,,,4.029000,4.018000,4.008000,3.997000,3.987000,,
0.8800,2.007000,2.042000,2.078000,2.117000,2.158000,,,1.902000,1.934000,1.968000,2.003000,2.041000,,,12.054000,11.977000,11.901000,11.827000,11.755000,,,7.748000,7.725000,7.703000,7.681000,7.659000,,,7.798000,7.916000,8.036000,8.156000,8.278000,,,4.230000,4.216000,4.202000,4.189000,4.175000,,,4.072000,4.062000,4.052000,4.041000,4.031000,,
0.8900,2.043000,2.079000,2.116000,2.156000,2.199000,,,1.936000,1.969000,2.004000,2.041000,2.080000,,,12.274000,12.196000,12.120000,12.046000,11.973000,,,7.843000,7.820000,7.798000,7.776000,7.754000,,,7.894000,8.012000,8.132000,8.254000,8.376000,,,4.275000,4.261000,4.247000,4.233000,4.219000,,,4.116000,4.106000,4.095000,4.085000,4.074000,,
0.9000,2.080000,2.116000,2.155000,2.196000,2.240000,,,1.971000,2.005000,2.041000,2.079000,2.119000,,,12.496000,12.418000,12.341000,12.267000,12.194000,,,7.939000,7.916000,7.894000,7.872000,7.850000,,,7.990000,8.109000,8.230000,8.352000,8.475000,,,4.319000,4.305000,4.291000,4.277000,4.263000,,,4.160000,4.150000,4.139000,4.129000,4.118000,,
0.9100,2.117000,2.155000,2.194000,2.237000,2.281000,,,2.007000,2.042000,2.078000,2.117000,2.158000,,,12.720000,12.641000,12.564000,12.489000,12.416000,,,8.035000,8.013000,7.990000,7.968000,7.946000,,,8.086000,8.206000,8.328000,8.450000,8.574000,,,4.364000,4.350000,4.336000,4.322000,4.308000,,,4.205000,4.194000,4.183000,4.172000,4.162000,,
0.9200,2.155000,2.194000,2.234000,2.278000,2.324000,,,2.043000,2.079000,2.116000,2.156000,2.199000,,,12.945000,12.866000,12.789000,12.714000,12.640000,,,8.132000,8.109000,8.087000,8.065000,8.043000,,,8.183000,8.304000,8.426000,8.550000,8.673000,,,4.409000,4.395000,4.381000,4.367000,4.353000,,,4.249000,4.238000,4.228000,4.217000,4.207000,,
0.9300,2.194000,2.233000,2.275000,2.320000,2.367000,,,2.080000,2.116000,2.155000,2.196000,2.240000,,,13.173000,13.094000,13.016000,12.940000,12.867000,,,8.229000,8.207000,8.184000,8.162000,8.140000,,,8.281000,8.402000,8.526000,8.649000,8.774000,,,4.454000,4.440000,4.426000,4.412000,4.398000,,,4.293000,4.283000,4.272000,4.262000,4.251000,,
0.9400,2.233000,2.273000,2.316000,2.362000,2.411000,,,2.117000,2.155000,2.194000,2.237000,2.281000,,,13.402000,13.320000,13.245000,13.169000,13.095000,,,8.327000,8.304000,8.282000,8.260000,8.238000,,,8.379000,8.501000,8.625000,8.749000,8.875000,,,4.499000,4.485000,4.471000,4.457000,4.443000,,,4.338000,4.327000,4.317000,4.306000,4.295000,,
0.9500,2.273000,2.314000,2.359000,2.406000,2.456000,,,2.155000,2.194000,2.234000,2.278000,2.324000,,,13.633000,13.553000,13.475000,13.400000,13.325000,,,8.425000,8.402000,8.380000,8.358000,8.336000,,,8.477000,8.600000,8.724000,8.850000,8.976000,,,4.545000,4.530000,4.516000,4.502000,4.488000,,,4.383000,4.372000,4.362000,4.351000,4.340000,,
0.9600,2.313000,2.356000,2.401000,2.450000,2.502000,,,2.194000,2.233000,2.275000,2.320000,2.367000,,,13.866000,13.785000,13.707000,13.631000,13.556000,,,8.524000,8.501000,8.479000,8.456000,8.434000,,,8.576000,8.700000,8.825000,8.951000,9.078000,,,4.590000,4.576000,4.562000,4.547000,4.533000,,,4.428000,4.417000,4.406000,4.396000,4.385000,,
0.9700,2.354000,2.398000,2.445000,2.495000,2.548000,,,2.233000,2.273000,2.316000,2.362000,2.411000,,,14.101000,14.021000,13.942000,13.865000,13.788000,,,8.623000,8.600000,8.578000,8.556000,8.534000,,,8.676000,8.800000,8.926000,9.052000,9.180000,,,4.636000,4.621000,4.608000,4.593000,4.579000,,,4.473000,4.462000,4.451000,4.441000,4.430000,,
0.9800,2.396000,2.441000,2.489000,2.540000,2.595000,,,2.273000,2.314000,2.359000,2.406000,2.456000,,,14.337000,14.257000,14.178000,14.101000,14.025000,,,8.723000,8.700000,8.677000,8.655000,8.633000,,,8.776000,8.901000,9.027000,9.154000,9.285000,,,4.682000,4.667000,4.653000,4.639000,4.624000,,,4.518000,4.508000,4.497000,4.486000,4.475000,,
0.9900,2.439000,2.485000,2.534000,2.587000,2.644000,,,2.313000,2.356000,2.401000,2.450000,2.502000,,,14.575000,14.495000,14.416000,14.338000,14.262000,,,8.823000,8.800000,8.778000,8.755000,8.733000,,,8.876000,9.001000,9.129000,9.256000,9.386000,,,4.728000,4.713000,4.699000,4.684000,4.670000,,,4.564000,4.553000,4.542000,4.531000,4.520000,,
1.0000,2.482000,2.529000,2.580000,2.634000,2.693000,,,2.354000,2.398000,2.445000,2.495000,2.548000,,,14.815000,14.734000,14.655000,14.577000,14.501000,,,8.924000,8.901000,8.878000,8.856000,8.834000,,,8.977000,9.104000,9.231000,9.360000,9.489000,,,4.774000,4.759000,4.745000,4.730000,4.716000,,,4.609000,4.598000,4.588000,4.577000,4.566000,,
1.0100,2.526000,2.575000,2.627000,2.683000,2.743000,,,2.396000,2.441000,2.489000,2.540000,2.595000,,,15.057000,14.976000,14.896000,14.818000,14.742000,,,9.026000,9.001000,8.979000,8.957000,8.938000,,,9.079000,9.206000,9.334000,9.463000,9.593000,,,4.820000,4.806000,4.791000,4.777000,4.762000,,,4.655000,4.644000,4.633000,4.622000,4.612000,,
1.0200,2.570000,2.621000,2.674000,2.732000,2.793000,,,2.439000,2.485000,2.534000,2.587000,2.644000,,,15.300000,15.219000,15.139000,15.061000,14.984000,,,9.127000,9.104000,9.083000,9.058000,9.036000,,,9.181000,9.308000,9.437000,9.567000,9.698000,,,4.867000,4.852000,4.837000,4.823000,4.808000,,,4.701000,4.690000,4.679000,4.668000,4.657000,,
1.0300,2.616000,2.668000,2.723000,2.782000,2.845000,,,2.482000,2.529000,2.580000,2.634000,2.693000,,,15.545000,15.463000,15.383000,15.305000,15.229000,,,9.229000,9.206000,9.183000,9.160000,9.138000,,,9.281000,9.411000,9.541000,9.671000,9.803000,,,4.913000,4.899000,4.884000,4.869000,4.855000,,,4.747000,4.736000,4.726000,4.714000,4.703000,,
1.0400,2.662000,2.715000,2.772000,2.833000,2.898000,,,2.526000,2.575000,2.627000,2.683000,2.743000,,,15.791000,15.710000,15.630000,15.551000,15.474000,,,9.331000,9.308000,9.285000,9.263000,9.241000,,,9.386000,9.515000,9.645000,9.776000,9.908000,,,4.960000,4.945000,4.931000,4.916000,4.901000,,,4.793000,4.782000,4.771000,4.760000,4.749000,,
1.0500,2.709000,2.764000,2.822000,2.885000,2.951000,,,2.570000,2.621000,2.674000,2.732000,2.793000,,,16.040000,15.958000,15.878000,15.799000,15.722000,,,9.434000,9.411000,9.388000,9.366000,9.343000,,,9.489000,9.619000,9.749000,9.881000,10.014000,,,5.007000,4.992000,4.977000,4.963000,4.948000,,,4.840000,4.829000,4.818000,4.807000,4.796000,,
1.0600,2.757000,2.813000,2.873000,2.937000,3.006000,,,2.616000,2.668000,2.723000,2.782000,2.845000,,,16.290000,16.208000,16.127000,16.048000,15.971000,,,9.538000,9.515000,9.492000,9.469000,9.447000,,,9.593000,9.723000,9.854000,9.987000,10.120000,,,5.054000,5.039000,5.024000,5.010000,4.995000,,,4.886000,4.875000,4.864000,4.853000,4.842000,,
1.0700,2.806000,2.863000,2.925000,2.991000,3.062000,,,2.662000,2.715000,2.772000,2.833000,2.898000,,,16.542000,16.459000,16.379000,16.299000,16.222000,,,9.642000,9.619000,9.596000,9.573000,9.551000,,,9.697000,9.828000,9.960000,10.093000,10.227000,,,5.101000,5.086000,5.072000,5.057000,5.042000,,,4.933000,4.922000,4.911000,4.900000,4.888000,,
1.0800,2.855000,2.915000,2.978000,3.046000,3.119000,,,2.709000,2.764000,2.822000,2.885000,2.951000,,,16.795000,16.713000,16.632000,16.552000,16.474000,,,9.746000,9.723000,9.700000,9.678000,9.654000,,,9.802000,9.933000,10.066000,10.199000,10.334000,,,5.148000,5.134000,5.119000,5.104000,5.089000,,,4.980000,4.969000,4.957000,4.946000,4.935000,,
1.0900,2.906000,2.967000,3.032000,3.101000,3.176000,,,2.757000,2.813000,2.873000,2.937000,3.006000,,,17.050000,16.968000,16.886000,16.807000,16.729000,,,9.851000,9.828000,9.805000,9.782000,9.760000,,,9.907000,10.039000,10.172000,10.306000,10.442000,,,5.196000,5.181000,5.166000,5.151000,5.137000,,,5.027000,5.016000,5.004000,4.993000,4.982000,,
1.1000,2.957000,3.019000,3.086000,3.158000,3.235000,,,2.806000,2.863000,2.925000,2.991000,3.062000,,,17.307000,17.223000,17.142000,17.063000,16.985000,,,9.956000,9.933000,9.910000,9.887000,9.865000,,,10.012000,10.145000,10.279000,10.414000,10.550000,,,5.244000,5.229000,5.214000,5.199000,5.184000,,,5.074000,5.063000,5.051000,5.040000,5.029000,,
1.1100,3.009000,3.073000,3.142000,3.216000,3.295000,,,2.855000,2.915000,2.978000,3.046000,3.119000,,,17.566000,17.483000,17.401000,17.321000,17.243000,,,10.062000,10.039000,10.016000,9.993000,9.971000,,,10.118000,10.252000,10.386000,10.522000,10.659000,,,5.291000,5.276000,5.261000,5.247000,5.232000,,,5.121000,5.110000,5.099000,5.087000,5.076000,,
1.1200,3.062000,3.128000,3.199000,3.274000,3.356000,,,2.906000,2.967000,3.032000,3.101000,3.176000,,,17.826000,17.743000,17.661000,17.581000,17.502000,,,10.169000,10.145000,10.122000,10.099000,10.077000,,,10.226000,10.359000,10.494000,10.630000,10.768000,,,5.339000,5.324000,5.309000,5.294000,5.279000,,,5.169000,5.157000,5.146000,5.135000,5.123000,,
1.1300,3.116000,3.184000,3.256000,3.334000,3.418000,,,2.957000,3.019000,3.086000,3.158000,3.235000,,,18.088000,18.005000,17.923000,17.842000,17.763000,,,10.275000,10.252000,10.229000,10.206000,10.183000,,,10.332000,10.467000,10.602000,10.739000,10.877000,,,5.387000,5.372000,5.357000,5.342000,5.327000,,,5.216000,5.205000,5.193000,5.182000,5.171000,,
1.1400,3.171000,3.241000,3.315000,3.395000,3.481000,,,3.009000,3.073000,3.142000,3.216000,3.295000,,,18.352000,18.268000,18.186000,18.105000,18.026000,,,10.382000,10.359000,10.336000,10.313000,10.290000,,,10.439000,10.575000,10.711000,10.849000,10.987000,,,5.436000,5.421000,5.405000,5.390000,5.375000,,,5.264000,5.252000,5.241000,5.230000,5.218000,,
1.1500,3.227000,3.298000,3.375000,3.457000,3.545000,,,3.062000,3.128000,3.199000,3.274000,3.356000,,,18.618000,18.534000,18.451000,18.370000,18.291000,,,10.490000,10.467000,10.443000,10.420000,10.399000,,,10.547000,10.683000,10.820000,10.958000,11.098000,,,5.484000,5.469000,5.454000,5.439000,5.424000,,,5.312000,5.300000,5.289000,5.277000,5.266000,,
1.1600,3.284000,3.357000,3.435000,3.520000,3.611000,,,3.116000,3.184000,3.256000,3.334000,3.418000,,,18.885000,18.801000,18.718000,18.637000,18.557000,,,10.598000,10.575000,10.551000,10.528000,10.506000,,,10.656000,10.792000,10.930000,11.069000,11.208000,,,5.533000,5.517000,5.502000,5.487000,5.472000,,,5.360000,5.348000,5.337000,5.325000,5.314000,,
1.1700,3.341000,3.417000,3.497000,3.584000,3.677000,,,3.171000,3.241000,3.315000,3.395000,3.481000,,,19.154000,19.069000,18.986000,18.905000,18.826000,,,10.707000,10.683000,10.660000,10.637000,10.614000,,,10.764000,10.901000,11.040000,11.179000,11.320000,,,5.581000,5.566000,5.551000,5.536000,5.520000,,,5.408000,5.396000,5.385000,5.373000,5.362000,,
1.1800,3.400000,3.477000,3.560000,3.649000,3.745000,,,3.227000,3.298000,3.375000,3.457000,3.545000,,,19.424000,19.340000,19.257000,19.175000,19.095000,,,10.816000,10.792000,10.769000,10.746000,10.723000,,,10.874000,11.011000,11.150000,11.290000,11.433000,,,5.630000,5.615000,5.599000,5.584000,5.569000,,,5.456000,5.445000,5.433000,5.422000,5.410000,,
1.1900,3.460000,3.539000,3.624000,3.715000,3.814000,,,3.284000,3.357000,3.435000,3.520000,3.611000,,,19.697000,19.612000,19.529000,19.447000,19.367000,,,10.925000,10.902000,10.878000,10.855000,10.832000,,,10.983000,11.122000,11.261000,11.402000,11.544000,,,5.679000,5.664000,5.648000,5.633000,5.618000,,,5.505000,5.493000,5.481000,5.470000,5.458000,,
1.2000,3.521000,3.602000,3.689000,3.783000,3.884000,,,3.341000,3.417000,3.497000,3.584000,3.677000,,,19.971000,19.886000,19.802000,19.720000,19.640000,,,11.035000,11.011000,10.988000,10.965000,10.942000,,,11.093000,11.232000,11.373000,11.514000,11.657000,,,5.728000,5.713000,5.697000,5.682000,5.667000,,,5.553000,5.542000,5.530000,5.518000,5.507000,,
1.2100,3.583000,3.666000,3.755000,3.851000,3.956000,,,3.400000,3.477000,3.560000,3.649000,3.745000,,,20.246000,20.161000,20.078000,19.995000,19.915000,,,11.145000,11.122000,11.098000,11.075000,11.052000,,,11.204000,11.344000,11.485000,11.627000,11.770000,,,5.777000,5.762000,5.747000,5.731000,5.716000,,,5.602000,5.590000,5.579000,5.567000,5.555000,,
1.2200,3.645000,3.731000,3.823000,3.922000,4.029000,,,3.460000,3.539000,3.624000,3.715000,3.814000,,,20.524000,20.438000,20.355000,20.272000,20.192000,,,11.256000,11.233000,11.209000,11.186000,11.163000,,,11.315000,11.455000,11.597000,11.740000,11.883000,,,5.827000,5.811000,5.796000,5.780000,5.765000,,,5.651000,5.639000,5.627000,5.616000,5.604000,,
1.2300,3.709000,3.797000,3.891000,3.993000,4.103000,,,3.521000,3.602000,3.689000,3.783000,3.884000,,,20.803000,20.717000,20.633000,20.551000,20.468000,,,11.367000,11.344000,11.320000,11.297000,11.274000,,,11.427000,11.568000,11.710000,11.853000,11.998000,,,5.876000,5.861000,5.845000,5.830000,5.814000,,,5.699000,5.688000,5.676000,5.665000,5.653000,,
1.2400,3.774000,3.864000,3.961000,4.065000,4.179000,,,3.583000,3.666000,3.755000,3.851000,3.956000,,,21.084000,20.998000,20.914000,20.831000,20.986000,,,11.479000,11.455000,11.432000,11.409000,11.386000,,,11.539000,11.680000,11.823000,11.967000,12.114000,,,5.926000,5.911000,5.895000,5.879000,5.864000,,,5.749000,5.737000,5.726000,5.714000,5.702000,,
1.2500,3.840000,3.933000,4.032000,4.139000,4.254000,,,3.645000,3.731000,3.823000,3.922000,4.029000,,,21.366000,21.280000,21.196000,21.274000,20.964000,,,11.591000,11.568000,11.544000,11.521000,11.498000,,,11.651000,11.793000,11.937000,12.081000,12.227000,,,5.976000,5.960000,5.945000,5.929000,5.914000,,,5.798000,5.787000,5.775000,5.763000,5.751000,,
1.2600,3.907000,4.002000,4.104000,4.214000,4.332000,,,3.709000,3.797000,3.891000,3.993000,4.103000,,,22.948000,21.564000,22.787000,22.025000,21.176000,,,11.704000,11.680000,11.657000,11.633000,11.610000,,,11.764000,11.907000,12.051000,12.196000,12.343000,,,6.026000,6.010000,5.995000,5.979000,5.963000,,,5.848000,5.836000,5.824000,5.812000,5.801000,,
1.2700,3.976000,4.073000,4.178000,4.290000,4.411000,,,3.774000,3.864000,3.961000,4.065000,4.179000,,,21.776000,21.857000,21.689000,21.526000,21.364000,,,11.817000,11.793000,11.770000,11.746000,11.723000,,,11.877000,12.021000,12.166000,12.311000,12.458000,,,6.076000,6.060000,6.045000,6.029000,6.013000,,,5.897000,5.886000,5.874000,5.862000,5.850000,,
1.2800,4.045000,4.145000,4.252000,4.368000,4.491000,,,3.840000,3.933000,4.032000,4.139000,4.254000,,,21.849000,21.857000,21.821000,21.679000,21.523000,,,11.931000,11.907000,11.883000,11.860000,11.837000,,,11.991000,12.135000,12.281000,12.427000,12.575000,,,6.126000,6.111000,6.095000,6.079000,6.064000,,,5.947000,5.935000,5.924000,5.912000,5.900000,,
1.2900,4.116000,4.218000,4.328000,4.446000,4.573000,,,3.907000,4.002000,4.104000,4.214000,4.332000,,,21.857000,21.857000,21.857000,21.788000,21.654000,,,12.045000,12.021000,11.997000,11.974000,11.951000,,,12.105000,12.250000,12.396000,12.543000,12.692000,,,6.177000,6.161000,6.145000,6.130000,6.114000,,,5.997000,5.985000,5.973000,5.962000,5.950000,,
1.3000,4.188000,4.293000,4.405000,4.526000,4.656000,,,3.976000,4.073000,4.178000,4.290000,4.411000,,,21.857000,21.857000,21.857000,23.759000,21.754000,,,12.159000,12.135000,12.112000,12.088000,12.065000,,,12.220000,12.366000,12.512000,12.660000,12.809000,,,6.227000,6.212000,6.196000,6.180000,6.164000,,,6.047000,6.035000,6.023000,6.011000,6.000000,,
1.3100,4.261000,4.368000,4.484000,4.608000,4.740000,,,4.045000,4.145000,4.252000,4.368000,4.491000,,,21.857000,21.857000,21.857000,21.857000,21.821000,,,12.274000,12.250000,12.227000,12.203000,12.180000,,,12.335000,12.481000,12.629000,12.777000,12.927000,,,6.278000,6.262000,6.246000,6.231000,6.215000,,,6.097000,6.085000,6.074000,6.062000,6.050000,,
1.3200,4.335000,4.445000,4.564000,4.690000,4.826000,,,4.116000,4.218000,4.328000,4.446000,4.573000,,,21.857000,21.857000,21.857000,21.857000,21.854000,,,12.390000,12.366000,12.342000,12.318000,12.295000,,,12.451000,12.598000,12.746000,12.895000,13.045000,,,6.329000,6.313000,6.297000,6.281000,6.266000,,,6.148000,6.136000,6.124000,6.112000,6.100000,,
1.3300,4.410000,4.523000,4.645000,4.774000,4.913000,,,4.188000,4.293000,4.405000,4.526000,4.656000,,,21.857000,21.857000,21.857000,21.857000,21.857000,,,12.505000,12.481000,12.458000,12.434000,12.411000,,,12.567000,12.714000,12.863000,13.013000,13.164000,,,6.380000,6.364000,6.348000,6.332000,6.316000,,,6.198000,6.186000,6.174000,6.162000,6.150000,,
1.3400,4.487000,4.603000,4.727000,4.859000,5.001000,,,4.261000,4.368000,4.484000,4.608000,4.740000,,,21.857000,21.857000,21.857000,21.857000,21.857000,,,12.622000,12.598000,12.574000,12.550000,12.527000,,,12.684000,12.832000,12.981000,13.131000,13.283000,,,6.431000,6.415000,6.399000,6.383000,6.367000,,,6.249000,6.237000,6.225000,6.213000,6.201000,,
1.3500,4.565000,4.684000,4.811000,4.946000,5.091000,,,4.335000,4.445000,4.564000,4.690000,4.826000,,,21.857000,21.857000,21.857000,21.857000,21.857000,,,12.739000,12.714000,12.691000,12.667000,12.644000,,,12.801000,12.949000,13.099000,13.250000,13.402000,,,6.483000,6.467000,6.451000,6.435000,6.419000,,,6.300000,6.288000,6.276000,6.264000,6.251000,,
1.3600,4.644000,4.766000,4.896000,5.034000,5.182000,,,4.410000,4.523000,4.645000,4.774000,4.913000,,,21.857000,21.857000,21.857000,21.857000,21.857000,,,12.856000,12.832000,12.808000,12.784000,12.761000,,,12.918000,13.067000,13.218000,13.369000,13.522000,,,6.534000,6.518000,6.502000,6.486000,6.470000,,,6.351000,6.339000,6.326000,6.314000,6.302000,,
1.3700,4.725000,4.849000,4.982000,5.123000,5.274000,,,4.487000,4.603000,4.727000,4.859000,5.001000,,,21.857000,21.857000,21.857000,21.857000,21.857000,,,12.973000,12.949000,12.925000,12.902000,12.878000,,,13.036000,13.186000,13.337000,13.489000,13.643000,,,6.586000,6.570000,6.553000,6.537000,6.521000,,,6.402000,6.390000,6.378000,6.365000,6.353000,,
1.3800,4.806000,4.934000,5.069000,5.214000,5.368000,,,4.565000,4.684000,4.811000,4.946000,5.091000,,,21.857000,21.857000,21.857000,21.857000,21.857000,,,13.092000,13.067000,13.043000,13.020000,12.996000,,,13.154000,13.305000,13.457000,13.610000,13.764000,,,6.637000,6.621000,6.605000,6.589000,6.573000,,,6.453000,6.441000,6.429000,6.417000,6.405000,,
1.3900,4.890000,5.020000,5.158000,5.306000,5.462000,,,4.644000,4.766000,4.896000,5.034000,5.182000,,,21.857000,21.857000,21.857000,21.857000,21.857000,,,13.210000,13.186000,13.162000,13.138000,13.115000,,,13.273000,13.424000,13.577000,13.730000,13.885000,,,6.689000,6.673000,6.657000,6.641000,6.625000,,,6.504000,6.492000,6.480000,6.468000,6.456000,,
1.4000,4.974000,5.107000,5.249000,5.399000,5.559000,,,4.725000,4.849000,4.982000,5.123000,5.274000,,,21.857000,21.857000,21.857000,21.857000,21.857000,,,13.329000,13.305000,13.281000,13.257000,13.234000,,,13.392000,13.544000,13.697000,13.852000,14.007000,,,6.741000,6.725000,6.709000,6.692000,6.677000,,,6.556000,6.544000,6.532000,6.519000,6.507000,,
1.4100,5.060000,5.196000,5.340000,5.494000,5.657000,,,4.806000,4.934000,5.069000,5.214000,5.368000,,,21.857000,21.857000,21.857000,21.857000,21.857000,,,13.449000,13.424000,13.400000,13.377000,13.353000,,,13.512000,13.665000,13.818000,13.973000,14.129000,,,6.794000,6.777000,6.761000,6.745000,6.729000,,,6.608000,6.595000,6.583000,6.571000,6.559000,,
1.4200,5.147000,5.286000,5.433000,5.591000,5.756000,,,4.890000,5.020000,5.158000,5.306000,5.462000,,,21.857000,21.857000,21.857000,21.857000,21.857000,,,13.569000,13.544000,13.520000,13.497000,13.473000,,,13.632000,13.785000,13.940000,14.095000,14.252000,,,6.846000,6.830000,6.813000,6.797000,6.781000,,,6.660000,6.647000,6.635000,6.623000,6.610000,,
1.4300,5.235000,5.377000,5.528000,5.687000,5.857000,,,4.974000,5.107000,5.249000,5.399000,5.559000,,,21.857000,21.857000,21.857000,21.857000,21.857000,,,13.689000,13.665000,13.641000,13.617000,13.593000,,,13.753000,13.907000,14.062000,14.218000,14.375000,,,6.899000,6.882000,6.866000,6.849000,6.833000,,,6.712000,6.699000,6.687000,6.674000,6.662000,,
1.4400,5.325000,5.470000,5.623000,5.786000,5.959000,,,5.060000,5.196000,5.340000,5.494000,5.657000,,,21.857000,21.857000,21.857000,21.857000,21.857000,,,13.810000,13.786000,13.761000,13.738000,13.714000,,,13.874000,14.029000,14.184000,14.341000,14.499000,,,6.951000,6.935000,6.918000,6.902000,6.886000,,,6.764000,6.751000,6.739000,6.727000,6.714000,,
1.4500,5.416000,5.564000,5.721000,5.886000,6.062000,,,5.147000,5.286000,5.433000,5.591000,5.756000,,,21.857000,21.857000,21.857000,21.857000,21.857000,,,13.931000,13.907000,13.883000,13.859000,13.835000,,,13.996000,14.151000,14.307000,14.464000,14.623000,,,7.004000,6.987000,6.971000,6.955000,6.938000,,,6.816000,6.803000,6.791000,6.779000,6.766000,,
1.4600,5.508000,5.658000,5.819000,5.988000,6.167000,,,5.235000,5.377000,5.528000,5.687000,5.857000,,,21.857000,21.857000,21.857000,21.857000,21.857000,,,14.053000,14.029000,14.004000,13.981000,13.957000,,,14.118000,14.273000,14.430000,14.588000,14.748000,,,7.057000,7.040000,7.024000,7.007000,6.991000,,,6.868000,6.856000,6.843000,6.831000,6.819000,,
1.4700,5.602000,5.755000,5.919000,6.091000,6.273000,,,5.325000,5.470000,5.623000,5.786000,5.959000,,,21.857000,21.857000,21.857000,21.857000,21.857000,,,14.175000,14.151000,14.127000,14.103000,14.079000,,,14.240000,14.396000,14.554000,14.713000,14.871000,,,7.110000,7.093000,7.077000,7.060000,7.044000,,,6.921000,6.908000,6.896000,6.883000,6.871000,,
1.4800,5.697000,5.854000,6.020000,6.195000,6.380000,,,5.416000,5.564000,5.721000,5.886000,6.062000,,,21.857000,21.857000,21.857000,21.857000,21.857000,,,14.298000,14.273000,14.249000,14.225000,14.202000,,,14.363000,14.520000,14.678000,14.838000,14.998000,,,7.163000,7.147000,7.130000,7.113000,7.097000,,,6.974000,6.961000,6.949000,6.936000,6.924000,,
1.4900,5.793000,5.953000,6.123000,6.301000,6.489000,,,5.508000,5.658000,5.819000,5.988000,6.167000,,,21.857000,21.857000,21.857000,21.857000,21.857000,,,14.421000,14.397000,14.372000,14.348000,14.325000,,,14.486000,14.644000,14.803000,14.963000,15.124000,,,7.217000,7.200000,7.183000,7.167000,7.150000,,,7.026000,7.014000,7.001000,6.989000,6.976000,,
1.5000,5.891000,6.054000,6.226000,6.408000,6.600000,,,5.602000,5.755000,5.919000,6.091000,6.273000,,,21.857000,21.857000,21.857000,21.857000,21.857000,,,14.545000,14.520000,14.496000,14.472000,14.448000,,,14.610000,14.769000,14.928000,15.089000,15.251000,,,7.270000,7.253000,7.237000,7.220000,7.203000,,,7.079000,7.067000,7.054000,7.042000,7.029000,,
1.5100,5.990000,6.155000,6.332000,6.517000,6.711000,,,5.697000,5.854000,6.020000,6.195000,6.380000,,,21.857000,21.857000,21.857000,21.857000,21.857000,,,14.669000,14.644000,14.620000,14.596000,14.572000,,,14.734000,14.893000,15.054000,15.215000,15.377000,,,7.324000,7.307000,7.290000,7.274000,7.257000,,,7.133000,7.120000,7.107000,7.095000,7.082000,,
1.5200,6.090000,6.260000,6.439000,6.627000,6.824000,,,5.793000,5.953000,6.123000,6.301000,6.489000,,,21.857000,21.857000,21.857000,21.857000,21.857000,,,14.793000,14.769000,14.744000,14.720000,14.697000,,,14.859000,15.019000,15.181000,15.342000,15.505000,,,7.378000,7.361000,7.345000,7.329000,7.311000,,,7.186000,7.173000,7.161000,7.148000,7.135000,,
1.5300,6.193000,6.365000,6.547000,6.738000,6.939000,,,5.891000,6.054000,6.226000,6.408000,6.600000,,,21.857000,21.857000,21.857000,21.857000,21.857000,,,14.918000,14.894000,14.869000,14.845000,14.821000,,,14.984000,15.145000,15.306000,15.465000,15.632000,,,7.432000,7.415000,7.398000,7.381000,7.363000,,,7.239000,7.227000,7.214000,7.201000,7.189000,,
1.5400,6.296000,6.471000,6.656000,6.851000,7.054000,,,5.990000,6.155000,6.332000,6.517000,6.711000,,,21.857000,21.857000,21.857000,21.857000,21.857000,,,15.043000,15.019000,14.995000,14.971000,14.947000,,,15.110000,15.271000,15.433000,15.596000,15.760000,,,7.486000,7.469000,7.452000,7.435000,7.418000,,,7.292000,7.280000,7.267000,7.255000,7.242000,,
1.5500,6.400000,6.579000,6.767000,6.965000,7.172000,,,6.090000,6.260000,6.439000,6.627000,6.824000,,,21.857000,21.857000,21.857000,21.857000,21.857000,,,15.169000,15.145000,15.120000,15.096000,15.072000,,,15.236000,15.400000,15.560000,15.724000,15.889000,,,7.540000,7.523000,7.506000,7.489000,7.472000,,,7.347000,7.333000,7.321000,7.309000,7.296000,,
1.5600,6.507000,6.688000,6.880000,7.081000,7.291000,,,6.193000,6.365000,6.547000,6.738000,6.939000,,,21.857000,21.857000,21.857000,21.857000,21.857000,,,15.295000,15.271000,15.247000,15.223000,15.199000,,,15.363000,15.525000,15.688000,15.853000,16.018000,,,7.594000,7.577000,7.560000,7.543000,7.526000,,,7.400000,7.388000,7.375000,7.361000,7.349000,,
1.5700,6.614000,6.799000,6.993000,7.199000,7.411000,,,6.296000,6.471000,6.656000,6.851000,7.054000,,,21.857000,21.857000,21.857000,21.857000,21.857000,,,15.420000,15.400000,15.373000,15.351000,15.323000,,,15.490000,15.652000,15.816000,15.981000,16.147000,,,7.649000,7.632000,7.615000,7.598000,7.581000,,,7.454000,7.442000,7.429000,7.416000,7.403000,,
1.5800,6.723000,6.910000,7.109000,7.316000,7.533000,,,6.400000,6.579000,6.767000,6.965000,7.172000,,,21.857000,21.857000,21.857000,21.857000,21.857000,,,15.550000,15.525000,15.501000,15.476000,15.452000,,,15.617000,15.785000,15.945000,16.111000,16.277000,,,7.703000,7.686000,7.669000,7.652000,7.635000,,,7.509000,7.496000,7.483000,7.470000,7.457000,,
1.5900,6.833000,7.024000,7.225000,7.435000,7.656000,,,6.507000,6.688000,6.880000,7.081000,7.291000,,,21.857000,21.857000,21.857000,21.857000,21.857000,,,15.677000,15.653000,15.627000,15.604000,15.580000,,,15.745000,15.909000,16.074000,16.240000,16.407000,,,7.758000,7.741000,7.724000,7.707000,7.690000,,,7.563000,7.550000,7.537000,7.524000,7.511000,,
1.6000,6.945000,7.139000,7.343000,7.557000,7.781000,,,6.614000,6.799000,6.993000,7.199000,7.411000,,,21.857000,21.857000,21.857000,21.857000,21.857000,,,15.805000,15.785000,15.756000,15.732000,15.708000,,,15.873000,16.038000,16.203000,16.369000,16.538000,,,7.813000,7.796000,7.779000,7.762000,7.744000,,,7.617000,7.604000,7.591000,7.579000,7.566000,,
1.6100,7.058000,7.255000,7.463000,7.680000,7.907000,,,6.723000,6.910000,7.109000,7.316000,7.533000,,,21.857000,21.857000,21.857000,21.857000,21.857000,,,15.933000,15.909000,15.885000,15.860000,15.836000,,,16.002000,16.167000,16.333000,16.501000,16.669000,,,7.868000,7.851000,7.834000,7.817000,7.799000,,,7.672000,7.659000,7.646000,7.633000,7.620000,,
1.6200,7.172000,7.373000,7.583000,7.804000,8.034000,,,6.833000,7.024000,7.225000,7.435000,7.656000,,,21.857000,21.857000,21.857000,21.857000,21.857000,,,16.063000,16.038000,16.013000,15.989000,15.965000,,,16.131000,16.297000,16.464000,16.632000,16.801000,,,7.923000,7.906000,7.889000,7.871000,7.854000,,,7.726000,7.713000,7.701000,7.688000,7.675000,,
1.6300,7.288000,7.492000,7.706000,7.930000,8.163000,,,6.945000,7.139000,7.343000,7.557000,7.781000,,,21.857000,21.857000,21.857000,21.857000,21.857000,,,16.192000,16.167000,16.143000,16.118000,16.094000,,,16.261000,16.427000,16.594000,16.763000,16.932000,,,7.978000,7.961000,7.944000,7.927000,7.909000,,,7.781000,7.768000,7.755000,7.742000,7.729000,,
1.6400,7.405000,7.612000,7.828000,8.056000,8.293000,,,7.058000,7.255000,7.463000,7.680000,7.907000,,,21.857000,21.857000,21.857000,21.857000,21.857000,,,16.322000,16.297000,16.272000,16.248000,16.224000,,,16.390000,16.557000,16.725000,16.895000,17.065000,,,8.034000,8.016000,7.999000,7.982000,7.965000,,,7.836000,7.823000,7.810000,7.797000,7.784000,,
1.6500,7.524000,7.734000,7.954000,8.185000,8.425000,,,7.172000,7.373000,7.583000,7.804000,8.034000,,,21.857000,21.857000,21.857000,21.857000,21.857000,,,16.452000,16.427000,16.402000,16.378000,16.354000,,,16.521000,16.688000,16.857000,17.027000,17.197000,,,8.089000,8.072000,8.055000,8.037000,8.020000,,,7.891000,7.878000,7.865000,7.852000,7.839000,,
1.6600,7.644000,7.857000,8.081000,8.314000,8.558000,,,7.288000,7.492000,7.706000,7.930000,8.163000,,,21.857000,21.857000,21.857000,21.857000,21.857000,,,16.582000,16.557000,16.533000,16.509000,16.484000,,,16.652000,16.820000,16.989000,17.159000,17.330000,,,8.145000,8.127000,8.110000,8.093000,8.075000,,,7.946000,7.933000,7.920000,7.907000,7.894000,,
1.6700,7.765000,7.982000,8.209000,8.446000,8.692000,,,7.405000,7.612000,7.828000,8.056000,8.293000,,,21.857000,21.857000,21.857000,21.857000,21.857000,,,16.713000,16.688000,16.664000,16.639000,16.615000,,,16.783000,16.951000,17.122000,17.292000,17.464000,,,8.201000,8.183000,8.166000,8.148000,8.131000,,,8.002000,7.989000,7.975000,7.962000,7.949000,,
1.6800,7.888000,8.108000,8.338000,8.578000,8.828000,,,7.524000,7.734000,7.954000,8.185000,8.425000,,,21.857000,21.857000,21.857000,21.857000,21.857000,,,16.845000,16.820000,16.795000,16.771000,16.747000,,,16.914000,17.084000,17.254000,17.426000,17.598000,,,8.257000,8.239000,8.222000,8.204000,8.187000,,,8.057000,8.044000,8.031000,8.018000,8.005000,,
1.6900,8.012000,8.236000,8.469000,8.712000,8.966000,,,7.644000,7.857000,8.081000,8.314000,8.558000,,,21.857000,21.857000,21.857000,21.857000,21.857000,,,16.976000,16.952000,16.927000,16.902000,16.878000,,,17.046000,17.216000,17.387000,17.559000,17.733000,,,8.313000,8.295000,8.278000,8.261000,8.242000,,,8.113000,8.100000,8.086000,8.073000,8.060000,,
1.7000,8.138000,8.365000,8.601000,8.848000,9.106000,,,7.765000,7.982000,8.209000,8.446000,8.692000,,,21.857000,21.857000,21.857000,21.857000,21.857000,,,17.109000,17.084000,17.059000,17.035000,17.010000,,,17.179000,17.349000,17.521000,17.694000,17.867000,,,8.369000,8.351000,8.334000,8.316000,8.299000,,,8.168000,8.155000,8.142000,8.129000,8.116000,,
1.7100,8.265000,8.495000,8.735000,8.985000,9.245000,,,7.888000,8.108000,8.338000,8.578000,8.828000,,,21.857000,21.857000,21.857000,21.857000,21.857000,,,17.241000,17.216000,17.192000,17.167000,17.143000,,,17.312000,17.483000,17.655000,17.828000,18.003000,,,8.425000,8.408000,8.390000,8.372000,8.355000,,,8.224000,8.211000,8.198000,8.185000,8.171000,,
1.7200,8.394000,8.627000,8.870000,9.123000,9.386000,,,8.012000,8.236000,8.469000,8.712000,8.966000,,,21.857000,21.857000,21.857000,21.857000,21.857000,,,17.374000,17.349000,17.325000,17.300000,17.276000,,,17.445000,17.617000,17.789000,17.963000,18.138000,,,8.482000,8.464000,8.446000,8.429000,8.411000,,,8.280000,8.267000,8.254000,8.241000,8.227000,,
1.7300,8.524000,8.760000,9.007000,9.263000,9.530000,,,8.138000,8.365000,8.601000,8.848000,9.106000,,,21.857000,21.857000,21.857000,21.857000,21.857000,,,17.508000,17.483000,17.458000,17.434000,17.409000,,,17.578000,17.751000,17.924000,18.099000,18.274000,,,8.538000,8.520000,8.503000,8.485000,8.468000,,,8.336000,8.323000,8.310000,8.297000,8.283000,,
1.7400,8.655000,8.897000,9.145000,9.405000,9.674000,,,8.265000,8.495000,8.735000,8.985000,9.245000,,,21.857000,21.857000,21.857000,21.857000,21.857000,,,17.642000,17.617000,17.592000,17.567000,17.543000,,,17.713000,17.885000,18.059000,18.234000,18.411000,,,8.595000,8.577000,8.559000,8.542000,8.524000,,,8.393000,8.379000,8.366000,8.353000,8.339000,,
1.7500,8.788000,9.031000,9.284000,9.547000,9.820000,,,8.394000,8.627000,8.870000,9.123000,9.386000,,,21.857000,21.857000,21.857000,21.857000,21.857000,,,17.776000,17.751000,17.726000,17.702000,17.677000,,,17.847000,18.021000,18.195000,18.371000,18.547000,,,8.652000,8.634000,8.616000,8.599000,8.581000,,,8.449000,8.436000,8.422000,8.409000,8.396000,,
1.7600,8.922000,9.168000,9.425000,9.691000,9.968000,,,8.524000,8.760000,9.007000,9.263000,9.530000,,,21.857000,21.857000,21.857000,21.857000,21.857000,,,17.911000,17.886000,17.861000,17.836000,17.812000,,,17.982000,18.156000,18.331000,18.507000,18.685000,,,8.709000,8.691000,8.673000,8.655000,8.638000,,,8.506000,8.492000,8.479000,8.465000,8.452000,,
1.7700,9.058000,9.308000,9.567000,9.837000,10.117000,,,8.655000,8.897000,9.145000,9.405000,9.674000,,,21.857000,21.857000,21.857000,21.857000,21.857000,,,18.046000,18.021000,17.996000,17.971000,17.947000,,,18.117000,18.292000,18.468000,18.645000,18.824000,,,8.766000,8.748000,8.730000,8.712000,8.695000,,,8.562000,8.549000,8.535000,8.522000,8.509000,,
1.7800,9.196000,9.448000,9.711000,9.983000,10.267000,,,8.788000,9.031000,9.284000,9.547000,9.820000,,,21.857000,21.857000,21.857000,21.857000,21.857000,,,18.181000,18.156000,18.131000,18.107000,18.082000,,,18.253000,18.428000,18.605000,18.782000,18.961000,,,8.823000,8.805000,8.787000,8.769000,8.752000,,,8.619000,8.605000,8.592000,8.579000,8.565000,,
1.7900,9.334000,9.590000,9.856000,10.133000,10.419000,,,8.922000,9.168000,9.425000,9.691000,9.968000,,,21.857000,21.857000,21.857000,21.857000,21.857000,,,18.317000,18.292000,18.267000,18.243000,18.218000,,,18.389000,18.565000,18.742000,18.920000,19.099000,,,8.880000,8.862000,8.845000,8.827000,8.810000,,,8.676000,8.662000,8.649000,8.635000,8.622000,,
1.8000,9.474000,9.734000,10.003000,10.283000,10.572000,,,9.058000,9.308000,9.567000,9.837000,10.117000,,,21.857000,21.857000,21.857000,21.857000,21.857000,,,18.453000,18.428000,18.404000,18.379000,18.355000,,,18.526000,18.702000,18.880000,19.058000,19.238000,,,8.938000,8.920000,8.902000,8.884000,8.866000,,,8.733000,8.719000,8.706000,8.692000,8.679000,,
1.8100,9.616000,9.878000,10.152000,10.434000,10.725000,,,9.196000,9.448000,9.711000,9.983000,10.267000,,,21.857000,21.857000,21.857000,21.857000,21.857000,,,18.590000,18.565000,18.540000,18.516000,18.491000,,,18.663000,18.840000,19.018000,19.197000,19.377000,,,8.995000,8.977000,8.959000,8.942000,8.924000,,,8.790000,8.776000,8.763000,8.749000,8.736000,,
1.8200,9.758000,10.025000,10.301000,10.587000,10.883000,,,9.334000,9.590000,9.856000,10.133000,10.419000,,,21.857000,21.857000,21.857000,21.857000,21.857000,,,18.727000,18.702000,18.677000,18.653000,18.628000,,,18.800000,18.978000,19.156000,19.336000,19.517000,,,9.053000,9.035000,9.017000,8.999000,8.981000,,,8.847000,8.834000,8.820000,8.807000,8.793000,,
1.8300,9.903000,10.172000,10.452000,10.741000,11.041000,,,9.474000,9.734000,10.003000,10.283000,10.572000,,,21.857000,21.857000,21.857000,21.857000,21.857000,,,18.865000,18.840000,18.815000,18.790000,18.766000,,,18.938000,19.116000,19.295000,19.476000,19.657000,,,9.111000,9.093000,9.075000,9.057000,9.039000,,,8.905000,8.891000,8.877000,8.864000,8.850000,,
1.8400,10.049000,10.321000,10.604000,10.897000,11.199000,,,9.616000,9.878000,10.152000,10.434000,10.725000,,,21.857000,21.857000,21.857000,21.857000,21.857000,,,19.003000,18.978000,18.953000,18.928000,18.904000,,,19.076000,19.255000,19.435000,19.616000,19.798000,,,9.169000,9.151000,9.133000,9.115000,9.097000,,,8.962000,8.949000,8.935000,8.921000,8.908000,,
1.8500,10.196000,10.472000,10.758000,11.054000,11.360000,,,9.758000,10.025000,10.301000,10.587000,10.883000,,,21.857000,21.857000,21.857000,21.857000,21.857000,,,19.141000,19.116000,19.091000,19.067000,19.042000,,,19.215000,19.392000,19.575000,19.756000,19.939000,,,9.227000,9.209000,9.191000,9.173000,9.155000,,,9.020000,9.006000,8.993000,8.979000,8.965000,,
1.8600,10.345000,10.624000,10.915000,11.212000,11.522000,,,9.903000,10.172000,10.452000,10.741000,11.041000,,,21.857000,21.857000,21.857000,21.857000,21.857000,,,19.280000,19.255000,19.228000,19.205000,19.181000,,,19.354000,19.534000,19.715000,19.897000,20.080000,,,9.285000,9.267000,9.249000,9.231000,9.213000,,,9.078000,9.064000,9.050000,9.037000,9.023000,,
1.8700,10.495000,10.777000,11.070000,11.372000,11.685000,,,10.049000,10.321000,10.604000,10.897000,11.199000,,,21.857000,21.857000,21.857000,21.857000,21.857000,,,19.419000,19.392000,19.369000,19.345000,19.320000,,,19.493000,19.674000,19.855000,20.038000,20.222000,,,9.344000,9.326000,9.307000,9.289000,9.271000,,,9.136000,9.122000,9.108000,9.094000,9.081000,,
1.8800,10.646000,10.932000,11.228000,11.534000,11.850000,,,10.196000,10.472000,10.758000,11.054000,11.360000,,,21.857000,21.857000,21.857000,21.857000,21.857000,,,19.560000,19.534000,19.509000,19.484000,19.460000,,,19.633000,19.814000,19.996000,20.180000,20.364000,,,9.402000,9.384000,9.366000,9.348000,9.330000,,,9.194000,9.180000,9.166000,9.152000,9.139000,,
1.8900,10.799000,11.089000,11.388000,11.697000,12.016000,,,10.345000,10.624000,10.915000,11.212000,11.522000,,,21.857000,21.857000,21.857000,21.857000,21.857000,,,19.560000,19.534000,19.509000,19.484000,19.460000,,,19.773000,19.955000,20.138000,20.322000,20.507000,,,,,,,,,,9.252000,9.238000,9.224000,9.211000,9.197000,,
1.9000,10.954000,11.246000,11.549000,11.861000,12.184000,,,10.495000,10.777000,11.070000,11.372000,11.685000,,,21.857000,21.857000,21.857000,21.857000,21.857000,,,19.560000,19.534000,19.509000,19.484000,19.460000,,,19.914000,20.096000,20.280000,20.464000,20.650000,,,,,,,,,,9.310000,9.296000,9.283000,9.269000,9.255000,,
1.9100,11.109000,11.405000,11.711000,12.027000,12.352000,,,10.646000,10.932000,11.228000,11.534000,11.850000,,,21.857000,21.857000,21.857000,21.857000,21.857000,,,19.560000,19.534000,19.509000,19.484000,19.460000,,,20.055000,20.238000,20.422000,20.607000,20.794000,,,,,,,,,,9.369000,9.355000,9.341000,9.327000,9.313000,,
1.9200,11.267000,11.566000,11.875000,12.194000,12.523000,,,10.799000,11.089000,11.388000,11.697000,12.016000,,,21.857000,21.857000,21.857000,21.857000,21.857000,,,19.560000,19.534000,19.509000,19.484000,19.460000,,,20.197000,20.380000,20.565000,20.751000,20.937000,,,,,,,,,,9.427000,9.413000,9.399000,9.386000,9.372000,,
1.9300,11.426000,11.728000,12.041000,12.362000,12.695000,,,10.954000,11.246000,11.549000,11.861000,12.184000,,,21.857000,21.857000,21.857000,21.857000,21.857000,,,19.560000,19.534000,19.509000,19.484000,19.460000,,,20.339000,20.523000,20.708000,20.894000,21.082000,,,,,,,,,,9.486000,9.472000,9.458000,9.444000,9.430000,,
1.9400,11.586000,11.892000,12.208000,12.533000,12.870000,,,11.109000,11.405000,11.711000,12.027000,12.352000,,,21.857000,21.857000,21.857000,21.857000,21.857000,,,19.560000,19.534000,19.509000,19.484000,19.460000,,,20.481000,20.666000,20.851000,21.038000,21.226000,,,,,,,,,,9.545000,9.531000,9.517000,9.503000,9.489000,,
1.9500,11.748000,12.057000,12.376000,12.704000,13.044000,,,11.267000,11.566000,11.875000,12.194000,12.523000,,,21.857000,21.857000,21.857000,21.857000,21.857000,,,19.560000,19.534000,19.509000,19.484000,19.460000,,,20.624000,20.809000,20.995000,21.183000,21.372000,,,,,,,,,,9.604000,9.590000,9.576000,9.562000,9.548000,,
1.9600,11.911000,12.223000,12.545000,12.878000,13.220000,,,11.426000,11.728000,12.041000,12.362000,12.695000,,,21.857000,21.857000,21.857000,21.857000,21.857000,,,19.560000,19.534000,19.509000,19.484000,19.460000,,,20.767000,20.953000,21.140000,21.328000,21.517000,,,,,,,,,,9.663000,9.649000,9.635000,9.621000,9.607000,,
1.9700,12.075000,12.391000,12.717000,13.052000,13.398000,,,11.586000,11.892000,12.208000,12.533000,12.870000,,,21.857000,21.857000,21.857000,21.857000,21.857000,,,19.560000,19.534000,19.509000,19.484000,19.460000,,,20.910000,21.097000,21.284000,21.473000,21.663000,,,,,,,,,,9.722000,9.708000,9.694000,9.680000,9.666000,,
1.9800,12.241000,12.560000,12.889000,13.229000,13.577000,,,11.748000,12.057000,12.376000,12.704000,13.044000,,,21.857000,21.857000,21.857000,21.857000,21.857000,,,19.560000,19.534000,19.509000,19.484000,19.460000,,,21.054000,21.241000,21.430000,21.619000,21.809000,,,,,,,,,,9.781000,9.767000,9.753000,9.739000,9.725000,,
1.9900,12.409000,12.731000,13.063000,13.405000,13.757000,,,11.911000,12.223000,12.545000,12.878000,13.220000,,,21.857000,21.857000,21.857000,21.857000,21.857000,,,19.560000,19.534000,19.509000,19.484000,19.460000,,,21.199000,21.386000,21.575000,21.765000,21.956000,,,,,,,,,,9.841000,9.827000,9.813000,9.799000,9.785000,,
2.0000,12.578000,12.903000,13.239000,13.584000,13.939000,,,12.075000,12.391000,12.717000,13.052000,13.398000,,,21.857000,21.857000,21.857000,21.857000,21.857000,,,19.560000,19.534000,19.509000,19.484000,19.460000,,,21.344000,21.532000,21.721000,21.912000,22.103000,,,,,,,,,,9.900000,9.886000,9.872000,9.858000,9.844000,,
2.0100,12.747000,13.077000,13.416000,13.764000,14.123000,,,12.241000,12.560000,12.889000,13.229000,13.577000,,,21.857000,21.857000,21.857000,21.857000,21.857000,,,19.560000,19.534000,19.509000,19.484000,19.460000,,,21.489000,21.678000,21.868000,22.059000,22.251000,,,,,,,,,,9.960000,9.946000,9.932000,9.918000,9.904000,,
2.0200,12.920000,13.252000,13.594000,13.946000,14.308000,,,12.409000,12.731000,13.063000,13.405000,13.757000,,,21.857000,21.857000,21.857000,21.857000,21.857000,,,19.560000,19.534000,19.509000,19.484000,19.460000,,,21.634000,21.824000,22.015000,22.206000,22.399000,,,,,,,,,,10.020000,10.006000,9.992000,9.978000,9.964000,,
2.0300,13.093000,13.428000,13.774000,14.129000,14.494000,,,12.578000,12.903000,13.239000,13.584000,13.939000,,,21.857000,21.857000,21.857000,21.857000,21.857000,,,19.560000,19.534000,19.509000,19.484000,19.460000,,,21.780000,21.971000,22.162000,22.354000,22.548000,,,,,,,,,,10.080000,10.066000,10.052000,10.038000,10.023000,,
2.0400,13.268000,13.606000,13.955000,14.313000,14.681000,,,12.747000,13.077000,13.416000,13.764000,14.123000,,,21.857000,21.857000,21.857000,21.857000,21.857000,,,19.560000,19.534000,19.509000,19.484000,19.460000,,,21.927000,22.117000,22.309000,22.502000,22.696000,,,,,,,,,,10.140000,10.126000,10.112000,10.098000,10.083000,,
2.0500,13.444000,13.786000,14.137000,14.500000,14.871000,,,12.920000,13.252000,13.594000,13.946000,14.308000,,,21.857000,21.857000,21.857000,21.857000,21.857000,,,19.560000,19.534000,19.509000,19.484000,19.460000,,,22.074000,22.265000,22.458000,22.651000,22.846000,,,,,,,,,,10.201000,10.186000,10.172000,10.158000,10.144000,,
2.0600,13.621000,13.966000,14.321000,14.686000,15.061000,,,13.093000,13.428000,13.774000,14.129000,14.494000,,,21.857000,21.857000,21.857000,21.857000,21.857000,,,19.560000,19.534000,19.509000,19.484000,19.460000,,,22.221000,22.413000,22.606000,22.800000,22.995000,,,,,,,,,,10.261000,10.247000,10.232000,10.218000,10.204000,,
2.0700,13.800000,14.149000,14.507000,14.875000,15.253000,,,13.268000,13.606000,13.955000,14.313000,14.681000,,,21.857000,21.857000,21.857000,21.857000,21.857000,,,19.560000,19.534000,19.509000,19.484000,19.460000,,,22.369000,22.561000,22.755000,22.950000,23.146000,,,,,,,,,,10.321000,10.307000,10.293000,10.279000,10.264000,,
2.0800,13.980000,14.332000,14.694000,15.065000,15.446000,,,13.444000,13.786000,14.137000,14.500000,14.871000,,,21.857000,21.857000,21.857000,21.857000,21.857000,,,19.560000,19.534000,19.509000,19.484000,19.460000,,,22.517000,22.710000,22.904000,23.100000,23.296000,,,,,,,,,,10.382000,10.368000,10.353000,10.339000,10.325000,,
2.0900,14.162000,14.517000,14.882000,15.257000,15.641000,,,13.621000,13.966000,14.321000,14.686000,15.061000,,,21.857000,21.857000,21.857000,21.857000,21.857000,,,19.560000,19.534000,19.509000,19.484000,19.460000,,,22.665000,22.859000,23.054000,23.250000,23.447000,,,,,,,,,,10.443000,10.428000,10.414000,10.400000,10.385000,,
2.1000,14.345000,14.704000,15.072000,15.450000,15.837000,,,13.800000,14.149000,14.507000,14.875000,15.253000,,,21.857000,21.857000,21.857000,21.857000,21.857000,,,19.560000,19.534000,19.509000,19.484000,19.460000,,,22.814000,23.009000,23.204000,23.401000,23.597000,,,,,,,,,,10.504000,10.489000,10.475000,10.461000,10.446000,,
2.1100,14.530000,14.892000,15.263000,15.645000,16.035000,,,13.980000,14.332000,14.694000,15.065000,15.446000,,,21.857000,21.857000,21.857000,21.857000,21.857000,,,19.560000,19.534000,19.509000,19.484000,19.460000,,,22.964000,23.159000,23.355000,23.552000,23.742000,,,,,,,,,,10.565000,10.550000,10.536000,10.521000,10.507000,,
2.1200,14.716000,15.081000,15.455000,15.840000,16.234000,,,14.162000,14.517000,14.882000,15.257000,15.641000,,,21.857000,21.857000,21.857000,21.857000,21.857000,,,19.560000,19.534000,19.509000,19.484000,19.460000,,,23.113000,23.309000,23.506000,23.703000,24.586000,,,,,,,,,,10.626000,10.611000,10.597000,10.583000,10.568000,,
2.1300,14.905000,15.272000,15.649000,16.037000,16.434000,,,14.345000,14.704000,15.072000,15.450000,15.837000,,,21.857000,21.857000,21.857000,21.857000,21.857000,,,19.560000,19.534000,19.509000,19.484000,19.460000,,,23.264000,23.460000,23.657000,23.014000,24.005000,,,,,,,,,,10.687000,10.673000,10.658000,10.644000,10.629000,,
2.1400,15.092000,15.464000,15.845000,16.236000,16.637000,,,14.530000,14.892000,15.263000,15.645000,16.035000,,,21.857000,21.857000,21.857000,21.857000,21.857000,,,19.560000,19.534000,19.509000,19.484000,19.460000,,,23.414000,23.611000,25.928000,24.266000,24.956000,,,,,,,,,,12.280000,10.376000,10.720000,10.705000,10.691000,,
2.1500,15.283000,15.657000,16.039000,16.436000,16.839000,,,14.716000,15.081000,15.455000,15.840000,16.234000,,,21.857000,21.857000,21.857000,21.857000,21.857000,,,19.560000,19.534000,19.509000,19.484000,19.460000,,,23.414000,23.611000,25.928000,24.266000,24.956000,,,,,,,,,,,,,,,,
2.1600,15.474000,15.852000,16.240000,16.637000,17.044000,,,14.905000,15.272000,15.649000,16.037000,16.434000,,,21.857000,21.857000,21.857000,21.857000,21.857000,,,19.560000,19.534000,19.509000,19.484000,19.460000,,,23.414000,23.611000,25.928000,24.266000,24.956000,,,,,,,,,,,,,,,,
2.1700,15.668000,16.049000,16.439000,16.840000,17.249000,,,15.092000,15.464000,15.845000,16.236000,16.637000,,,21.857000,21.857000,21.857000,21.857000,21.857000,,,19.560000,19.534000,19.509000,19.484000,19.460000,,,23.414000,23.611000,25.928000,24.266000,24.956000,,,,,,,,,,,,,,,,
2.1800,15.862000,16.246000,16.640000,17.044000,17.456000,,,15.283000,15.657000,16.039000,16.436000,16.839000,,,21.857000,21.857000,21.857000,21.857000,21.857000,,,19.560000,19.534000,19.509000,19.484000,19.460000,,,23.414000,23.611000,25.928000,24.266000,24.956000,,,,,,,,,,,,,,,,
2.1900,16.058000,16.445000,16.843000,17.249000,17.665000,,,15.474000,15.852000,16.240000,16.637000,17.044000,,,21.857000,21.857000,21.857000,21.857000,21.857000,,,19.560000,19.534000,19.509000,19.484000,19.460000,,,23.414000,23.611000,25.928000,24.266000,24.956000,,,,,,,,,,,,,,,,
2.2000,16.255000,16.646000,17.046000,17.456000,17.875000,,,15.668000,16.049000,16.439000,16.840000,17.249000,,,21.857000,21.857000,21.857000,21.857000,21.857000,,,19.560000,19.534000,19.509000,19.484000,19.460000,,,23.414000,23.611000,25.928000,24.266000,24.956000,,,,,,,,,,,,,,,,
2.2100,16.454000,16.848000,17.251000,17.664000,18.087000,,,15.862000,16.246000,16.640000,17.044000,17.456000,,,21.857000,21.857000,21.857000,21.857000,21.857000,,,19.560000,19.534000,19.509000,19.484000,19.460000,,,23.414000,23.611000,25.928000,24.266000,24.956000,,,,,,,,,,,,,,,,
2.2200,16.654000,17.051000,17.458000,17.874000,18.299000,,,16.058000,16.445000,16.843000,17.249000,17.665000,,,21.857000,21.857000,21.857000,21.857000,21.857000,,,19.560000,19.534000,19.509000,19.484000,19.460000,,,23.414000,23.611000,25.928000,24.266000,24.956000,,,,,,,,,,,,,,,,
2.2300,16.856000,17.256000,17.666000,18.085000,18.513000,,,16.255000,16.646000,17.046000,17.456000,17.875000,,,21.857000,21.857000,21.857000,21.857000,21.857000,,,19.560000,19.534000,19.509000,19.484000,19.460000,,,23.414000,23.611000,25.928000,24.266000,24.956000,,,,,,,,,,,,,,,,
2.2400,17.058000,17.462000,17.875000,18.297000,18.729000,,,16.454000,16.848000,17.251000,17.664000,18.087000,,,21.857000,21.857000,21.857000,21.857000,21.857000,,,19.560000,19.534000,19.509000,19.484000,19.460000,,,23.414000,23.611000,25.928000,24.266000,24.956000,,,,,,,,,,,,,,,,
2.2500,17.263000,17.669000,18.085000,18.511000,18.946000,,,16.654000,17.051000,17.458000,17.874000,18.299000,,,21.857000,21.857000,21.857000,21.857000,21.857000,,,19.560000,19.534000,19.509000,19.484000,19.460000,,,23.414000,23.611000,25.928000,24.266000,24.956000,,,,,,,,,,,,,,,,
2.2600,17.468000,17.880000,18.299000,18.726000,19.164000,,,16.856000,17.256000,17.666000,18.085000,18.513000,,,21.857000,21.857000,21.857000,21.857000,21.857000,,,19.560000,19.534000,19.509000,19.484000,19.460000,,,23.414000,23.611000,25.928000,24.266000,24.956000,,,,,,,,,,,,,,,,
2.2700,17.675000,18.088000,18.510000,18.942000,19.383000,,,17.058000,17.462000,17.875000,18.297000,18.729000,,,21.857000,21.857000,21.857000,21.857000,21.857000,,,19.560000,19.534000,19.509000,19.484000,19.460000,,,23.414000,23.611000,25.928000,24.266000,24.956000,,,,,,,,,,,,,,,,
2.2800,17.884000,18.300000,18.727000,19.160000,19.604000,,,17.263000,17.669000,18.085000,18.511000,18.946000,,,21.857000,21.857000,21.857000,21.857000,21.857000,,,19.560000,19.534000,19.509000,19.484000,19.460000,,,23.414000,23.611000,25.928000,24.266000,24.956000,,,,,,,,,,,,,,,,
2.2900,18.093000,18.512000,18.941000,19.379000,19.826000,,,17.468000,17.880000,18.299000,18.726000,19.164000,,,21.857000,21.857000,21.857000,21.857000,21.857000,,,19.560000,19.534000,19.509000,19.484000,19.460000,,,23.414000,23.611000,25.928000,24.266000,24.956000,,,,,,,,,,,,,,,,
2.3000,18.304000,18.727000,19.158000,19.599000,20.049000,,,17.675000,18.088000,18.510000,18.942000,19.383000,,,21.857000,21.857000,21.857000,21.857000,21.857000,,,19.560000,19.534000,19.509000,19.484000,19.460000,,,23.414000,23.611000,25.928000,24.266000,24.956000,,,,,,,,,,,,,,,,
2.3100,18.517000,18.942000,19.377000,19.821000,20.274000,,,17.884000,18.300000,18.727000,19.160000,19.604000,,,21.857000,21.857000,21.857000,21.857000,21.857000,,,19.560000,19.534000,19.509000,19.484000,19.460000,,,23.414000,23.611000,25.928000,24.266000,24.956000,,,,,,,,,,,,,,,,
2.3200,18.731000,19.159000,19.597000,20.044000,20.500000,,,18.093000,18.512000,18.941000,19.379000,19.826000,,,21.857000,21.857000,21.857000,21.857000,21.857000,,,19.560000,19.534000,19.509000,19.484000,19.460000,,,23.414000,23.611000,25.928000,24.266000,24.956000,,,,,,,,,,,,,,,,
2.3300,18.946000,19.377000,19.818000,20.268000,20.727000,,,18.304000,18.727000,19.158000,19.599000,20.049000,,,21.857000,21.857000,21.857000,21.857000,21.857000,,,19.560000,19.534000,19.509000,19.484000,19.460000,,,23.414000,23.611000,25.928000,24.266000,24.956000,,,,,,,,,,,,,,,,
2.3400,19.162000,19.597000,20.041000,20.494000,20.956000,,,18.517000,18.942000,19.377000,19.821000,20.274000,,,21.857000,21.857000,21.857000,21.857000,21.857000,,,19.560000,19.534000,19.509000,19.484000,19.460000,,,23.414000,23.611000,25.928000,24.266000,24.956000,,,,,,,,,,,,,,,,
2.3500,19.380000,19.818000,20.265000,20.721000,21.186000,,,18.731000,19.159000,19.597000,20.044000,20.500000,,,21.857000,21.857000,21.857000,21.857000,21.857000,,,19.560000,19.534000,19.509000,19.484000,19.460000,,,23.414000,23.611000,25.928000,24.266000,24.956000,,,,,,,,,,,,,,,,
2.3600,19.599000,20.040000,20.490000,20.949000,21.417000,,,18.946000,19.377000,19.818000,20.268000,20.727000,,,21.857000,21.857000,21.857000,21.857000,21.857000,,,19.560000,19.534000,19.509000,19.484000,19.460000,,,23.414000,23.611000,25.928000,24.266000,24.956000,,,,,,,,,,,,,,,,
2.3700,19.819000,20.263000,20.718000,21.178000,21.648000,,,19.162000,19.597000,20.041000,20.494000,20.956000,,,21.857000,21.857000,21.857000,21.857000,21.857000,,,19.560000,19.534000,19.509000,19.484000,19.460000,,,23.414000,23.611000,25.928000,24.266000,24.956000,,,,,,,,,,,,,,,,
2.3800,20.041000,20.488000,20.944000,21.409000,21.870000,,,19.380000,19.818000,20.265000,20.721000,21.186000,,,21.857000,21.857000,21.857000,21.857000,21.857000,,,19.560000,19.534000,19.509000,19.484000,19.460000,,,23.414000,23.611000,25.928000,24.266000,24.956000,,,,,,,,,,,,,,,,
2.3900,20.265000,20.714000,21.173000,21.641000,22.079000,,,19.599000,20.040000,20.490000,20.949000,21.417000,,,21.857000,21.857000,21.857000,21.857000,21.857000,,,19.560000,19.534000,19.509000,19.484000,19.460000,,,23.414000,23.611000,25.928000,24.266000,24.956000,,,,,,,,,,,,,,,,
2.4000,20.489000,20.942000,21.403000,21.875000,22.274000,,,19.819000,20.263000,20.718000,21.178000,21.648000,,,21.857000,21.857000,21.857000,21.857000,21.857000,,,19.560000,19.534000,19.509000,19.484000,19.460000,,,23.414000,23.611000,25.928000,24.266000,24.956000,,,,,,,,,,,,,,,,
2.4100,20.714000,21.170000,21.635000,22.110000,22.454000,,,20.041000,20.488000,20.944000,21.409000,21.870000,,,21.857000,21.857000,21.857000,21.857000,21.857000,,,19.560000,19.534000,19.509000,19.484000,19.460000,,,23.414000,23.611000,25.928000,24.266000,24.956000,,,,,,,,,,,,,,,,
2.4200,20.941000,21.400000,21.868000,22.336000,22.619000,,,20.265000,20.714000,21.173000,21.641000,22.079000,,,21.857000,21.857000,21.857000,21.857000,21.857000,,,19.560000,19.534000,19.509000,19.484000,19.460000,,,23.414000,23.611000,25.928000,24.266000,24.956000,,,,,,,,,,,,,,,,
2.4300,21.169000,21.631000,22.102000,22.543000,22.768000,,,20.489000,20.942000,21.403000,21.875000,22.274000,,,21.857000,21.857000,21.857000,21.857000,21.857000,,,19.560000,19.534000,19.509000,19.484000,19.460000,,,23.414000,23.611000,25.928000,24.266000,24.956000,,,,,,,,,,,,,,,,
2.4400,21.399000,21.864000,22.338000,22.729000,22.900000,,,20.714000,21.170000,21.635000,22.110000,22.454000,,,21.857000,21.857000,21.857000,21.857000,21.857000,,,19.560000,19.534000,19.509000,19.484000,19.460000,,,23.414000,23.611000,25.928000,24.266000,24.956000,,,,,,,,,,,,,,,,
2.4500,21.630000,22.098000,22.574000,22.891000,23.014000,,,20.941000,21.400000,21.868000,22.336000,22.619000,,,21.857000,21.857000,21.857000,21.857000,21.857000,,,19.560000,19.534000,19.509000,19.484000,19.460000,,,23.414000,23.611000,25.928000,24.266000,24.956000,,,,,,,,,,,,,,,,
2.4600,21.862000,22.333000,22.808000,23.028000,23.110000,,,21.169000,21.631000,22.102000,22.543000,22.768000,,,21.857000,21.857000,21.857000,21.857000,21.857000,,,19.560000,19.534000,19.509000,19.484000,19.460000,,,23.414000,23.611000,25.928000,24.266000,24.956000,,,,,,,,,,,,,,,,
2.4700,22.095000,22.569000,23.006000,23.137000,23.185000,,,21.399000,21.864000,22.338000,22.729000,22.900000,,,21.857000,21.857000,21.857000,21.857000,21.857000,,,19.560000,19.534000,19.509000,19.484000,19.460000,,,23.414000,23.611000,25.928000,24.266000,24.956000,,,,,,,,,,,,,,,,
2.4800,22.330000,22.806000,23.156000,23.218000,23.240000,,,21.630000,22.098000,22.574000,22.891000,23.014000,,,21.857000,21.857000,21.857000,21.857000,21.857000,,,19.560000,19.534000,19.509000,19.484000,19.460000,,,23.414000,23.611000,25.928000,24.266000,24.956000,,,,,,,,,,,,,,,,
2.4900,22.566000,23.045000,23.252000,23.268000,23.273000,,,21.862000,22.333000,22.808000,23.028000,23.110000,,,21.857000,21.857000,21.857000,21.857000,21.857000,,,19.560000,19.534000,19.509000,19.484000,19.460000,,,23.414000,23.611000,25.928000,24.266000,24.956000,,,,,,,,,,,,,,,,
2.5000,22.804000,23.285000,23.285000,23.285000,23.285000,,,22.095000,22.569000,23.006000,23.137000,23.185000,,,21.857000,21.857000,21.857000,21.857000,21.857000,,,19.560000,19.534000,19.509000,19.484000,19.460000,,,23.414000,23.611000,25.928000,24.266000,24.956000,,,,,,,,,,,,,,,,
2.5100,23.007000,23.285000,23.285000,23.285000,23.285000,,,22.330000,22.806000,23.156000,23.218000,23.240000,,,21.857000,21.857000,21.857000,21.857000,21.857000,,,19.560000,19.534000,19.509000,19.484000,19.460000,,,23.414000,23.611000,25.928000,24.266000,24.956000,,,,,,,,,,,,,,,,
2.5200,23.151000,23.285000,23.285000,23.285000,23.285000,,,22.566000,23.045000,23.252000,23.268000,23.273000,,,21.857000,21.857000,21.857000,21.857000,21.857000,,,19.560000,19.534000,19.509000,19.484000,19.460000,,,23.414000,23.611000,25.928000,24.266000,24.956000,,,,,,,,,,,,,,,,
2.5300,23.240000,23.285000,23.285000,23.285000,23.285000,,,22.804000,23.285000,23.285000,23.285000,23.285000,,,21.857000,21.857000,21.857000,21.857000,21.857000,,,19.560000,19.534000,19.509000,19.484000,19.460000,,,23.414000,23.611000,25.928000,24.266000,24.956000,,,,,,,,,,,,,,,,
2.5400,23.281000,23.285000,23.285000,23.285000,23.285000,,,23.007000,23.285000,23.285000,23.285000,23.285000,,,21.857000,21.857000,21.857000,21.857000,21.857000,,,19.560000,19.534000,19.509000,19.484000,19.460000,,,23.414000,23.611000,25.928000,24.266000,24.956000,,,,,,,,,,,,,,,,
2.5500,23.285000,23.285000,23.285000,23.285000,23.285000,,,23.151000,23.285000,23.285000,23.285000,23.285000,,,21.857000,21.857000,21.857000,21.857000,21.857000,,,19.560000,19.534000,19.509000,19.484000,19.460000,,,23.414000,23.611000,25.928000,24.266000,24.956000,,,,,,,,,,,,,,,,
2.5600,23.285000,23.285000,23.285000,23.285000,23.285000,,,23.240000,23.285000,23.285000,23.285000,23.285000,,,21.857000,21.857000,21.857000,21.857000,21.857000,,,19.560000,19.534000,19.509000,19.484000,19.460000,,,23.414000,23.611000,25.928000,24.266000,24.956000,,,,,,,,,,,,,,,,
2.5700,23.285000,23.285000,23.285000,23.285000,23.285000,,,23.281000,23.285000,23.285000,23.285000,23.285000,,,21.857000,21.857000,21.857000,21.857000,21.857000,,,19.560000,19.534000,19.509000,19.484000,19.460000,,,23.414000,23.611000,25.928000,24.266000,24.956000,,,,,,,,,,,,,,,,
2.5800,23.285000,23.285000,23.285000,23.285000,23.285000,,,23.285000,23.285000,23.285000,23.285000,23.285000,,,21.857000,21.857000,21.857000,21.857000,21.857000,,,19.560000,19.534000,19.509000,19.484000,19.460000,,,23.414000,23.611000,25.928000,24.266000,24.956000,,,,,,,,,,,,,,,,
2.5900,23.285000,23.285000,23.285000,23.285000,23.285000,,,23.285000,23.285000,23.285000,23.285000,23.285000,,,21.857000,21.857000,21.857000,21.857000,21.857000,,,19.560000,19.534000,19.509000,19.484000,19.460000,,,23.414000,23.611000,25.928000,24.266000,24.956000,,,,,,,,,,,,,,,,
2.6000,23.285000,23.285000,23.285000,23.285000,23.285000,,,23.285000,23.285000,23.285000,23.285000,23.285000,,,21.857000,21.857000,21.857000,21.857000,21.857000,,,19.560000,19.534000,19.509000,19.484000,19.460000,,,23.414000,23.611000,25.928000,24.266000,24.956000,,,,,,,,,,,,,,,,
2.6100,23.285000,23.285000,23.285000,23.285000,23.285000,,,23.285000,23.285000,23.285000,23.285000,23.285000,,,21.857000,21.857000,21.857000,21.857000,21.857000,,,19.560000,19.534000,19.509000,19.484000,19.460000,,,23.414000,23.611000,25.928000,24.266000,24.956000,,,,,,,,,,,,,,,,
2.6200,23.285000,23.285000,23.285000,23.285000,23.285000,,,23.285000,23.285000,23.285000,23.285000,23.285000,,,21.857000,21.857000,21.857000,21.857000,21.857000,,,19.560000,19.534000,19.509000,19.484000,19.460000,,,23.414000,23.611000,25.928000,24.266000,24.956000,,,,,,,,,,,,,,,,
2.6300,23.285000,23.285000,23.285000,23.285000,23.285000,,,23.285000,23.285000,23.285000,23.285000,23.285000,,,21.857000,21.857000,21.857000,21.857000,21.857000,,,19.560000,19.534000,19.509000,19.484000,19.460000,,,23.414000,23.611000,25.928000,24.266000,24.956000,,,,,,,,,,,,,,,,
2.6400,23.285000,23.285000,23.285000,23.285000,23.285000,,,23.285000,23.285000,23.285000,23.285000,23.285000,,,21.857000,21.857000,21.857000,21.857000,21.857000,,,19.560000,19.534000,19.509000,19.484000,19.460000,,,23.414000,23.611000,25.928000,24.266000,24.956000,,,,,,,,,,,,,,,,
2.6500,23.285000,23.285000,23.285000,23.285000,23.285000,,,23.285000,23.285000,23.285000,23.285000,23.285000,,,21.857000,21.857000,21.857000,21.857000,21.857000,,,19.560000,19.534000,19.509000,19.484000,19.460000,,,23.414000,23.611000,25.928000,24.266000,24.956000,,,,,,,,,,,,,,,,
2.6600,23.285000,23.285000,23.285000,23.285000,23.285000,,,23.285000,23.285000,23.285000,23.285000,23.285000,,,21.857000,21.857000,21.857000,21.857000,21.857000,,,19.560000,19.534000,19.509000,19.484000,19.460000,,,23.414000,23.611000,25.928000,24.266000,24.956000,,,,,,,,,,,,,,,,
2.6700,23.285000,23.285000,23.285000,23.285000,23.285000,,,23.285000,23.285000,23.285000,23.285000,23.285000,,,21.857000,21.857000,21.857000,21.857000,21.857000,,,19.560000,19.534000,19.509000,19.484000,19.460000,,,23.414000,23.611000,25.928000,24.266000,24.956000,,,,,,,,,,,,,,,,
2.6800,23.285000,23.285000,23.285000,23.285000,23.285000,,,23.285000,23.285000,23.285000,23.285000,23.285000,,,21.857000,21.857000,21.857000,21.857000,21.857000,,,19.560000,19.534000,19.509000,19.484000,19.460000,,,23.414000,23.611000,25.928000,24.266000,24.956000,,,,,,,,,,,,,,,,
2.6900,23.285000,23.285000,23.285000,23.285000,23.285000,,,23.285000,23.285000,23.285000,23.285000,23.285000,,,21.857000,21.857000,21.857000,21.857000,21.857000,,,19.560000,19.534000,19.509000,19.484000,19.460000,,,23.414000,23.611000,25.928000,24.266000,24.956000,,,,,,,,,,,,,,,,
2.7000,23.285000,23.285000,23.285000,23.285000,23.285000,,,23.285000,23.285000,23.285000,23.285000,23.285000,,,21.857000,21.857000,21.857000,21.857000,21.857000,,,19.560000,19.534000,19.509000,19.484000,19.460000,,,23.414000,23.611000,25.928000,24.266000,24.956000,,,,,,,,,,,,,,,,
2.7100,23.285000,23.285000,23.285000,23.285000,23.285000,,,23.285000,23.285000,23.285000,23.285000,23.285000,,,21.857000,21.857000,21.857000,21.857000,21.857000,,,19.560000,19.534000,19.509000,19.484000,19.460000,,,23.414000,23.611000,25.928000,24.266000,24.956000,,,,,,,,,,,,,,,,
2.7200,23.285000,23.285000,23.285000,23.285000,23.285000,,,23.285000,23.285000,23.285000,23.285000,23.285000,,,21.857000,21.857000,21.857000,21.857000,21.857000,,,19.560000,19.534000,19.509000,19.484000,19.460000,,,23.414000,23.611000,25.928000,24.266000,24.956000,,,,,,,,,,,,,,,,
2.7300,23.285000,23.285000,23.285000,23.285000,23.285000,,,23.285000,23.285000,23.285000,23.285000,23.285000,,,21.857000,21.857000,21.857000,21.857000,21.857000,,,19.560000,19.534000,19.509000,19.484000,19.460000,,,23.414000,23.611000,25.928000,24.266000,24.956000,,,,,,,,,,,,,,,,
2.7400,23.285000,23.285000,23.285000,23.285000,23.285000,,,23.285000,23.285000,23.285000,23.285000,23.285000,,,21.857000,21.857000,21.857000,21.857000,21.857000,,,19.560000,19.534000,19.509000,19.484000,19.460000,,,23.414000,23.611000,25.928000,24.266000,24.956000,,,,,,,,,,,,,,,,
2.7500,23.285000,23.285000,23.285000,23.285000,23.285000,,,23.285000,23.285000,23.285000,23.285000,23.285000,,,21.857000,21.857000,21.857000,21.857000,21.857000,,,19.560000,19.534000,19.509000,19.484000,19.460000,,,23.414000,23.611000,25.928000,24.266000,24.956000,,,,,,,,,,,,,,,,
2.7600,23.285000,23.285000,23.285000,23.285000,23.285000,,,23.285000,23.285000,23.285000,23.285000,23.285000,,,21.857000,21.857000,21.857000,21.857000,21.857000,,,19.560000,19.534000,19.509000,19.484000,19.460000,,,23.414000,23.611000,25.928000,24.266000,24.956000,,,,,,,,,,,,,,,,
2.7700,23.285000,23.285000,23.285000,23.285000,23.285000,,,23.285000,23.285000,23.285000,23.285000,23.285000,,,21.857000,21.857000,21.857000,21.857000,21.857000,,,19.560000,19.534000,19.509000,19.484000,19.460000,,,23.414000,23.611000,25.928000,24.266000,24.956000,,,,,,,,,,,,,,,,
2.7800,23.285000,23.285000,23.285000,23.285000,23.285000,,,23.285000,23.285000,23.285000,23.285000,23.285000,,,21.857000,21.857000,21.857000,21.857000,21.857000,,,19.560000,19.534000,19.509000,19.484000,19.460000,,,23.414000,23.611000,25.928000,24.266000,24.956000,,,,,,,,,,,,,,,,
2.7900,23.285000,23.285000,23.285000,23.285000,23.285000,,,23.285000,23.285000,23.285000,23.285000,23.285000,,,21.857000,21.857000,21.857000,21.857000,21.857000,,,19.560000,19.534000,19.509000,19.484000,19.460000,,,23.414000,23.611000,25.928000,24.266000,24.956000,,,,,,,,,,,,,,,,
2.8000,23.285000,23.285000,23.285000,23.285000,23.285000,,,23.285000,23.285000,23.285000,23.285000,23.285000,,,21.857000,21.857000,21.857000,21.857000,21.857000,,,19.560000,19.534000,19.509000,19.484000,19.460000,,,23.414000,23.611000,25.928000,24.266000,24.956000,,,,,,,,,,,,,,,,
2.8100,23.285000,23.285000,23.285000,23.285000,23.285000,,,23.285000,23.285000,23.285000,23.285000,23.285000,,,21.857000,21.857000,21.857000,21.857000,21.857000,,,19.560000,19.534000,19.509000,19.484000,19.460000,,,23.414000,23.611000,25.928000,24.266000,24.956000,,,,,,,,,,,,,,,,
2.8200,23.285000,23.285000,23.285000,23.285000,23.285000,,,23.285000,23.285000,23.285000,23.285000,23.285000,,,21.857000,21.857000,21.857000,21.857000,21.857000,,,19.560000,19.534000,19.509000,19.484000,19.460000,,,23.414000,23.611000,25.928000,24.266000,24.956000,,,,,,,,,,,,,,,,
2.8300,23.285000,23.285000,23.285000,23.285000,23.285000,,,23.285000,23.285000,23.285000,23.285000,23.285000,,,21.857000,21.857000,21.857000,21.857000,21.857000,,,19.560000,19.534000,19.509000,19.484000,19.460000,,,23.414000,23.611000,25.928000,24.266000,24.956000,,,,,,,,,,,,,,,,
2.8400,23.285000,23.285000,23.285000,23.285000,23.285000,,,23.285000,23.285000,23.285000,23.285000,23.285000,,,21.857000,21.857000,21.857000,21.857000,21.857000,,,19.560000,19.534000,19.509000,19.484000,19.460000,,,23.414000,23.611000,25.928000,24.266000,24.956000,,,,,,,,,,,,,,,,
2.8500,23.285000,23.285000,23.285000,23.285000,23.285000,,,23.285000,23.285000,23.285000,23.285000,23.285000,,,21.857000,21.857000,21.857000,21.857000,21.857000,,,19.560000,19.534000,19.509000,19.484000,19.460000,,,23.414000,23.611000,25.928000,24.266000,24.956000,,,,,,,,,,,,,,,,
2.8600,23.285000,23.285000,23.285000,23.285000,23.285000,,,23.285000,23.285000,23.285000,23.285000,23.285000,,,21.857000,21.857000,21.857000,21.857000,21.857000,,,19.560000,19.534000,19.509000,19.484000,19.460000,,,23.414000,23.611000,25.928000,24.266000,24.956000,,,,,,,,,,,,,,,,
2.8700,23.285000,23.285000,23.285000,23.285000,23.285000,,,23.285000,23.285000,23.285000,23.285000,23.285000,,,21.857000,21.857000,21.857000,21.857000,21.857000,,,19.560000,19.534000,19.509000,19.484000,19.460000,,,23.414000,23.611000,25.928000,24.266000,24.956000,,,,,,,,,,,,,,,,
2.8800,23.285000,23.285000,23.285000,23.285000,23.285000,,,23.285000,23.285000,23.285000,23.285000,23.285000,,,21.857000,21.857000,21.857000,21.857000,21.857000,,,19.560000,19.534000,19.509000,19.484000,19.460000,,,23.414000,23.611000,25.928000,24.266000,24.956000,,,,,,,,,,,,,,,,
2.8900,23.285000,23.285000,23.285000,23.285000,23.285000,,,23.285000,23.285000,23.285000,23.285000,23.285000,,,21.857000,21.857000,21.857000,21.857000,21.857000,,,19.560000,19.534000,19.509000,19.484000,19.460000,,,23.414000,23.611000,25.928000,24.266000,24.956000,,,,,,,,,,,,,,,,
2.9000,23.285000,23.285000,23.285000,23.285000,23.285000,,,23.285000,23.285000,23.285000,23.285000,23.285000,,,21.857000,21.857000,21.857000,21.857000,21.857000,,,19.560000,19.534000,19.509000,19.484000,19.460000,,,23.414000,23.611000,25.928000,24.266000,24.956000,,,,,,,,,,,,,,,,
2.9100,23.285000,23.285000,23.285000,23.285000,23.285000,,,23.285000,23.285000,23.285000,23.285000,23.285000,,,21.857000,21.857000,21.857000,21.857000,21.857000,,,19.560000,19.534000,19.509000,19.484000,19.460000,,,23.414000,23.611000,25.928000,24.266000,24.956000,,,,,,,,,,,,,,,,
2.9200,23.285000,23.285000,23.285000,23.285000,23.285000,,,23.285000,23.285000,23.285000,23.285000,23.285000,,,21.857000,21.857000,21.857000,21.857000,21.857000,,,19.560000,19.534000,19.509000,19.484000,19.460000,,,23.414000,23.611000,25.928000,24.266000,24.956000,,,,,,,,,,,,,,,,
2.9300,23.285000,23.285000,23.285000,23.285000,23.285000,,,23.285000,23.285000,23.285000,23.285000,23.285000,,,21.857000,21.857000,21.857000,21.857000,21.857000,,,19.560000,19.534000,19.509000,19.484000,19.460000,,,23.414000,23.611000,25.928000,24.266000,24.956000,,,,,,,,,,,,,,,,
2.9400,23.285000,23.285000,23.285000,23.285000,23.285000,,,23.285000,23.285000,23.285000,23.285000,23.285000,,,21.857000,21.857000,21.857000,21.857000,21.857000,,,19.560000,19.534000,19.509000,19.484000,19.460000,,,23.414000,23.611000,25.928000,24.266000,24.956000,,,,,,,,,,,,,,,,
2.9500,23.285000,23.285000,23.285000,23.285000,23.285000,,,23.285000,23.285000,23.285000,23.285000,23.285000,,,21.857000,21.857000,21.857000,21.857000,21.857000,,,19.560000,19.534000,19.509000,19.484000,19.460000,,,23.414000,23.611000,25.928000,24.266000,24.956000,,,,,,,,,,,,,,,,
2.9600,23.285000,23.285000,23.285000,23.285000,23.285000,,,23.285000,23.285000,23.285000,23.285000,23.285000,,,21.857000,21.857000,21.857000,21.857000,21.857000,,,19.560000,19.534000,19.509000,19.484000,19.460000,,,23.414000,23.611000,25.928000,24.266000,24.956000,,,,,,,,,,,,,,,,
2.9700,23.285000,23.285000,23.285000,23.285000,23.285000,,,23.285000,23.285000,23.285000,23.285000,23.285000,,,21.857000,21.857000,21.857000,21.857000,21.857000,,,19.560000,19.534000,19.509000,19.484000,19.460000,,,23.414000,23.611000,25.928000,24.266000,24.956000,,,,,,,,,,,,,,,,
2.9800,23.285000,23.285000,23.285000,23.285000,23.285000,,,23.285000,23.285000,23.285000,23.285000,23.285000,,,21.857000,21.857000,21.857000,21.857000,21.857000,,,19.560000,19.534000,19.509000,19.484000,19.460000,,,23.414000,23.611000,25.928000,24.266000,24.956000,,,,,,,,,,,,,,,,
2.9900,23.285000,23.285000,23.285000,23.285000,23.285000,,,23.285000,23.285000,23.285000,23.285000,23.285000,,,21.857000,21.857000,21.857000,21.857000,21.857000,,,19.560000,19.534000,19.509000,19.484000,19.460000,,,23.414000,23.611000,25.928000,24.266000,24.956000,,,,,,,,,,,,,,,,
3.0000,23.285000,23.285000,23.285000,23.285000,23.285000,,,23.285000,23.285000,23.285000,23.285000,23.285000,,,21.857000,21.857000,21.857000,21.857000,21.857000,,,19.560000,19.534000,19.509000,19.484000,19.460000,,,23.414000,23.611000,25.928000,24.266000,24.956000,,,,,,,,,,,,,,,,
3.0100,23.285000,23.285000,23.285000,23.285000,23.285000,,,23.285000,23.285000,23.285000,23.285000,23.285000,,,21.857000,21.857000,21.857000,21.857000,21.857000,,,19.560000,19.534000,19.509000,19.484000,19.460000,,,23.414000,23.611000,25.928000,24.266000,24.956000,,,,,,,,,,,,,,,,
3.0200,23.285000,23.285000,23.285000,23.285000,23.285000,,,23.285000,23.285000,23.285000,23.285000,23.285000,,,21.857000,21.857000,21.857000,21.857000,21.857000,,,19.560000,19.534000,19.509000,19.484000,19.460000,,,23.414000,23.611000,25.928000,24.266000,24.956000,,,,,,,,,,,,,,,,
3.0300,23.285000,23.285000,23.285000,23.285000,23.285000,,,23.285000,23.285000,23.285000,23.285000,23.285000,,,21.857000,21.857000,21.857000,21.857000,21.857000,,,19.560000,19.534000,19.509000,19.484000,19.460000,,,23.414000,23.611000,25.928000,24.266000,24.956000,,,,,,,,,,,,,,,,
3.0400,23.285000,23.285000,23.285000,23.285000,23.285000,,,23.285000,23.285000,23.285000,23.285000,23.285000,,,21.857000,21.857000,21.857000,21.857000,21.857000,,,19.560000,19.534000,19.509000,19.484000,19.460000,,,23.414000,23.611000,25.928000,24.266000,24.956000,,,,,,,,,,,,,,,,
3.0500,23.285000,23.285000,23.285000,23.285000,23.285000,,,23.285000,23.285000,23.285000,23.285000,23.285000,,,21.857000,21.857000,21.857000,21.857000,21.857000,,,19.560000,19.534000,19.509000,19.484000,19.460000,,,23.414000,23.611000,25.928000,24.266000,24.956000,,,,,,,,,,,,,,,,
3.0600,23.285000,23.285000,23.285000,23.285000,23.285000,,,23.285000,23.285000,23.285000,23.285000,23.285000,,,21.857000,21.857000,21.857000,21.857000,21.857000,,,19.560000,19.534000,19.509000,19.484000,19.460000,,,23.414000,23.611000,25.928000,24.266000,24.956000,,,,,,,,,,,,,,,,
3.0700,23.285000,23.285000,23.285000,23.285000,23.285000,,,23.285000,23.285000,23.285000,23.285000,23.285000,,,21.857000,21.857000,21.857000,21.857000,21.857000,,,19.560000,19.534000,19.509000,19.484000,19.460000,,,23.414000,23.611000,25.928000,24.266000,24.956000,,,,,,,,,,,,,,,,
3.0800,23.285000,23.285000,23.285000,23.285000,23.285000,,,23.285000,23.285000,23.285000,23.285000,23.285000,,,21.857000,21.857000,21.857000,21.857000,21.857000,,,19.560000,19.534000,19.509000,19.484000,19.460000,,,23.414000,23.611000,25.928000,24.266000,24.956000,,,,,,,,,,,,,,,,
3.0900,23.285000,23.285000,23.285000,23.285000,23.285000,,,23.285000,23.285000,23.285000,23.285000,23.285000,,,21.857000,21.857000,21.857000,21.857000,21.857000,,,19.560000,19.534000,19.509000,19.484000,19.460000,,,23.414000,23.611000,25.928000,24.266000,24.956000,,,,,,,,,,,,,,,,
3.1000,23.285000,23.285000,23.285000,23.285000,23.285000,,,23.285000,23.285000,23.285000,23.285000,23.285000,,,21.857000,21.857000,21.857000,21.857000,21.857000,,,19.560000,19.534000,19.509000,19.484000,19.460000,,,23.414000,23.611000,25.928000,24.266000,24.956000,,,,,,,,,,,,,,,,
3.1100,23.285000,23.285000,23.285000,23.285000,23.285000,,,23.285000,23.285000,23.285000,23.285000,23.285000,,,21.857000,21.857000,21.857000,21.857000,21.857000,,,19.560000,19.534000,19.509000,19.484000,19.460000,,,23.414000,23.611000,25.928000,24.266000,24.956000,,,,,,,,,,,,,,,,
3.1200,23.285000,23.285000,23.285000,23.285000,23.285000,,,23.285000,23.285000,23.285000,23.285000,23.285000,,,21.857000,21.857000,21.857000,21.857000,21.857000,,,19.560000,19.534000,19.509000,19.484000,19.460000,,,23.414000,23.611000,25.928000,24.266000,24.956000,,,,,,,,,,,,,,,,
3.1300,23.285000,23.285000,23.285000,23.285000,23.285000,,,23.285000,23.285000,23.285000,23.285000,23.285000,,,21.857000,21.857000,21.857000,21.857000,21.857000,,,19.560000,19.534000,19.509000,19.484000,19.460000,,,23.414000,23.611000,25.928000,24.266000,24.956000,,,,,,,,,,,,,,,,
3.1400,23.285000,23.285000,23.285000,23.285000,23.285000,,,23.285000,23.285000,23.285000,23.285000,23.285000,,,21.857000,21.857000,21.857000,21.857000,21.857000,,,19.560000,19.534000,19.509000,19.484000,19.460000,,,23.414000,23.611000,25.928000,24.266000,24.956000,,,,,,,,,,,,,,,,
3.1500,23.285000,23.285000,23.285000,23.285000,23.285000,,,23.285000,23.285000,23.285000,23.285000,23.285000,,,21.857000,21.857000,21.857000,21.857000,21.857000,,,19.560000,19.534000,19.509000,19.484000,19.460000,,,23.414000,23.611000,25.928000,24.266000,24.956000,,,,,,,,,,,,,,,,
3.1600,23.285000,23.285000,23.285000,23.285000,23.285000,,,23.285000,23.285000,23.285000,23.285000,23.285000,,,21.857000,21.857000,21.857000,21.857000,21.857000,,,19.560000,19.534000,19.509000,19.484000,19.460000,,,23.414000,23.611000,25.928000,24.266000,24.956000,,,,,,,,,,,,,,,,
3.1700,23.285000,23.285000,23.285000,23.285000,23.285000,,,23.285000,23.285000,23.285000,23.285000,23.285000,,,21.857000,21.857000,21.857000,21.857000,21.857000,,,19.560000,19.534000,19.509000,19.484000,19.460000,,,23.414000,23.611000,25.928000,24.266000,24.956000,,,,,,,,,,,,,,,,
3.1800,23.285000,23.285000,23.285000,23.285000,23.285000,,,23.285000,23.285000,23.285000,23.285000,23.285000,,,21.857000,21.857000,21.857000,21.857000,21.857000,,,19.560000,19.534000,19.509000,19.484000,19.460000,,,23.414000,23.611000,25.928000,24.266000,24.956000,,,,,,,,,,,,,,,,
3.1900,23.285000,23.285000,23.285000,23.285000,23.285000,,,23.285000,23.285000,23.285000,23.285000,23.285000,,,21.857000,21.857000,21.857000,21.857000,21.857000,,,19.560000,19.534000,19.509000,19.484000,19.460000,,,23.414000,23.611000,25.928000,24.266000,24.956000,,,,,,,,,,,,,,,,
3.2000,23.285000,23.285000,23.285000,23.285000,23.285000,,,23.285000,23.285000,23.285000,23.285000,23.285000,,,21.857000,21.857000,21.857000,21.857000,21.857000,,,19.560000,19.534000,19.509000,19.484000,19.460000,,,23.414000,23.611000,25.928000,24.266000,24.956000,,,,,,,,,,,,,,,,
3.2100,23.285000,23.285000,23.285000,23.285000,23.285000,,,23.285000,23.285000,23.285000,23.285000,23.285000,,,21.857000,21.857000,21.857000,21.857000,21.857000,,,19.560000,19.534000,19.509000,19.484000,19.460000,,,23.414000,23.611000,25.928000,24.266000,24.956000,,,,,,,,,,,,,,,,
3.2200,23.285000,23.285000,23.285000,23.285000,23.285000,,,23.285000,23.285000,23.285000,23.285000,23.285000,,,21.857000,21.857000,21.857000,21.857000,21.857000,,,19.560000,19.534000,19.509000,19.484000,19.460000,,,23.414000,23.611000,25.928000,24.266000,24.956000,,,,,,,,,,,,,,,,
3.2300,23.285000,23.285000,23.285000,23.285000,23.285000,,,23.285000,23.285000,23.285000,23.285000,23.285000,,,21.857000,21.857000,21.857000,21.857000,21.857000,,,19.560000,19.534000,19.509000,19.484000,19.460000,,,23.414000,23.611000,25.928000,24.266000,24.956000,,,,,,,,,,,,,,,,
3.2400,23.285000,23.285000,23.285000,23.285000,23.285000,,,23.285000,23.285000,23.285000,23.285000,23.285000,,,21.857000,21.857000,21.857000,21.857000,21.857000,,,19.560000,19.534000,19.509000,19.484000,19.460000,,,23.414000,23.611000,25.928000,24.266000,24.956000,,,,,,,,,,,,,,,,
3.2500,23.285000,23.285000,23.285000,23.285000,23.285000,,,23.285000,23.285000,23.285000,23.285000,23.285000,,,21.857000,21.857000,21.857000,21.857000,21.857000,,,19.560000,19.534000,19.509000,19.484000,19.460000,,,23.414000,23.611000,25.928000,24.266000,24.956000,,,,,,,,,,,,,,,,
3.2600,23.285000,23.285000,23.285000,23.285000,23.285000,,,23.285000,23.285000,23.285000,23.285000,23.285000,,,21.857000,21.857000,21.857000,21.857000,21.857000,,,19.560000,19.534000,19.509000,19.484000,19.460000,,,23.414000,23.611000,25.928000,24.266000,24.956000,,,,,,,,,,,,,,,,
3.2700,23.285000,23.285000,23.285000,23.285000,23.285000,,,23.285000,23.285000,23.285000,23.285000,23.285000,,,21.857000,21.857000,21.857000,21.857000,21.857000,,,19.560000,19.534000,19.509000,19.484000,19.460000,,,23.414000,23.611000,25.928000,24.266000,24.956000,,,,,,,,,,,,,,,,
3.2800,23.285000,23.285000,23.285000,23.285000,23.285000,,,23.285000,23.285000,23.285000,23.285000,23.285000,,,21.857000,21.857000,21.857000,21.857000,21.857000,,,19.560000,19.534000,19.509000,19.484000,19.460000,,,23.414000,23.611000,25.928000,24.266000,24.956000,,,,,,,,,,,,,,,,
3.2900,23.285000,23.285000,23.285000,23.285000,23.285000,,,23.285000,23.285000,23.285000,23.285000,23.285000,,,21.857000,21.857000,21.857000,21.857000,21.857000,,,19.560000,19.534000,19.509000,19.484000,19.460000,,,23.414000,23.611000,25.928000,24.266000,24.956000,,,,,,,,,,,,,,,,
3.3000,23.285000,23.285000,23.285000,23.285000,23.285000,,,23.285000,23.285000,23.285000,23.285000,23.285000,,,21.857000,21.857000,21.857000,21.857000,21.857000,,,19.560000,19.534000,19.509000,19.484000,19.460000,,,23.414000,23.611000,25.928000,24.266000,24.956000,,,,,,,,,,,,,,,,
3.3100,23.285000,23.285000,23.285000,23.285000,23.285000,,,23.285000,23.285000,23.285000,23.285000,23.285000,,,21.857000,21.857000,21.857000,21.857000,21.857000,,,19.560000,19.534000,19.509000,19.484000,19.460000,,,23.414000,23.611000,25.928000,24.266000,24.956000,,,,,,,,,,,,,,,,
3.3200,23.285000,23.285000,23.285000,23.285000,23.285000,,,23.285000,23.285000,23.285000,23.285000,23.285000,,,21.857000,21.857000,21.857000,21.857000,21.857000,,,19.560000,19.534000,19.509000,19.484000,19.460000,,,23.414000,23.611000,25.928000,24.266000,24.956000,,,,,,,,,,,,,,,,
3.3300,23.285000,23.285000,23.285000,23.285000,23.285000,,,23.285000,23.285000,23.285000,23.285000,23.285000,,,21.857000,21.857000,21.857000,21.857000,21.857000,,,19.560000,19.534000,19.509000,19.484000,19.460000,,,23.414000,23.611000,25.928000,24.266000,24.956000,,,,,,,,,,,,,,,,
3.3400,23.285000,23.285000,23.285000,23.285000,23.285000,,,23.285000,23.285000,23.285000,23.285000,23.285000,,,21.857000,21.857000,21.857000,21.857000,21.857000,,,19.560000,19.534000,19.509000,19.484000,19.460000,,,23.414000,23.611000,25.928000,24.266000,24.956000,,,,,,,,,,,,,,,,
3.3500,23.285000,23.285000,23.285000,23.285000,23.285000,,,23.285000,23.285000,23.285000,23.285000,23.285000,,,21.857000,21.857000,21.857000,21.857000,21.857000,,,19.560000,19.534000,19.509000,19.484000,19.460000,,,23.414000,23.611000,25.928000,24.266000,24.956000,,,,,,,,,,,,,,,,
3.3600,23.285000,23.285000,23.285000,23.285000,23.285000,,,23.285000,23.285000,23.285000,23.285000,23.285000,,,21.857000,21.857000,21.857000,21.857000,21.857000,,,19.560000,19.534000,19.509000,19.484000,19.460000,,,23.414000,23.611000,25.928000,24.266000,24.956000,,,,,,,,,,,,,,,,
3.3700,23.285000,23.285000,23.285000,23.285000,23.285000,,,23.285000,23.285000,23.285000,23.285000,23.285000,,,21.857000,21.857000,21.857000,21.857000,21.857000,,,19.560000,19.534000,19.509000,19.484000,19.460000,,,23.414000,23.611000,25.928000,24.266000,24.956000,,,,,,,,,,,,,,,,
3.3800,23.285000,23.285000,23.285000,23.285000,23.285000,,,23.285000,23.285000,23.285000,23.285000,23.285000,,,21.857000,21.857000,21.857000,21.857000,21.857000,,,19.560000,19.534000,19.509000,19.484000,19.460000,,,23.414000,23.611000,25.928000,24.266000,24.956000,,,,,,,,,,,,,,,,
3.3900,23.285000,23.285000,23.285000,23.285000,23.285000,,,23.285000,23.285000,23.285000,23.285000,23.285000,,,21.857000,21.857000,21.857000,21.857000,21.857000,,,19.560000,19.534000,19.509000,19.484000,19.460000,,,23.414000,23.611000,25.928000,24.266000,24.956000,,,,,,,,,,,,,,,,
3.4000,23.285000,23.285000,23.285000,23.285000,23.285000,,,23.285000,23.285000,23.285000,23.285000,23.285000,,,21.857000,21.857000,21.857000,21.857000,21.857000,,,19.560000,19.534000,19.509000,19.484000,19.460000,,,23.414000,23.611000,25.928000,24.266000,24.956000,,,,,,,,,,,,,,,,
3.4100,23.285000,23.285000,23.285000,23.285000,23.285000,,,23.285000,23.285000,23.285000,23.285000,23.285000,,,21.857000,21.857000,21.857000,21.857000,21.857000,,,19.560000,19.534000,19.509000,19.484000,19.460000,,,23.414000,23.611000,25.928000,24.266000,24.956000,,,,,,,,,,,,,,,,
3.4200,23.285000,23.285000,23.285000,23.285000,23.285000,,,23.285000,23.285000,23.285000,23.285000,23.285000,,,21.857000,21.857000,21.857000,21.857000,21.857000,,,19.560000,19.534000,19.509000,19.484000,19.460000,,,23.414000,23.611000,25.928000,24.266000,24.956000,,,,,,,,,,,,,,,,
3.4300,23.285000,23.285000,23.285000,23.285000,23.285000,,,23.285000,23.285000,23.285000,23.285000,23.285000,,,21.857000,21.857000,21.857000,21.857000,21.857000,,,19.560000,19.534000,19.509000,19.484000,19.460000,,,23.414000,23.611000,25.928000,24.266000,24.956000,,,,,,,,,,,,,,,,
3.4400,23.285000,23.285000,23.285000,23.285000,23.285000,,,23.285000,23.285000,23.285000,23.285000,23.285000,,,21.857000,21.857000,21.857000,21.857000,21.857000,,,19.560000,19.534000,19.509000,19.484000,19.460000,,,23.414000,23.611000,25.928000,24.266000,24.956000,,,,,,,,,,,,,,,,
3.4500,23.285000,23.285000,23.285000,23.285000,23.285000,,,23.285000,23.285000,23.285000,23.285000,23.285000,,,21.857000,21.857000,21.857000,21.857000,21.857000,,,19.560000,19.534000,19.509000,19.484000,19.460000,,,23.414000,23.611000,25.928000,24.266000,24.956000,,,,,,,,,,,,,,,,
3.4600,23.285000,23.285000,23.285000,23.285000,23.285000,,,23.285000,23.285000,23.285000,23.285000,23.285000,,,21.857000,21.857000,21.857000,21.857000,21.857000,,,19.560000,19.534000,19.509000,19.484000,19.460000,,,23.414000,23.611000,25.928000,24.266000,24.956000,,,,,,,,,,,,,,,,
3.4700,23.285000,23.285000,23.285000,23.285000,23.285000,,,23.285000,23.285000,23.285000,23.285000,23.285000,,,21.857000,21.857000,21.857000,21.857000,21.857000,,,19.560000,19.534000,19.509000,19.484000,19.460000,,,23.414000,23.611000,25.928000,24.266000,24.956000,,,,,,,,,,,,,,,,
3.4800,23.285000,23.285000,23.285000,23.285000,23.285000,,,23.285000,23.285000,23.285000,23.285000,23.285000,,,21.857000,21.857000,21.857000,21.857000,21.857000,,,19.560000,19.534000,19.509000,19.484000,19.460000,,,23.414000,23.611000,25.928000,24.266000,24.956000,,,,,,,,,,,,,,,,
3.4900,23.285000,23.285000,23.285000,23.285000,23.285000,,,23.285000,23.285000,23.285000,23.285000,23.285000,,,21.857000,21.857000,21.857000,21.857000,21.857000,,,19.560000,19.534000,19.509000,19.484000,19.460000,,,23.414000,23.611000,25.928000,24.266000,24.956000,,,,,,,,,,,,,,,,
3.5000,23.285000,23.285000,23.285000,23.285000,23.285000,,,23.285000,23.285000,23.285000,23.285000,23.285000,,,21.857000,21.857000,21.857000,21.857000,21.857000,,,19.560000,19.534000,19.509000,19.484000,19.460000,,,23.414000,23.611000,25.928000,24.266000,24.956000,,,,,,,,,,,,,,,,
3.5100,23.285000,23.285000,23.285000,23.285000,23.285000,,,23.285000,23.285000,23.285000,23.285000,23.285000,,,21.857000,21.857000,21.857000,21.857000,21.857000,,,19.560000,19.534000,19.509000,19.484000,19.460000,,,23.414000,23.611000,25.928000,24.266000,24.956000,,,,,,,,,,,,,,,,
3.5200,23.285000,23.285000,23.285000,23.285000,23.285000,,,23.285000,23.285000,23.285000,23.285000,23.285000,,,21.857000,21.857000,21.857000,21.857000,21.857000,,,19.560000,19.534000,19.509000,19.484000,19.460000,,,23.414000,23.611000,25.928000,24.266000,24.956000,,,,,,,,,,,,,,,,
3.5300,23.285000,23.285000,23.285000,23.285000,23.285000,,,23.285000,23.285000,23.285000,23.285000,23.285000,,,21.857000,21.857000,21.857000,21.857000,21.857000,,,19.560000,19.534000,19.509000,19.484000,19.460000,,,23.414000,23.611000,25.928000,24.266000,24.956000,,,,,,,,,,,,,,,,
3.5400,23.285000,23.285000,23.285000,23.285000,23.285000,,,23.285000,23.285000,23.285000,23.285000,23.285000,,,21.857000,21.857000,21.857000,21.857000,21.857000,,,19.560000,19.534000,19.509000,19.484000,19.460000,,,23.414000,23.611000,25.928000,24.266000,24.956000,,,,,,,,,,,,,,,,
3.5500,23.285000,23.285000,23.285000,23.285000,23.285000,,,23.285000,23.285000,23.285000,23.285000,23.285000,,,21.857000,21.857000,21.857000,21.857000,21.857000,,,19.560000,19.534000,19.509000,19.484000,19.460000,,,23.414000,23.611000,25.928000,24.266000,24.956000,,,,,,,,,,,,,,,,
3.5600,23.285000,23.285000,23.285000,23.285000,23.285000,,,23.285000,23.285000,23.285000,23.285000,23.285000,,,21.857000,21.857000,21.857000,21.857000,21.857000,,,19.560000,19.534000,19.509000,19.484000,19.460000,,,23.414000,23.611000,25.928000,24.266000,24.956000,,,,,,,,,,,,,,,,
3.5700,23.285000,23.285000,23.285000,23.285000,23.285000,,,23.285000,23.285000,23.285000,23.285000,23.285000,,,21.857000,21.857000,21.857000,21.857000,21.857000,,,19.560000,19.534000,19.509000,19.484000,19.460000,,,23.414000,23.611000,25.928000,24.266000,24.956000,,,,,,,,,,,,,,,,
3.5800,23.285000,23.285000,23.285000,23.285000,23.285000,,,23.285000,23.285000,23.285000,23.285000,23.285000,,,21.857000,21.857000,21.857000,21.857000,21.857000,,,19.560000,19.534000,19.509000,19.484000,19.460000,,,23.414000,23.611000,25.928000,24.266000,24.956000,,,,,,,,,,,,,,,,
3.5900,23.285000,23.285000,23.285000,23.285000,23.285000,,,23.285000,23.285000,23.285000,23.285000,23.285000,,,21.857000,21.857000,21.857000,21.857000,21.857000,,,19.560000,19.534000,19.509000,19.484000,19.460000,,,23.414000,23.611000,25.928000,24.266000,24.956000,,,,,,,,,,,,,,,,
3.6000,23.285000,23.285000,23.285000,23.285000,23.285000,,,23.285000,23.285000,23.285000,23.285000,23.285000,,,21.857000,21.857000,21.857000,21.857000,21.857000,,,19.560000,19.534000,19.509000,19.484000,19.460000,,,23.414000,23.611000,25.928000,24.266000,24.956000,,,,,,,,,,,,,,,,
3.6100,23.285000,23.285000,23.285000,23.285000,23.285000,,,23.285000,23.285000,23.285000,23.285000,23.285000,,,21.857000,21.857000,21.857000,21.857000,21.857000,,,19.560000,19.534000,19.509000,19.484000,19.460000,,,23.414000,23.611000,25.928000,24.266000,24.956000,,,,,,,,,,,,,,,,
3.6200,23.285000,23.285000,23.285000,23.285000,23.285000,,,23.285000,23.285000,23.285000,23.285000,23.285000,,,21.857000,21.857000,21.857000,21.857000,21.857000,,,19.560000,19.534000,19.509000,19.484000,19.460000,,,23.414000,23.611000,25.928000,24.266000,24.956000,,,,,,,,,,,,,,,,
3.6300,23.285000,23.285000,23.285000,23.285000,23.285000,,,23.285000,23.285000,23.285000,23.285000,23.285000,,,21.857000,21.857000,21.857000,21.857000,21.857000,,,19.560000,19.534000,19.509000,19.484000,19.460000,,,23.414000,23.611000,25.928000,24.266000,24.956000,,,,,,,,,,,,,,,,
3.6400,23.285000,23.285000,23.285000,23.285000,23.285000,,,23.285000,23.285000,23.285000,23.285000,23.285000,,,21.857000,21.857000,21.857000,21.857000,21.857000,,,19.560000,19.534000,19.509000,19.484000,19.460000,,,23.414000,23.611000,25.928000,24.266000,24.956000,,,,,,,,,,,,,,,,
3.6500,23.285000,23.285000,23.285000,23.285000,23.285000,,,23.285000,23.285000,23.285000,23.285000,23.285000,,,21.857000,21.857000,21.857000,21.857000,21.857000,,,19.560000,19.534000,19.509000,19.484000,19.460000,,,23.414000,23.611000,25.928000,24.266000,24.956000,,,,,,,,,,,,,,,,
3.6600,23.285000,23.285000,23.285000,23.285000,23.285000,,,23.285000,23.285000,23.285000,23.285000,23.285000,,,21.857000,21.857000,21.857000,21.857000,21.857000,,,19.560000,19.534000,19.509000,19.484000,19.460000,,,23.414000,23.611000,25.928000,24.266000,24.956000,,,,,,,,,,,,,,,,
3.6700,23.285000,23.285000,23.285000,23.285000,23.285000,,,23.285000,23.285000,23.285000,23.285000,23.285000,,,21.857000,21.857000,21.857000,21.857000,21.857000,,,19.560000,19.534000,19.509000,19.484000,19.460000,,,23.414000,23.611000,25.928000,24.266000,24.956000,,,,,,,,,,,,,,,,
3.6800,23.285000,23.285000,23.285000,23.285000,23.285000,,,23.285000,23.285000,23.285000,23.285000,23.285000,,,21.857000,21.857000,21.857000,21.857000,21.857000,,,19.560000,19.534000,19.509000,19.484000,19.460000,,,23.414000,23.611000,25.928000,24.266000,24.956000,,,,,,,,,,,,,,,,
3.6900,23.285000,23.285000,23.285000,23.285000,23.285000,,,23.285000,23.285000,23.285000,23.285000,23.285000,,,21.857000,21.857000,21.857000,21.857000,21.857000,,,19.560000,19.534000,19.509000,19.484000,19.460000,,,23.414000,23.611000,25.928000,24.266000,24.956000,,,,,,,,,,,,,,,,
3.7000,23.285000,23.285000,23.285000,23.285000,23.285000,,,23.285000,23.285000,23.285000,23.285000,23.285000,,,21.857000,21.857000,21.857000,21.857000,21.857000,,,19.560000,19.534000,19.509000,19.484000,19.460000,,,23.414000,23.611000,25.928000,24.266000,24.956000,,,,,,,,,,,,,,,,
3.7100,23.285000,23.285000,23.285000,23.285000,23.285000,,,23.285000,23.285000,23.285000,23.285000,23.285000,,,21.857000,21.857000,21.857000,21.857000,21.857000,,,19.560000,19.534000,19.509000,19.484000,19.460000,,,23.414000,23.611000,25.928000,24.266000,24.956000,,,,,,,,,,,,,,,,
3.7200,23.285000,23.285000,23.285000,23.285000,23.285000,,,23.285000,23.285000,23.285000,23.285000,23.285000,,,21.857000,21.857000,21.857000,21.857000,21.857000,,,19.560000,19.534000,19.509000,19.484000,19.460000,,,23.414000,23.611000,25.928000,24.266000,24.956000,,,,,,,,,,,,,,,,
3.7300,23.285000,23.285000,23.285000,23.285000,23.285000,,,23.285000,23.285000,23.285000,23.285000,23.285000,,,21.857000,21.857000,21.857000,21.857000,21.857000,,,19.560000,19.534000,19.509000,19.484000,19.460000,,,23.414000,23.611000,25.928000,24.266000,24.956000,,,,,,,,,,,,,,,,
3.7400,23.285000,23.285000,23.285000,23.285000,23.285000,,,23.285000,23.285000,23.285000,23.285000,23.285000,,,21.857000,21.857000,21.857000,21.857000,21.857000,,,19.560000,19.534000,19.509000,19.484000,19.460000,,,23.414000,23.611000,25.928000,24.266000,24.956000,,,,,,,,,,,,,,,,
3.7500,23.285000,23.285000,23.285000,23.285000,23.285000,,,23.285000,23.285000,23.285000,23.285000,23.285000,,,21.857000,21.857000,21.857000,21.857000,21.857000,,,19.560000,19.534000,19.509000,19.484000,19.460000,,,23.414000,23.611000,25.928000,24.266000,24.956000,,,,,,,,,,,,,,,,
3.7600,23.285000,23.285000,23.285000,23.285000,23.285000,,,23.285000,23.285000,23.285000,23.285000,23.285000,,,21.857000,21.857000,21.857000,21.857000,21.857000,,,19.560000,19.534000,19.509000,19.484000,19.460000,,,23.414000,23.611000,25.928000,24.266000,24.956000,,,,,,,,,,,,,,,,
3.7700,23.285000,23.285000,23.285000,23.285000,23.285000,,,23.285000,23.285000,23.285000,23.285000,23.285000,,,21.857000,21.857000,21.857000,21.857000,21.857000,,,19.560000,19.534000,19.509000,19.484000,19.460000,,,23.414000,23.611000,25.928000,24.266000,24.956000,,,,,,,,,,,,,,,,
3.7800,23.285000,23.285000,23.285000,23.285000,23.285000,,,23.285000,23.285000,23.285000,23.285000,23.285000,,,21.857000,21.857000,21.857000,21.857000,21.857000,,,19.560000,19.534000,19.509000,19.484000,19.460000,,,23.414000,23.611000,25.928000,24.266000,24.956000,,,,,,,,,,,,,,,,
3.7900,23.285000,23.285000,23.285000,23.285000,23.285000,,,23.285000,23.285000,23.285000,23.285000,23.285000,,,21.857000,21.857000,21.857000,21.857000,21.857000,,,19.560000,19.534000,19.509000,19.484000,19.460000,,,23.414000,23.611000,25.928000,24.266000,24.956000,,,,,,,,,,,,,,,,
3.8000,23.285000,23.285000,23.285000,23.285000,23.285000,,,23.285000,23.285000,23.285000,23.285000,23.285000,,,21.857000,21.857000,21.857000,21.857000,21.857000,,,19.560000,19.534000,19.509000,19.484000,19.460000,,,23.414000,23.611000,25.928000,24.266000,24.956000,,,,,,,,,,,,,,,,
3.8100,23.285000,23.285000,23.285000,23.285000,23.285000,,,23.285000,23.285000,23.285000,23.285000,23.285000,,,21.857000,21.857000,21.857000,21.857000,21.857000,,,19.560000,19.534000,19.509000,19.484000,19.460000,,,23.414000,23.611000,25.928000,24.266000,24.956000,,,,,,,,,,,,,,,,
3.8200,23.285000,23.285000,23.285000,23.285000,23.285000,,,23.285000,23.285000,23.285000,23.285000,23.285000,,,21.857000,21.857000,21.857000,21.857000,21.857000,,,19.560000,19.534000,19.509000,19.484000,19.460000,,,23.414000,23.611000,25.928000,24.266000,24.956000,,,,,,,,,,,,,,,,
3.8300,23.285000,23.285000,23.285000,23.285000,23.285000,,,23.285000,23.285000,23.285000,23.285000,23.285000,,,21.857000,21.857000,21.857000,21.857000,21.857000,,,19.560000,19.534000,19.509000,19.484000,19.460000,,,23.414000,23.611000,25.928000,24.266000,24.956000,,,,,,,,,,,,,,,,
3.8400,23.285000,23.285000,23.285000,23.285000,23.285000,,,23.285000,23.285000,23.285000,23.285000,23.285000,,,21.857000,21.857000,21.857000,21.857000,21.857000,,,19.560000,19.534000,19.509000,19.484000,19.460000,,,23.414000,23.611000,25.928000,24.266000,24.956000,,,,,,,,,,,,,,,,
3.8500,23.285000,23.285000,23.285000,23.285000,23.285000,,,23.285000,23.285000,23.285000,23.285000,23.285000,,,21.857000,21.857000,21.857000,21.857000,21.857000,,,19.560000,19.534000,19.509000,19.484000,19.460000,,,23.414000,23.611000,25.928000,24.266000,24.956000,,,,,,,,,,,,,,,,
3.8600,23.285000,23.285000,23.285000,23.285000,23.285000,,,23.285000,23.285000,23.285000,23.285000,23.285000,,,21.857000,21.857000,21.857000,21.857000,21.857000,,,19.560000,19.534000,19.509000,19.484000,19.460000,,,23.414000,23.611000,25.928000,24.266000,24.956000,,,,,,,,,,,,,,,,
3.8700,23.285000,23.285000,23.285000,23.285000,23.285000,,,23.285000,23.285000,23.285000,23.285000,23.285000,,,21.857000,21.857000,21.857000,21.857000,21.857000,,,19.560000,19.534000,19.509000,19.484000,19.460000,,,23.414000,23.611000,25.928000,24.266000,24.956000,,,,,,,,,,,,,,,,
3.8800,23.285000,23.285000,23.285000,23.285000,23.285000,,,23.285000,23.285000,23.285000,23.285000,23.285000,,,21.857000,21.857000,21.857000,21.857000,21.857000,,,19.560000,19.534000,19.509000,19.484000,19.460000,,,23.414000,23.611000,25.928000,24.266000,24.956000,,,,,,,,,,,,,,,,
3.8900,23.285000,23.285000,23.285000,23.285000,23.285000,,,23.285000,23.285000,23.285000,23.285000,23.285000,,,21.857000,21.857000,21.857000,21.857000,21.857000,,,19.560000,19.534000,19.509000,19.484000,19.460000,,,23.414000,23.611000,25.928000,24.266000,24.956000,,,,,,,,,,,,,,,,
3.9000,23.285000,23.285000,23.285000,23.285000,23.285000,,,23.285000,23.285000,23.285000,23.285000,23.285000,,,21.857000,21.857000,21.857000,21.857000,21.857000,,,19.560000,19.534000,19.509000,19.484000,19.460000,,,23.414000,23.611000,25.928000,24.266000,24.956000,,,,,,,,,,,,,,,,
3.9100,23.285000,23.285000,23.285000,23.285000,23.285000,,,23.285000,23.285000,23.285000,23.285000,23.285000,,,21.857000,21.857000,21.857000,21.857000,21.857000,,,19.560000,19.534000,19.509000,19.484000,19.460000,,,23.414000,23.611000,25.928000,24.266000,24.956000,,,,,,,,,,,,,,,,
3.9200,23.285000,23.285000,23.285000,23.285000,23.285000,,,23.285000,23.285000,23.285000,23.285000,23.285000,,,21.857000,21.857000,21.857000,21.857000,21.857000,,,19.560000,19.534000,19.509000,19.484000,19.460000,,,23.414000,23.611000,25.928000,24.266000,24.956000,,,,,,,,,,,,,,,,
3.9300,23.285000,23.285000,23.285000,23.285000,23.285000,,,23.285000,23.285000,23.285000,23.285000,23.285000,,,21.857000,21.857000,21.857000,21.857000,21.857000,,,19.560000,19.534000,19.509000,19.484000,19.460000,,,23.414000,23.611000,25.928000,24.266000,24.956000,,,,,,,,,,,,,,,,
3.9400,23.285000,23.285000,23.285000,23.285000,23.285000,,,23.285000,23.285000,23.285000,23.285000,23.285000,,,21.857000,21.857000,21.857000,21.857000,21.857000,,,19.560000,19.534000,19.509000,19.484000,19.460000,,,23.414000,23.611000,25.928000,24.266000,24.956000,,,,,,,,,,,,,,,,
3.9500,23.285000,23.285000,23.285000,23.285000,23.285000,,,23.285000,23.285000,23.285000,23.285000,23.285000,,,21.857000,21.857000,21.857000,21.857000,21.857000,,,19.560000,19.534000,19.509000,19.484000,19.460000,,,23.414000,23.611000,25.928000,24.266000,24.956000,,,,,,,,,,,,,,,,
3.9600,23.285000,23.285000,23.285000,23.285000,23.285000,,,23.285000,23.285000,23.285000,23.285000,23.285000,,,21.857000,21.857000,21.857000,21.857000,21.857000,,,19.560000,19.534000,19.509000,19.484000,19.460000,,,23.414000,23.611000,25.928000,24.266000,24.956000,,,,,,,,,,,,,,,,
3.9700,23.285000,23.285000,23.285000,23.285000,23.285000,,,23.285000,23.285000,23.285000,23.285000,23.285000,,,21.857000,21.857000,21.857000,21.857000,21.857000,,,19.560000,19.534000,19.509000,19.484000,19.460000,,,23.414000,23.611000,25.928000,24.266000,24.956000,,,,,,,,,,,,,,,,
3.9800,23.285000,23.285000,23.285000,23.285000,23.285000,,,23.285000,23.285000,23.285000,23.285000,23.285000,,,21.857000,21.857000,21.857000,21.857000,21.857000,,,19.560000,19.534000,19.509000,19.484000,19.460000,,,23.414000,23.611000,25.928000,24.266000,24.956000,,,,,,,,,,,,,,,,
3.9900,23.285000,23.285000,23.285000,23.285000,23.285000,,,23.285000,23.285000,23.285000,23.285000,23.285000,,,21.857000,21.857000,21.857000,21.857000,21.857000,,,19.560000,19.534000,19.509000,19.484000,19.460000,,,23.414000,23.611000,25.928000,24.266000,24.956000,,,,,,,,,,,,,,,,
4.0000,23.285000,23.285000,23.285000,23.285000,23.285000,,,23.285000,23.285000,23.285000,23.285000,23.285000,,,21.857000,21.857000,21.857000,21.857000,21.857000,,,19.560000,19.534000,19.509000,19.484000,19.460000,,,23.414000,23.611000,25.928000,24.266000,24.956000,,,,,,,,,,,,,,,,
4.0100,23.285000,23.285000,23.285000,23.285000,23.285000,,,23.285000,23.285000,23.285000,23.285000,23.285000,,,21.857000,21.857000,21.857000,21.857000,21.857000,,,19.560000,19.534000,19.509000,19.484000,19.460000,,,23.414000,23.611000,25.928000,24.266000,24.956000,,,,,,,,,,,,,,,,
4.0200,23.285000,23.285000,23.285000,23.285000,23.285000,,,23.285000,23.285000,23.285000,23.285000,23.285000,,,21.857000,21.857000,21.857000,21.857000,21.857000,,,19.560000,19.534000,19.509000,19.484000,19.460000,,,23.414000,23.611000,25.928000,24.266000,24.956000,,,,,,,,,,,,,,,,
4.0300,23.285000,23.285000,23.285000,23.285000,23.285000,,,23.285000,23.285000,23.285000,23.285000,23.285000,,,21.857000,21.857000,21.857000,21.857000,21.857000,,,19.560000,19.534000,19.509000,19.484000,19.460000,,,23.414000,23.611000,25.928000,24.266000,24.956000,,,,,,,,,,,,,,,,
4.0400,23.285000,23.285000,23.285000,23.285000,23.285000,,,23.285000,23.285000,23.285000,23.285000,23.285000,,,21.857000,21.857000,21.857000,21.857000,21.857000,,,19.560000,19.534000,19.509000,19.484000,19.460000,,,23.414000,23.611000,25.928000,24.266000,24.956000,,,,,,,,,,,,,,,,
4.0500,23.285000,23.285000,23.285000,23.285000,23.285000,,,23.285000,23.285000,23.285000,23.285000,23.285000,,,21.857000,21.857000,21.857000,21.857000,21.857000,,,19.560000,19.534000,19.509000,19.484000,19.460000,,,23.414000,23.611000,25.928000,24.266000,24.956000,,,,,,,,,,,,,,,,
4.0600,23.285000,23.285000,23.285000,23.285000,23.285000,,,23.285000,23.285000,23.285000,23.285000,23.285000,,,21.857000,21.857000,21.857000,21.857000,21.857000,,,19.560000,19.534000,19.509000,19.484000,19.460000,,,23.414000,23.611000,25.928000,24.266000,24.956000,,,,,,,,,,,,,,,,
4.0700,23.285000,23.285000,23.285000,23.285000,23.285000,,,23.285000,23.285000,23.285000,23.285000,23.285000,,,21.857000,21.857000,21.857000,21.857000,21.857000,,,19.560000,19.534000,19.509000,19.484000,19.460000,,,23.414000,23.611000,25.928000,24.266000,24.956000,,,,,,,,,,,,,,,,
4.0800,23.285000,23.285000,23.285000,23.285000,23.285000,,,23.285000,23.285000,23.285000,23.285000,23.285000,,,21.857000,21.857000,21.857000,21.857000,21.857000,,,19.560000,19.534000,19.509000,19.484000,19.460000,,,23.414000,23.611000,25.928000,24.266000,24.956000,,,,,,,,,,,,,,,,
4.0900,23.285000,23.285000,23.285000,23.285000,23.285000,,,23.285000,23.285000,23.285000,23.285000,23.285000,,,21.857000,21.857000,21.857000,21.857000,21.857000,,,19.560000,19.534000,19.509000,19.484000,19.460000,,,23.414000,23.611000,25.928000,24.266000,24.956000,,,,,,,,,,,,,,,,
4.1000,23.285000,23.285000,23.285000,23.285000,23.285000,,,23.285000,23.285000,23.285000,23.285000,23.285000,,,21.857000,21.857000,21.857000,21.857000,21.857000,,,19.560000,19.534000,19.509000,19.484000,19.460000,,,23.414000,23.611000,25.928000,24.266000,24.956000,,,,,,,,,,,,,,,,
4.1100,23.285000,23.285000,23.285000,23.285000,23.285000,,,23.285000,23.285000,23.285000,23.285000,23.285000,,,21.857000,21.857000,21.857000,21.857000,21.857000,,,19.560000,19.534000,19.509000,19.484000,19.460000,,,23.414000,23.611000,25.928000,24.266000,24.956000,,,,,,,,,,,,,,,,
4.1200,23.285000,23.285000,23.285000,23.285000,23.285000,,,23.285000,23.285000,23.285000,23.285000,23.285000,,,21.857000,21.857000,21.857000,21.857000,21.857000,,,19.560000,19.534000,19.509000,19.484000,19.460000,,,23.414000,23.611000,25.928000,24.266000,24.956000,,,,,,,,,,,,,,,,
4.1300,23.285000,23.285000,23.285000,23.285000,23.285000,,,23.285000,23.285000,23.285000,23.285000,23.285000,,,21.857000,21.857000,21.857000,21.857000,21.857000,,,19.560000,19.534000,19.509000,19.484000,19.460000,,,23.414000,23.611000,25.928000,24.266000,24.956000,,,,,,,,,,,,,,,,
4.1400,23.285000,23.285000,23.285000,23.285000,23.285000,,,23.285000,23.285000,23.285000,23.285000,23.285000,,,21.857000,21.857000,21.857000,21.857000,21.857000,,,19.560000,19.534000,19.509000,19.484000,19.460000,,,23.414000,23.611000,25.928000,24.266000,24.956000,,,,,,,,,,,,,,,,
4.1500,23.285000,23.285000,23.285000,23.285000,23.285000,,,23.285000,23.285000,23.285000,23.285000,23.285000,,,21.857000,21.857000,21.857000,21.857000,21.857000,,,19.560000,19.534000,19.509000,19.484000,19.460000,,,23.414000,23.611000,25.928000,24.266000,24.956000,,,,,,,,,,,,,,,,
4.1600,23.285000,23.285000,23.285000,23.285000,23.285000,,,23.285000,23.285000,23.285000,23.285000,23.285000,,,21.857000,21.857000,21.857000,21.857000,21.857000,,,19.560000,19.534000,19.509000,19.484000,19.460000,,,23.414000,23.611000,25.928000,24.266000,24.956000,,,,,,,,,,,,,,,,
4.1700,23.285000,23.285000,23.285000,23.285000,23.285000,,,23.285000,23.285000,23.285000,23.285000,23.285000,,,21.857000,21.857000,21.857000,21.857000,21.857000,,,19.560000,19.534000,19.509000,19.484000,19.460000,,,23.414000,23.611000,25.928000,24.266000,24.956000,,,,,,,,,,,,,,,,
4.1800,23.285000,23.285000,23.285000,23.285000,23.285000,,,23.285000,23.285000,23.285000,23.285000,23.285000,,,21.857000,21.857000,21.857000,21.857000,21.857000,,,19.560000,19.534000,19.509000,19.484000,19.460000,,,23.414000,23.611000,25.928000,24.266000,24.956000,,,,,,,,,,,,,,,,
4.1900,23.285000,23.285000,23.285000,23.285000,23.285000,,,23.285000,23.285000,23.285000,23.285000,23.285000,,,21.857000,21.857000,21.857000,21.857000,21.857000,,,19.560000,19.534000,19.509000,19.484000,19.460000,,,23.414000,23.611000,25.928000,24.266000,24.956000,,,,,,,,,,,,,,,,
4.2000,23.285000,23.285000,23.285000,23.285000,23.285000,,,23.285000,23.285000,23.285000,23.285000,23.285000,,,21.857000,21.857000,21.857000,21.857000,21.857000,,,19.560000,19.534000,19.509000,19.484000,19.460000,,,23.414000,23.611000,25.928000,24.266000,24.956000,,,,,,,,,,,,,,,,
4.2100,23.285000,23.285000,23.285000,23.285000,23.285000,,,23.285000,23.285000,23.285000,23.285000,23.285000,,,21.857000,21.857000,21.857000,21.857000,21.857000,,,19.560000,19.534000,19.509000,19.484000,19.460000,,,23.414000,23.611000,25.928000,24.266000,24.956000,,,,,,,,,,,,,,,,
4.2200,23.285000,23.285000,23.285000,23.285000,23.285000,,,23.285000,23.285000,23.285000,23.285000,23.285000,,,21.857000,21.857000,21.857000,21.857000,21.857000,,,19.560000,19.534000,19.509000,19.484000,19.460000,,,23.414000,23.611000,25.928000,24.266000,24.956000,,,,,,,,,,,,,,,,
4.2300,23.285000,23.285000,23.285000,23.285000,23.285000,,,23.285000,23.285000,23.285000,23.285000,23.285000,,,21.857000,21.857000,21.857000,21.857000,21.857000,,,19.560000,19.534000,19.509000,19.484000,19.460000,,,23.414000,23.611000,25.928000,24.266000,24.956000,,,,,,,,,,,,,,,,
4.2400,23.285000,23.285000,23.285000,23.285000,23.285000,,,23.285000,23.285000,23.285000,23.285000,23.285000,,,21.857000,21.857000,21.857000,21.857000,21.857000,,,19.560000,19.534000,19.509000,19.484000,19.460000,,,23.414000,23.611000,25.928000,24.266000,24.956000,,,,,,,,,,,,,,,,
4.2500,23.285000,23.285000,23.285000,23.285000,23.285000,,,23.285000,23.285000,23.285000,23.285000,23.285000,,,21.857000,21.857000,21.857000,21.857000,21.857000,,,19.560000,19.534000,19.509000,19.484000,19.460000,,,23.414000,23.611000,25.928000,24.266000,24.956000,,,,,,,,,,,,,,,,
4.2600,23.285000,23.285000,23.285000,23.285000,23.285000,,,23.285000,23.285000,23.285000,23.285000,23.285000,,,21.857000,21.857000,21.857000,21.857000,21.857000,,,19.560000,19.534000,19.509000,19.484000,19.460000,,,23.414000,23.611000,25.928000,24.266000,24.956000,,,,,,,,,,,,,,,,
4.2700,23.285000,23.285000,23.285000,23.285000,23.285000,,,23.285000,23.285000,23.285000,23.285000,23.285000,,,21.857000,21.857000,21.857000,21.857000,21.857000,,,19.560000,19.534000,19.509000,19.484000,19.460000,,,23.414000,23.611000,25.928000,24.266000,24.956000,,,,,,,,,,,,,,,,
4.2800,23.285000,23.285000,23.285000,23.285000,23.285000,,,23.285000,23.285000,23.285000,23.285000,23.285000,,,21.857000,21.857000,21.857000,21.857000,21.857000,,,19.560000,19.534000,19.509000,19.484000,19.460000,,,23.414000,23.611000,25.928000,24.266000,24.956000,,,,,,,,,,,,,,,,
4.2900,23.285000,23.285000,23.285000,23.285000,23.285000,,,23.285000,23.285000,23.285000,23.285000,23.285000,,,21.857000,21.857000,21.857000,21.857000,21.857000,,,19.560000,19.534000,19.509000,19.484000,19.460000,,,23.414000,23.611000,25.928000,24.266000,24.956000,,,,,,,,,,,,,,,,
4.3000,23.285000,23.285000,23.285000,23.285000,23.285000,,,23.285000,23.285000,23.285000,23.285000,23.285000,,,21.857000,21.857000,21.857000,21.857000,21.857000,,,19.560000,19.534000,19.509000,19.484000,19.460000,,,23.414000,23.611000,25.928000,24.266000,24.956000,,,,,,,,,,,,,,,,
4.3100,23.285000,23.285000,23.285000,23.285000,23.285000,,,23.285000,23.285000,23.285000,23.285000,23.285000,,,21.857000,21.857000,21.857000,21.857000,21.857000,,,19.560000,19.534000,19.509000,19.484000,19.460000,,,23.414000,23.611000,25.928000,24.266000,24.956000,,,,,,,,,,,,,,,,
4.3200,23.285000,23.285000,23.285000,23.285000,23.285000,,,23.285000,23.285000,23.285000,23.285000,23.285000,,,21.857000,21.857000,21.857000,21.857000,21.857000,,,19.560000,19.534000,19.509000,19.484000,19.460000,,,23.414000,23.611000,25.928000,24.266000,24.956000,,,,,,,,,,,,,,,,
4.3300,23.285000,23.285000,23.285000,23.285000,23.285000,,,23.285000,23.285000,23.285000,23.285000,23.285000,,,21.857000,21.857000,21.857000,21.857000,21.857000,,,19.560000,19.534000,19.509000,19.484000,19.460000,,,23.414000,23.611000,25.928000,24.266000,24.956000,,,,,,,,,,,,,,,,
4.3400,23.285000,23.285000,23.285000,23.285000,23.285000,,,23.285000,23.285000,23.285000,23.285000,23.285000,,,21.857000,21.857000,21.857000,21.857000,21.857000,,,19.560000,19.534000,19.509000,19.484000,19.460000,,,23.414000,23.611000,25.928000,24.266000,24.956000,,,,,,,,,,,,,,,,
4.3500,23.285000,23.285000,23.285000,23.285000,23.285000,,,23.285000,23.285000,23.285000,23.285000,23.285000,,,21.857000,21.857000,21.857000,21.857000,21.857000,,,19.560000,19.534000,19.509000,19.484000,19.460000,,,23.414000,23.611000,25.928000,24.266000,24.956000,,,,,,,,,,,,,,,,
4.3600,23.285000,23.285000,23.285000,23.285000,23.285000,,,23.285000,23.285000,23.285000,23.285000,23.285000,,,21.857000,21.857000,21.857000,21.857000,21.857000,,,19.560000,19.534000,19.509000,19.484000,19.460000,,,23.414000,23.611000,25.928000,24.266000,24.956000,,,,,,,,,,,,,,,,
4.3700,23.285000,23.285000,23.285000,23.285000,23.285000,,,23.285000,23.285000,23.285000,23.285000,23.285000,,,21.857000,21.857000,21.857000,21.857000,21.857000,,,19.560000,19.534000,19.509000,19.484000,19.460000,,,23.414000,23.611000,25.928000,24.266000,24.956000,,,,,,,,,,,,,,,,
4.3800,23.285000,23.285000,23.285000,23.285000,23.285000,,,23.285000,23.285000,23.285000,23.285000,23.285000,,,21.857000,21.857000,21.857000,21.857000,21.857000,,,19.560000,19.534000,19.509000,19.484000,19.460000,,,23.414000,23.611000,25.928000,24.266000,24.956000,,,,,,,,,,,,,,,,
4.3900,23.285000,23.285000,23.285000,23.285000,23.285000,,,23.285000,23.285000,23.285000,23.285000,23.285000,,,21.857000,21.857000,21.857000,21.857000,21.857000,,,19.560000,19.534000,19.509000,19.484000,19.460000,,,23.414000,23.611000,25.928000,24.266000,24.956000,,,,,,,,,,,,,,,,
4.4000,23.285000,23.285000,23.285000,23.285000,23.285000,,,23.285000,23.285000,23.285000,23.285000,23.285000,,,21.857000,21.857000,21.857000,21.857000,21.857000,,,19.560000,19.534000,19.509000,19.484000,19.460000,,,23.414000,23.611000,25.928000,24.266000,24.956000,,,,,,,,,,,,,,,,
4.4100,23.285000,23.285000,23.285000,23.285000,23.285000,,,23.285000,23.285000,23.285000,23.285000,23.285000,,,21.857000,21.857000,21.857000,21.857000,21.857000,,,19.560000,19.534000,19.509000,19.484000,19.460000,,,23.414000,23.611000,25.928000,24.266000,24.956000,,,,,,,,,,,,,,,,
4.4200,23.285000,23.285000,23.285000,23.285000,23.285000,,,23.285000,23.285000,23.285000,23.285000,23.285000,,,21.857000,21.857000,21.857000,21.857000,21.857000,,,19.560000,19.534000,19.509000,19.484000,19.460000,,,23.414000,23.611000,25.928000,24.266000,24.956000,,,,,,,,,,,,,,,,
4.4300,23.285000,23.285000,23.285000,23.285000,23.285000,,,23.285000,23.285000,23.285000,23.285000,23.285000,,,21.857000,21.857000,21.857000,21.857000,21.857000,,,19.560000,19.534000,19.509000,19.484000,19.460000,,,23.414000,23.611000,25.928000,24.266000,24.956000,,,,,,,,,,,,,,,,
4.4400,23.285000,23.285000,23.285000,23.285000,23.285000,,,23.285000,23.285000,23.285000,23.285000,23.285000,,,21.857000,21.857000,21.857000,21.857000,21.857000,,,19.560000,19.534000,19.509000,19.484000,19.460000,,,23.414000,23.611000,25.928000,24.266000,24.956000,,,,,,,,,,,,,,,,
4.4500,23.285000,23.285000,23.285000,23.285000,23.285000,,,23.285000,23.285000,23.285000,23.285000,23.285000,,,21.857000,21.857000,21.857000,21.857000,21.857000,,,19.560000,19.534000,19.509000,19.484000,19.460000,,,23.414000,23.611000,25.928000,24.266000,24.956000,,,,,,,,,,,,,,,,
4.4600,23.285000,23.285000,23.285000,23.285000,23.285000,,,23.285000,23.285000,23.285000,23.285000,23.285000,,,21.857000,21.857000,21.857000,21.857000,21.857000,,,19.560000,19.534000,19.509000,19.484000,19.460000,,,23.414000,23.611000,25.928000,24.266000,24.956000,,,,,,,,,,,,,,,,
4.4700,23.285000,23.285000,23.285000,23.285000,23.285000,,,23.285000,23.285000,23.285000,23.285000,23.285000,,,21.857000,21.857000,21.857000,21.857000,21.857000,,,19.560000,19.534000,19.509000,19.484000,19.460000,,,23.414000,23.611000,25.928000,24.266000,24.956000,,,,,,,,,,,,,,,,
4.4800,23.285000,23.285000,23.285000,23.285000,23.285000,,,23.285000,23.285000,23.285000,23.285000,23.285000,,,21.857000,21.857000,21.857000,21.857000,21.857000,,,19.560000,19.534000,19.509000,19.484000,19.460000,,,23.414000,23.611000,25.928000,24.266000,24.956000,,,,,,,,,,,,,,,,
4.4900,23.285000,23.285000,23.285000,23.285000,23.285000,,,23.285000,23.285000,23.285000,23.285000,23.285000,,,21.857000,21.857000,21.857000,21.857000,21.857000,,,19.560000,19.534000,19.509000,19.484000,19.460000,,,23.414000,23.611000,25.928000,24.266000,24.956000,,,,,,,,,,,,,,,,
4.5000,23.285000,23.285000,23.285000,23.285000,23.285000,,,23.285000,23.285000,23.285000,23.285000,23.285000,,,21.857000,21.857000,21.857000,21.857000,21.857000,,,19.560000,19.534000,19.509000,19.484000,19.460000,,,23.414000,23.611000,25.928000,24.266000,24.956000,,,,,,,,,,,,,,,,
4.5100,23.285000,23.285000,23.285000,23.285000,23.285000,,,23.285000,23.285000,23.285000,23.285000,23.285000,,,21.857000,21.857000,21.857000,21.857000,21.857000,,,19.560000,19.534000,19.509000,19.484000,19.460000,,,23.414000,23.611000,25.928000,24.266000,24.956000,,,,,,,,,,,,,,,,
4.5200,23.285000,23.285000,23.285000,23.285000,23.285000,,,23.285000,23.285000,23.285000,23.285000,23.285000,,,21.857000,21.857000,21.857000,21.857000,21.857000,,,19.560000,19.534000,19.509000,19.484000,19.460000,,,23.414000,23.611000,25.928000,24.266000,24.956000,,,,,,,,,,,,,,,,
4.5300,23.285000,23.285000,23.285000,23.285000,23.285000,,,23.285000,23.285000,23.285000,23.285000,23.285000,,,21.857000,21.857000,21.857000,21.857000,21.857000,,,19.560000,19.534000,19.509000,19.484000,19.460000,,,23.414000,23.611000,25.928000,24.266000,24.956000,,,,,,,,,,,,,,,,
4.5400,23.285000,23.285000,23.285000,23.285000,23.285000,,,23.285000,23.285000,23.285000,23.285000,23.285000,,,21.857000,21.857000,21.857000,21.857000,21.857000,,,19.560000,19.534000,19.509000,19.484000,19.460000,,,23.414000,23.611000,25.928000,24.266000,24.956000,,,,,,,,,,,,,,,,
4.5500,23.285000,23.285000,23.285000,23.285000,23.285000,,,23.285000,23.285000,23.285000,23.285000,23.285000,,,21.857000,21.857000,21.857000,21.857000,21.857000,,,19.560000,19.534000,19.509000,19.484000,19.460000,,,23.414000,23.611000,25.928000,24.266000,24.956000,,,,,,,,,,,,,,,,
4.5600,23.285000,23.285000,23.285000,23.285000,23.285000,,,23.285000,23.285000,23.285000,23.285000,23.285000,,,21.857000,21.857000,21.857000,21.857000,21.857000,,,19.560000,19.534000,19.509000,19.484000,19.460000,,,23.414000,23.611000,25.928000,24.266000,24.956000,,,,,,,,,,,,,,,,
4.5700,23.285000,23.285000,23.285000,23.285000,23.285000,,,23.285000,23.285000,23.285000,23.285000,23.285000,,,21.857000,21.857000,21.857000,21.857000,21.857000,,,19.560000,19.534000,19.509000,19.484000,19.460000,,,23.414000,23.611000,25.928000,24.266000,24.956000,,,,,,,,,,,,,,,,
4.5800,23.285000,23.285000,23.285000,23.285000,23.285000,,,23.285000,23.285000,23.285000,23.285000,23.285000,,,21.857000,21.857000,21.857000,21.857000,21.857000,,,19.560000,19.534000,19.509000,19.484000,19.460000,,,23.414000,23.611000,25.928000,24.266000,24.956000,,,,,,,,,,,,,,,,
4.5900,23.285000,23.285000,23.285000,23.285000,23.285000,,,23.285000,23.285000,23.285000,23.285000,23.285000,,,21.857000,21.857000,21.857000,21.857000,21.857000,,,19.560000,19.534000,19.509000,19.484000,19.460000,,,23.414000,23.611000,25.928000,24.266000,24.956000,,,,,,,,,,,,,,,,
4.6000,23.285000,23.285000,23.285000,23.285000,23.285000,,,23.285000,23.285000,23.285000,23.285000,23.285000,,,21.857000,21.857000,21.857000,21.857000,21.857000,,,19.560000,19.534000,19.509000,19.484000,19.460000,,,23.414000,23.611000,25.928000,24.266000,24.956000,,,,,,,,,,,,,,,,
4.6100,23.285000,23.285000,23.285000,23.285000,23.285000,,,23.285000,23.285000,23.285000,23.285000,23.285000,,,21.857000,21.857000,21.857000,21.857000,21.857000,,,19.560000,19.534000,19.509000,19.484000,19.460000,,,23.414000,23.611000,25.928000,24.266000,24.956000,,,,,,,,,,,,,,,,
4.6200,23.285000,23.285000,23.285000,23.285000,23.285000,,,23.285000,23.285000,23.285000,23.285000,23.285000,,,21.857000,21.857000,21.857000,21.857000,21.857000,,,19.560000,19.534000,19.509000,19.484000,19.460000,,,23.414000,23.611000,25.928000,24.266000,24.956000,,,,,,,,,,,,,,,,
4.6300,23.285000,23.285000,23.285000,23.285000,23.285000,,,23.285000,23.285000,23.285000,23.285000,23.285000,,,21.857000,21.857000,21.857000,21.857000,21.857000,,,19.560000,19.534000,19.509000,19.484000,19.460000,,,23.414000,23.611000,25.928000,24.266000,24.956000,,,,,,,,,,,,,,,,
4.6400,23.285000,23.285000,23.285000,23.285000,23.285000,,,23.285000,23.285000,23.285000,23.285000,23.285000,,,21.857000,21.857000,21.857000,21.857000,21.857000,,,19.560000,19.534000,19.509000,19.484000,19.460000,,,23.414000,23.611000,25.928000,24.266000,24.956000,,,,,,,,,,,,,,,,
4.6500,23.285000,23.285000,23.285000,23.285000,23.285000,,,23.285000,23.285000,23.285000,23.285000,23.285000,,,21.857000,21.857000,21.857000,21.857000,21.857000,,,19.560000,19.534000,19.509000,19.484000,19.460000,,,23.414000,23.611000,25.928000,24.266000,24.956000,,,,,,,,,,,,,,,,
4.6600,23.285000,23.285000,23.285000,23.285000,23.285000,,,23.285000,23.285000,23.285000,23.285000,23.285000,,,21.857000,21.857000,21.857000,21.857000,21.857000,,,19.560000,19.534000,19.509000,19.484000,19.460000,,,23.414000,23.611000,25.928000,24.266000,24.956000,,,,,,,,,,,,,,,,
4.6700,23.285000,23.285000,23.285000,23.285000,23.285000,,,23.285000,23.285000,23.285000,23.285000,23.285000,,,21.857000,21.857000,21.857000,21.857000,21.857000,,,19.560000,19.534000,19.509000,19.484000,19.460000,,,23.414000,23.611000,25.928000,24.266000,24.956000,,,,,,,,,,,,,,,,
4.6800,23.285000,23.285000,23.285000,23.285000,23.285000,,,23.285000,23.285000,23.285000,23.285000,23.285000,,,21.857000,21.857000,21.857000,21.857000,21.857000,,,19.560000,19.534000,19.509000,19.484000,19.460000,,,23.414000,23.611000,25.928000,24.266000,24.956000,,,,,,,,,,,,,,,,
4.6900,23.285000,23.285000,23.285000,23.285000,23.285000,,,23.285000,23.285000,23.285000,23.285000,23.285000,,,21.857000,21.857000,21.857000,21.857000,21.857000,,,19.560000,19.534000,19.509000,19.484000,19.460000,,,23.414000,23.611000,25.928000,24.266000,24.956000,,,,,,,,,,,,,,,,
4.7000,23.285000,23.285000,23.285000,23.285000,23.285000,,,23.285000,23.285000,23.285000,23.285000,23.285000,,,21.857000,21.857000,21.857000,21.857000,21.857000,,,19.560000,19.534000,19.509000,19.484000,19.460000,,,23.414000,23.611000,25.928000,24.266000,24.956000,,,,,,,,,,,,,,,,
4.7100,23.285000,23.285000,23.285000,23.285000,23.285000,,,23.285000,23.285000,23.285000,23.285000,23.285000,,,21.857000,21.857000,21.857000,21.857000,21.857000,,,19.560000,19.534000,19.509000,19.484000,19.460000,,,23.414000,23.611000,25.928000,24.266000,24.956000,,,,,,,,,,,,,,,,
4.7200,23.285000,23.285000,23.285000,23.285000,23.285000,,,23.285000,23.285000,23.285000,23.285000,23.285000,,,21.857000,21.857000,21.857000,21.857000,21.857000,,,19.560000,19.534000,19.509000,19.484000,19.460000,,,23.414000,23.611000,25.928000,24.266000,24.956000,,,,,,,,,,,,,,,,
4.7300,23.285000,23.285000,23.285000,23.285000,23.285000,,,23.285000,23.285000,23.285000,23.285000,23.285000,,,21.857000,21.857000,21.857000,21.857000,21.857000,,,19.560000,19.534000,19.509000,19.484000,19.460000,,,23.414000,23.611000,25.928000,24.266000,24.956000,,,,,,,,,,,,,,,,
4.7400,23.285000,23.285000,23.285000,23.285000,23.285000,,,23.285000,23.285000,23.285000,23.285000,23.285000,,,21.857000,21.857000,21.857000,21.857000,21.857000,,,19.560000,19.534000,19.509000,19.484000,19.460000,,,23.414000,23.611000,25.928000,24.266000,24.956000,,,,,,,,,,,,,,,,
4.7500,23.285000,23.285000,23.285000,23.285000,23.285000,,,23.285000,23.285000,23.285000,23.285000,23.285000,,,21.857000,21.857000,21.857000,21.857000,21.857000,,,19.560000,19.534000,19.509000,19.484000,19.460000,,,23.414000,23.611000,25.928000,24.266000,24.956000,,,,,,,,,,,,,,,,
4.7600,23.285000,23.285000,23.285000,23.285000,23.285000,,,23.285000,23.285000,23.285000,23.285000,23.285000,,,21.857000,21.857000,21.857000,21.857000,21.857000,,,19.560000,19.534000,19.509000,19.484000,19.460000,,,23.414000,23.611000,25.928000,24.266000,24.956000,,,,,,,,,,,,,,,,
4.7700,23.285000,23.285000,23.285000,23.285000,23.285000,,,23.285000,23.285000,23.285000,23.285000,23.285000,,,21.857000,21.857000,21.857000,21.857000,21.857000,,,19.560000,19.534000,19.509000,19.484000,19.460000,,,23.414000,23.611000,25.928000,24.266000,24.956000,,,,,,,,,,,,,,,,
4.7800,23.285000,23.285000,23.285000,23.285000,23.285000,,,23.285000,23.285000,23.285000,23.285000,23.285000,,,21.857000,21.857000,21.857000,21.857000,21.857000,,,19.560000,19.534000,19.509000,19.484000,19.460000,,,23.414000,23.611000,25.928000,24.266000,24.956000,,,,,,,,,,,,,,,,
4.7900,23.285000,23.285000,23.285000,23.285000,23.285000,,,23.285000,23.285000,23.285000,23.285000,23.285000,,,21.857000,21.857000,21.857000,21.857000,21.857000,,,19.560000,19.534000,19.509000,19.484000,19.460000,,,23.414000,23.611000,25.928000,24.266000,24.956000,,,,,,,,,,,,,,,,
4.8000,23.285000,23.285000,23.285000,23.285000,23.285000,,,23.285000,23.285000,23.285000,23.285000,23.285000,,,21.857000,21.857000,21.857000,21.857000,21.857000,,,19.560000,19.534000,19.509000,19.484000,19.460000,,,23.414000,23.611000,25.928000,24.266000,24.956000,,,,,,,,,,,,,,,,
4.8100,23.285000,23.285000,23.285000,23.285000,23.285000,,,23.285000,23.285000,23.285000,23.285000,23.285000,,,21.857000,21.857000,21.857000,21.857000,21.857000,,,19.560000,19.534000,19.509000,19.484000,19.460000,,,23.414000,23.611000,25.928000,24.266000,24.956000,,,,,,,,,,,,,,,,
4.8200,23.285000,23.285000,23.285000,23.285000,23.285000,,,23.285000,23.285000,23.285000,23.285000,23.285000,,,21.857000,21.857000,21.857000,21.857000,21.857000,,,19.560000,19.534000,19.509000,19.484000,19.460000,,,23.414000,23.611000,25.928000,24.266000,24.956000,,,,,,,,,,,,,,,,
4.8300,23.285000,23.285000,23.285000,23.285000,23.285000,,,23.285000,23.285000,23.285000,23.285000,23.285000,,,21.857000,21.857000,21.857000,21.857000,21.857000,,,19.560000,19.534000,19.509000,19.484000,19.460000,,,23.414000,23.611000,25.928000,24.266000,24.956000,,,,,,,,,,,,,,,,
4.8400,23.285000,23.285000,23.285000,23.285000,23.285000,,,23.285000,23.285000,23.285000,23.285000,23.285000,,,21.857000,21.857000,21.857000,21.857000,21.857000,,,19.560000,19.534000,19.509000,19.484000,19.460000,,,23.414000,23.611000,25.928000,24.266000,24.956000,,,,,,,,,,,,,,,,
4.8500,23.285000,23.285000,23.285000,23.285000,23.285000,,,23.285000,23.285000,23.285000,23.285000,23.285000,,,21.857000,21.857000,21.857000,21.857000,21.857000,,,19.560000,19.534000,19.509000,19.484000,19.460000,,,23.414000,23.611000,25.928000,24.266000,24.956000,,,,,,,,,,,,,,,,
4.8600,23.285000,23.285000,23.285000,23.285000,23.285000,,,23.285000,23.285000,23.285000,23.285000,23.285000,,,21.857000,21.857000,21.857000,21.857000,21.857000,,,19.560000,19.534000,19.509000,19.484000,19.460000,,,23.414000,23.611000,25.928000,24.266000,24.956000,,,,,,,,,,,,,,,,
4.8700,23.285000,23.285000,23.285000,23.285000,23.285000,,,23.285000,23.285000,23.285000,23.285000,23.285000,,,21.857000,21.857000,21.857000,21.857000,21.857000,,,19.560000,19.534000,19.509000,19.484000,19.460000,,,23.414000,23.611000,25.928000,24.266000,24.956000,,,,,,,,,,,,,,,,
4.8800,23.285000,23.285000,23.285000,23.285000,23.285000,,,23.285000,23.285000,23.285000,23.285000,23.285000,,,21.857000,21.857000,21.857000,21.857000,21.857000,,,19.560000,19.534000,19.509000,19.484000,19.460000,,,23.414000,23.611000,25.928000,24.266000,24.956000,,,,,,,,,,,,,,,,
4.8900,23.285000,23.285000,23.285000,23.285000,23.285000,,,23.285000,23.285000,23.285000,23.285000,23.285000,,,21.857000,21.857000,21.857000,21.857000,21.857000,,,19.560000,19.534000,19.509000,19.484000,19.460000,,,23.414000,23.611000,25.928000,24.266000,24.956000,,,,,,,,,,,,,,,,
4.9000,23.285000,23.285000,23.285000,23.285000,23.285000,,,23.285000,23.285000,23.285000,23.285000,23.285000,,,21.857000,21.857000,21.857000,21.857000,21.857000,,,19.560000,19.534000,19.509000,19.484000,19.460000,,,23.414000,23.611000,25.928000,24.266000,24.956000,,,,,,,,,,,,,,,,
4.9100,23.285000,23.285000,23.285000,23.285000,23.285000,,,23.285000,23.285000,23.285000,23.285000,23.285000,,,21.857000,21.857000,21.857000,21.857000,21.857000,,,19.560000,19.534000,19.509000,19.484000,19.460000,,,23.414000,23.611000,25.928000,24.266000,24.956000,,,,,,,,,,,,,,,,
4.9200,23.285000,23.285000,23.285000,23.285000,23.285000,,,23.285000,23.285000,23.285000,23.285000,23.285000,,,21.857000,21.857000,21.857000,21.857000,21.857000,,,19.560000,19.534000,19.509000,19.484000,19.460000,,,23.414000,23.611000,25.928000,24.266000,24.956000,,,,,,,,,,,,,,,,
4.9300,23.285000,23.285000,23.285000,23.285000,23.285000,,,23.285000,23.285000,23.285000,23.285000,23.285000,,,21.857000,21.857000,21.857000,21.857000,21.857000,,,19.560000,19.534000,19.509000,19.484000,19.460000,,,23.414000,23.611000,25.928000,24.266000,24.956000,,,,,,,,,,,,,,,,
4.9400,23.285000,23.285000,23.285000,23.285000,23.285000,,,23.285000,23.285000,23.285000,23.285000,23.285000,,,21.857000,21.857000,21.857000,21.857000,21.857000,,,19.560000,19.534000,19.509000,19.484000,19.460000,,,23.414000,23.611000,25.928000,24.266000,24.956000,,,,,,,,,,,,,,,,
4.9500,23.285000,23.285000,23.285000,23.285000,23.285000,,,23.285000,23.285000,23.285000,23.285000,23.285000,,,21.857000,21.857000,21.857000,21.857000,21.857000,,,19.560000,19.534000,19.509000,19.484000,19.460000,,,23.414000,23.611000,25.928000,24.266000,24.956000,,,,,,,,,,,,,,,,
4.9600,23.285000,23.285000,23.285000,23.285000,23.285000,,,23.285000,23.285000,23.285000,23.285000,23.285000,,,21.857000,21.857000,21.857000,21.857000,21.857000,,,19.560000,19.534000,19.509000,19.484000,19.460000,,,23.414000,23.611000,25.928000,24.266000,24.956000,,,,,,,,,,,,,,,,
4.9700,23.285000,23.285000,23.285000,23.285000,23.285000,,,23.285000,23.285000,23.285000,23.285000,23.285000,,,21.857000,21.857000,21.857000,21.857000,21.857000,,,19.560000,19.534000,19.509000,19.484000,19.460000,,,23.414000,23.611000,25.928000,24.266000,24.956000,,,,,,,,,,,,,,,,
4.9800,23.285000,23.285000,23.285000,23.285000,23.285000,,,23.285000,23.285000,23.285000,23.285000,23.285000,,,21.857000,21.857000,21.857000,21.857000,21.857000,,,19.560000,19.534000,19.509000,19.484000,19.460000,,,23.414000,23.611000,25.928000,24.266000,24.956000,,,,,,,,,,,,,,,,
4.9900,23.285000,23.285000,23.285000,23.285000,23.285000,,,23.285000,23.285000,23.285000,23.285000,23.285000,,,21.857000,21.857000,21.857000,21.857000,21.857000,,,19.560000,19.534000,19.509000,19.484000,19.460000,,,23.414000,23.611000,25.928000,24.266000,24.956000,,,,,,,,,,,,,,,,
5.0000,23.285000,23.285000,23.285000,23.285000,23.285000,,,23.285000,23.285000,23.285000,23.285000,23.285000,,,21.857000,21.857000,21.857000,21.857000,21.857000,,,19.560000,19.534000,19.509000,19.484000,19.460000,,,23.414000,23.611000,25.928000,24.266000,24.956000,,,,,,,,,,,,,,,,
5.0100,23.285000,23.285000,23.285000,23.285000,23.285000,,,23.285000,23.285000,23.285000,23.285000,23.285000,,,21.857000,21.857000,21.857000,21.857000,21.857000,,,19.560000,19.534000,19.509000,19.484000,19.460000,,,23.414000,23.611000,25.928000,24.266000,24.956000,,,,,,,,,,,,,,,,
5.0200,23.285000,23.285000,23.285000,23.285000,23.285000,,,23.285000,23.285000,23.285000,23.285000,23.285000,,,21.857000,21.857000,21.857000,21.857000,21.857000,,,19.560000,19.534000,19.509000,19.484000,19.460000,,,23.414000,23.611000,25.928000,24.266000,24.956000,,,,,,,,,,,,,,,,
5.0300,23.285000,23.285000,23.285000,23.285000,23.285000,,,23.285000,23.285000,23.285000,23.285000,23.285000,,,21.857000,21.857000,21.857000,21.857000,21.857000,,,19.560000,19.534000,19.509000,19.484000,19.460000,,,23.414000,23.611000,25.928000,24.266000,24.956000,,,,,,,,,,,,,,,,
5.0400,23.285000,23.285000,23.285000,23.285000,23.285000,,,23.285000,23.285000,23.285000,23.285000,23.285000,,,21.857000,21.857000,21.857000,21.857000,21.857000,,,19.560000,19.534000,19.509000,19.484000,19.460000,,,23.414000,23.611000,25.928000,24.266000,24.956000,,,,,,,,,,,,,,,,
5.0500,23.285000,23.285000,23.285000,23.285000,23.285000,,,23.285000,23.285000,23.285000,23.285000,23.285000,,,21.857000,21.857000,21.857000,21.857000,21.857000,,,19.560000,19.534000,19.509000,19.484000,19.460000,,,23.414000,23.611000,25.928000,24.266000,24.956000,,,,,,,,,,,,,,,,
5.0600,23.285000,23.285000,23.285000,23.285000,23.285000,,,23.285000,23.285000,23.285000,23.285000,23.285000,,,21.857000,21.857000,21.857000,21.857000,21.857000,,,19.560000,19.534000,19.509000,19.484000,19.460000,,,23.414000,23.611000,25.928000,24.266000,24.956000,,,,,,,,,,,,,,,,
5.0700,23.285000,23.285000,23.285000,23.285000,23.285000,,,23.285000,23.285000,23.285000,23.285000,23.285000,,,21.857000,21.857000,21.857000,21.857000,21.857000,,,19.560000,19.534000,19.509000,19.484000,19.460000,,,23.414000,23.611000,25.928000,24.266000,24.956000,,,,,,,,,,,,,,,,
5.0800,23.285000,23.285000,23.285000,23.285000,23.285000,,,23.285000,23.285000,23.285000,23.285000,23.285000,,,21.857000,21.857000,21.857000,21.857000,21.857000,,,19.560000,19.534000,19.509000,19.484000,19.460000,,,23.414000,23.611000,25.928000,24.266000,24.956000,,,,,,,,,,,,,,,,
5.0900,23.285000,23.285000,23.285000,23.285000,23.285000,,,23.285000,23.285000,23.285000,23.285000,23.285000,,,21.857000,21.857000,21.857000,21.857000,21.857000,,,19.560000,19.534000,19.509000,19.484000,19.460000,,,23.414000,23.611000,25.928000,24.266000,24.956000,,,,,,,,,,,,,,,,
5.1000,23.285000,23.285000,23.285000,23.285000,23.285000,,,23.285000,23.285000,23.285000,23.285000,23.285000,,,21.857000,21.857000,21.857000,21.857000,21.857000,,,19.560000,19.534000,19.509000,19.484000,19.460000,,,23.414000,23.611000,25.928000,24.266000,24.956000,,,,,,,,,,,,,,,,
5.1100,23.285000,23.285000,23.285000,23.285000,23.285000,,,23.285000,23.285000,23.285000,23.285000,23.285000,,,21.857000,21.857000,21.857000,21.857000,21.857000,,,19.560000,19.534000,19.509000,19.484000,19.460000,,,23.414000,23.611000,25.928000,24.266000,24.956000,,,,,,,,,,,,,,,,
5.1200,23.285000,23.285000,23.285000,23.285000,23.285000,,,23.285000,23.285000,23.285000,23.285000,23.285000,,,21.857000,21.857000,21.857000,21.857000,21.857000,,,19.560000,19.534000,19.509000,19.484000,19.460000,,,23.414000,23.611000,25.928000,24.266000,24.956000,,,,,,,,,,,,,,,,
5.1300,23.285000,23.285000,23.285000,23.285000,23.285000,,,23.285000,23.285000,23.285000,23.285000,23.285000,,,21.857000,21.857000,21.857000,21.857000,21.857000,,,19.560000,19.534000,19.509000,19.484000,19.460000,,,23.414000,23.611000,25.928000,24.266000,24.956000,,,,,,,,,,,,,,,,
5.1400,23.285000,23.285000,23.285000,23.285000,23.285000,,,23.285000,23.285000,23.285000,23.285000,23.285000,,,21.857000,21.857000,21.857000,21.857000,21.857000,,,19.560000,19.534000,19.509000,19.484000,19.460000,,,23.414000,23.611000,25.928000,24.266000,24.956000,,,,,,,,,,,,,,,,
5.1500,23.285000,23.285000,23.285000,23.285000,23.285000,,,23.285000,23.285000,23.285000,23.285000,23.285000,,,21.857000,21.857000,21.857000,21.857000,21.857000,,,19.560000,19.534000,19.509000,19.484000,19.460000,,,23.414000,23.611000,25.928000,24.266000,24.956000,,,,,,,,,,,,,,,,
5.1600,23.285000,23.285000,23.285000,23.285000,23.285000,,,23.285000,23.285000,23.285000,23.285000,23.285000,,,21.857000,21.857000,21.857000,21.857000,21.857000,,,19.560000,19.534000,19.509000,19.484000,19.460000,,,23.414000,23.611000,25.928000,24.266000,24.956000,,,,,,,,,,,,,,,,
5.1700,23.285000,23.285000,23.285000,23.285000,23.285000,,,23.285000,23.285000,23.285000,23.285000,23.285000,,,21.857000,21.857000,21.857000,21.857000,21.857000,,,19.560000,19.534000,19.509000,19.484000,19.460000,,,23.414000,23.611000,25.928000,24.266000,24.956000,,,,,,,,,,,,,,,,
5.1800,23.285000,23.285000,23.285000,23.285000,23.285000,,,23.285000,23.285000,23.285000,23.285000,23.285000,,,21.857000,21.857000,21.857000,21.857000,21.857000,,,19.560000,19.534000,19.509000,19.484000,19.460000,,,23.414000,23.611000,25.928000,24.266000,24.956000,,,,,,,,,,,,,,,,
5.1900,23.285000,23.285000,23.285000,23.285000,23.285000,,,23.285000,23.285000,23.285000,23.285000,23.285000,,,21.857000,21.857000,21.857000,21.857000,21.857000,,,19.560000,19.534000,19.509000,19.484000,19.460000,,,23.414000,23.611000,25.928000,24.266000,24.956000,,,,,,,,,,,,,,,,
5.2000,23.285000,23.285000,23.285000,23.285000,23.285000,,,23.285000,23.285000,23.285000,23.285000,23.285000,,,21.857000,21.857000,21.857000,21.857000,21.857000,,,19.560000,19.534000,19.509000,19.484000,19.460000,,,23.414000,23.611000,25.928000,24.266000,24.956000,,,,,,,,,,,,,,,,
5.2100,23.285000,23.285000,23.285000,23.285000,23.285000,,,23.285000,23.285000,23.285000,23.285000,23.285000,,,21.857000,21.857000,21.857000,21.857000,21.857000,,,19.560000,19.534000,19.509000,19.484000,19.460000,,,23.414000,23.611000,25.928000,24.266000,24.956000,,,,,,,,,,,,,,,,
5.2200,23.285000,23.285000,23.285000,23.285000,23.285000,,,23.285000,23.285000,23.285000,23.285000,23.285000,,,21.857000,21.857000,21.857000,21.857000,21.857000,,,19.560000,19.534000,19.509000,19.484000,19.460000,,,23.414000,23.611000,25.928000,24.266000,24.956000,,,,,,,,,,,,,,,,
5.2300,23.285000,23.285000,23.285000,23.285000,23.285000,,,23.285000,23.285000,23.285000,23.285000,23.285000,,,21.857000,21.857000,21.857000,21.857000,21.857000,,,19.560000,19.534000,19.509000,19.484000,19.460000,,,23.414000,23.611000,25.928000,24.266000,24.956000,,,,,,,,,,,,,,,,
5.2400,23.285000,23.285000,23.285000,23.285000,23.285000,,,23.285000,23.285000,23.285000,23.285000,23.285000,,,21.857000,21.857000,21.857000,21.857000,21.857000,,,19.560000,19.534000,19.509000,19.484000,19.460000,,,23.414000,23.611000,25.928000,24.266000,24.956000,,,,,,,,,,,,,,,,
5.2500,23.285000,23.285000,23.285000,23.285000,23.285000,,,23.285000,23.285000,23.285000,23.285000,23.285000,,,21.857000,21.857000,21.857000,21.857000,21.857000,,,19.560000,19.534000,19.509000,19.484000,19.460000,,,23.414000,23.611000,25.928000,24.266000,24.956000,,,,,,,,,,,,,,,,
5.2600,23.285000,23.285000,23.285000,23.285000,23.285000,,,23.285000,23.285000,23.285000,23.285000,23.285000,,,21.857000,21.857000,21.857000,21.857000,21.857000,,,19.560000,19.534000,19.509000,19.484000,19.460000,,,23.414000,23.611000,25.928000,24.266000,24.956000,,,,,,,,,,,,,,,,
5.2700,23.285000,23.285000,23.285000,23.285000,23.285000,,,23.285000,23.285000,23.285000,23.285000,23.285000,,,21.857000,21.857000,21.857000,21.857000,21.857000,,,19.560000,19.534000,19.509000,19.484000,19.460000,,,23.414000,23.611000,25.928000,24.266000,24.956000,,,,,,,,,,,,,,,,
5.2800,23.285000,23.285000,23.285000,23.285000,23.285000,,,23.285000,23.285000,23.285000,23.285000,23.285000,,,21.857000,21.857000,21.857000,21.857000,21.857000,,,19.560000,19.534000,19.509000,19.484000,19.460000,,,23.414000,23.611000,25.928000,24.266000,24.956000,,,,,,,,,,,,,,,,
5.2900,23.285000,23.285000,23.285000,23.285000,23.285000,,,23.285000,23.285000,23.285000,23.285000,23.285000,,,21.857000,21.857000,21.857000,21.857000,21.857000,,,19.560000,19.534000,19.509000,19.484000,19.460000,,,23.414000,23.611000,25.928000,24.266000,24.956000,,,,,,,,,,,,,,,,
5.3000,23.285000,23.285000,23.285000,23.285000,23.285000,,,23.285000,23.285000,23.285000,23.285000,23.285000,,,21.857000,21.857000,21.857000,21.857000,21.857000,,,19.560000,19.534000,19.509000,19.484000,19.460000,,,23.414000,23.611000,25.928000,24.266000,24.956000,,,,,,,,,,,,,,,,
5.3100,23.285000,23.285000,23.285000,23.285000,23.285000,,,23.285000,23.285000,23.285000,23.285000,23.285000,,,21.857000,21.857000,21.857000,21.857000,21.857000,,,19.560000,19.534000,19.509000,19.484000,19.460000,,,23.414000,23.611000,25.928000,24.266000,24.956000,,,,,,,,,,,,,,,,
5.3200,23.285000,23.285000,23.285000,23.285000,23.285000,,,23.285000,23.285000,23.285000,23.285000,23.285000,,,21.857000,21.857000,21.857000,21.857000,21.857000,,,19.560000,19.534000,19.509000,19.484000,19.460000,,,23.414000,23.611000,25.928000,24.266000,24.956000,,,,,,,,,,,,,,,,
5.3300,23.285000,23.285000,23.285000,23.285000,23.285000,,,23.285000,23.285000,23.285000,23.285000,23.285000,,,21.857000,21.857000,21.857000,21.857000,21.857000,,,19.560000,19.534000,19.509000,19.484000,19.460000,,,23.414000,23.611000,25.928000,24.266000,24.956000,,,,,,,,,,,,,,,,
5.3400,23.285000,23.285000,23.285000,23.285000,23.285000,,,23.285000,23.285000,23.285000,23.285000,23.285000,,,21.857000,21.857000,21.857000,21.857000,21.857000,,,19.560000,19.534000,19.509000,19.484000,19.460000,,,23.414000,23.611000,25.928000,24.266000,24.956000,,,,,,,,,,,,,,,,
5.3500,23.285000,23.285000,23.285000,23.285000,23.285000,,,23.285000,23.285000,23.285000,23.285000,23.285000,,,21.857000,21.857000,21.857000,21.857000,21.857000,,,19.560000,19.534000,19.509000,19.484000,19.460000,,,23.414000,23.611000,25.928000,24.266000,24.956000,,,,,,,,,,,,,,,,
5.3600,23.285000,23.285000,23.285000,23.285000,23.285000,,,23.285000,23.285000,23.285000,23.285000,23.285000,,,21.857000,21.857000,21.857000,21.857000,21.857000,,,19.560000,19.534000,19.509000,19.484000,19.460000,,,23.414000,23.611000,25.928000,24.266000,24.956000,,,,,,,,,,,,,,,,
5.3700,23.285000,23.285000,23.285000,23.285000,23.285000,,,23.285000,23.285000,23.285000,23.285000,23.285000,,,21.857000,21.857000,21.857000,21.857000,21.857000,,,19.560000,19.534000,19.509000,19.484000,19.460000,,,23.414000,23.611000,25.928000,24.266000,24.956000,,,,,,,,,,,,,,,,
5.3800,23.285000,23.285000,23.285000,23.285000,23.285000,,,23.285000,23.285000,23.285000,23.285000,23.285000,,,21.857000,21.857000,21.857000,21.857000,21.857000,,,19.560000,19.534000,19.509000,19.484000,19.460000,,,23.414000,23.611000,25.928000,24.266000,24.956000,,,,,,,,,,,,,,,,
5.3900,23.285000,23.285000,23.285000,23.285000,23.285000,,,23.285000,23.285000,23.285000,23.285000,23.285000,,,21.857000,21.857000,21.857000,21.857000,21.857000,,,19.560000,19.534000,19.509000,19.484000,19.460000,,,23.414000,23.611000,25.928000,24.266000,24.956000,,,,,,,,,,,,,,,,
5.4000,23.285000,23.285000,23.285000,23.285000,23.285000,,,23.285000,23.285000,23.285000,23.285000,23.285000,,,21.857000,21.857000,21.857000,21.857000,21.857000,,,19.560000,19.534000,19.509000,19.484000,19.460000,,,23.414000,23.611000,25.928000,24.266000,24.956000,,,,,,,,,,,,,,,,
5.4100,23.285000,23.285000,23.285000,23.285000,23.285000,,,23.285000,23.285000,23.285000,23.285000,23.285000,,,21.857000,21.857000,21.857000,21.857000,21.857000,,,19.560000,19.534000,19.509000,19.484000,19.460000,,,23.414000,23.611000,25.928000,24.266000,24.956000,,,,,,,,,,,,,,,,
5.4200,23.285000,23.285000,23.285000,23.285000,23.285000,,,23.285000,23.285000,23.285000,23.285000,23.285000,,,21.857000,21.857000,21.857000,21.857000,21.857000,,,19.560000,19.534000,19.509000,19.484000,19.460000,,,23.414000,23.611000,25.928000,24.266000,24.956000,,,,,,,,,,,,,,,,
5.4300,23.285000,23.285000,23.285000,23.285000,23.285000,,,23.285000,23.285000,23.285000,23.285000,23.285000,,,21.857000,21.857000,21.857000,21.857000,21.857000,,,19.560000,19.534000,19.509000,19.484000,19.460000,,,23.414000,23.611000,25.928000,24.266000,24.956000,,,,,,,,,,,,,,,,
5.4400,23.285000,23.285000,23.285000,23.285000,23.285000,,,23.285000,23.285000,23.285000,23.285000,23.285000,,,21.857000,21.857000,21.857000,21.857000,21.857000,,,19.560000,19.534000,19.509000,19.484000,19.460000,,,23.414000,23.611000,25.928000,24.266000,24.956000,,,,,,,,,,,,,,,,
5.4500,23.285000,23.285000,23.285000,23.285000,23.285000,,,23.285000,23.285000,23.285000,23.285000,23.285000,,,21.857000,21.857000,21.857000,21.857000,21.857000,,,19.560000,19.534000,19.509000,19.484000,19.460000,,,23.414000,23.611000,25.928000,24.266000,24.956000,,,,,,,,,,,,,,,,
5.4600,23.285000,23.285000,23.285000,23.285000,23.285000,,,23.285000,23.285000,23.285000,23.285000,23.285000,,,21.857000,21.857000,21.857000,21.857000,21.857000,,,19.560000,19.534000,19.509000,19.484000,19.460000,,,23.414000,23.611000,25.928000,24.266000,24.956000,,,,,,,,,,,,,,,,
5.4700,23.285000,23.285000,23.285000,23.285000,23.285000,,,23.285000,23.285000,23.285000,23.285000,23.285000,,,21.857000,21.857000,21.857000,21.857000,21.857000,,,19.560000,19.534000,19.509000,19.484000,19.460000,,,23.414000,23.611000,25.928000,24.266000,24.956000,,,,,,,,,,,,,,,,
5.4800,23.285000,23.285000,23.285000,23.285000,23.285000,,,23.285000,23.285000,23.285000,23.285000,23.285000,,,21.857000,21.857000,21.857000,21.857000,21.857000,,,19.560000,19.534000,19.509000,19.484000,19.460000,,,23.414000,23.611000,25.928000,24.266000,24.956000,,,,,,,,,,,,,,,,
5.4900,23.285000,23.285000,23.285000,23.285000,23.285000,,,23.285000,23.285000,23.285000,23.285000,23.285000,,,21.857000,21.857000,21.857000,21.857000,21.857000,,,19.560000,19.534000,19.509000,19.484000,19.460000,,,23.414000,23.611000,25.928000,24.266000,24.956000,,,,,,,,,,,,,,,,
5.5000,23.285000,23.285000,23.285000,23.285000,23.285000,,,23.285000,23.285000,23.285000,23.285000,23.285000,,,21.857000,21.857000,21.857000,21.857000,21.857000,,,19.560000,19.534000,19.509000,19.484000,19.460000,,,23.414000,23.611000,25.928000,24.266000,24.956000,,,,,,,,,,,,,,,,
5.5100,23.285000,23.285000,23.285000,23.285000,23.285000,,,23.285000,23.285000,23.285000,23.285000,23.285000,,,21.857000,21.857000,21.857000,21.857000,21.857000,,,19.560000,19.534000,19.509000,19.484000,19.460000,,,23.414000,23.611000,25.928000,24.266000,24.956000,,,,,,,,,,,,,,,,
5.5200,23.285000,23.285000,23.285000,23.285000,23.285000,,,23.285000,23.285000,23.285000,23.285000,23.285000,,,21.857000,21.857000,21.857000,21.857000,21.857000,,,19.560000,19.534000,19.509000,19.484000,19.460000,,,23.414000,23.611000,25.928000,24.266000,24.956000,,,,,,,,,,,,,,,,
5.5300,23.285000,23.285000,23.285000,23.285000,23.285000,,,23.285000,23.285000,23.285000,23.285000,23.285000,,,21.857000,21.857000,21.857000,21.857000,21.857000,,,19.560000,19.534000,19.509000,19.484000,19.460000,,,23.414000,23.611000,25.928000,24.266000,24.956000,,,,,,,,,,,,,,,,
5.5400,23.285000,23.285000,23.285000,23.285000,23.285000,,,23.285000,23.285000,23.285000,23.285000,23.285000,,,21.857000,21.857000,21.857000,21.857000,21.857000,,,19.560000,19.534000,19.509000,19.484000,19.460000,,,23.414000,23.611000,25.928000,24.266000,24.956000,,,,,,,,,,,,,,,,
5.5500,23.285000,23.285000,23.285000,23.285000,23.285000,,,23.285000,23.285000,23.285000,23.285000,23.285000,,,21.857000,21.857000,21.857000,21.857000,21.857000,,,19.560000,19.534000,19.509000,19.484000,19.460000,,,23.414000,23.611000,25.928000,24.266000,24.956000,,,,,,,,,,,,,,,,
5.5600,23.285000,23.285000,23.285000,23.285000,23.285000,,,23.285000,23.285000,23.285000,23.285000,23.285000,,,21.857000,21.857000,21.857000,21.857000,21.857000,,,19.560000,19.534000,19.509000,19.484000,19.460000,,,23.414000,23.611000,25.928000,24.266000,24.956000,,,,,,,,,,,,,,,,
5.5700,23.285000,23.285000,23.285000,23.285000,23.285000,,,23.285000,23.285000,23.285000,23.285000,23.285000,,,21.857000,21.857000,21.857000,21.857000,21.857000,,,19.560000,19.534000,19.509000,19.484000,19.460000,,,23.414000,23.611000,25.928000,24.266000,24.956000,,,,,,,,,,,,,,,,
5.5800,23.285000,23.285000,23.285000,23.285000,23.285000,,,23.285000,23.285000,23.285000,23.285000,23.285000,,,21.857000,21.857000,21.857000,21.857000,21.857000,,,19.560000,19.534000,19.509000,19.484000,19.460000,,,23.414000,23.611000,25.928000,24.266000,24.956000,,,,,,,,,,,,,,,,
5.5900,23.285000,23.285000,23.285000,23.285000,23.285000,,,23.285000,23.285000,23.285000,23.285000,23.285000,,,21.857000,21.857000,21.857000,21.857000,21.857000,,,19.560000,19.534000,19.509000,19.484000,19.460000,,,23.414000,23.611000,25.928000,24.266000,24.956000,,,,,,,,,,,,,,,,
5.6000,23.285000,23.285000,23.285000,23.285000,23.285000,,,23.285000,23.285000,23.285000,23.285000,23.285000,,,21.857000,21.857000,21.857000,21.857000,21.857000,,,19.560000,19.534000,19.509000,19.484000,19.460000,,,23.414000,23.611000,25.928000,24.266000,24.956000,,,,,,,,,,,,,,,,
5.6100,23.285000,23.285000,23.285000,23.285000,23.285000,,,23.285000,23.285000,23.285000,23.285000,23.285000,,,21.857000,21.857000,21.857000,21.857000,21.857000,,,19.560000,19.534000,19.509000,19.484000,19.460000,,,23.414000,23.611000,25.928000,24.266000,24.956000,,,,,,,,,,,,,,,,
5.6200,23.285000,23.285000,23.285000,23.285000,23.285000,,,23.285000,23.285000,23.285000,23.285000,23.285000,,,21.857000,21.857000,21.857000,21.857000,21.857000,,,19.560000,19.534000,19.509000,19.484000,19.460000,,,23.414000,23.611000,25.928000,24.266000,24.956000,,,,,,,,,,,,,,,,
5.6300,23.285000,23.285000,23.285000,23.285000,23.285000,,,23.285000,23.285000,23.285000,23.285000,23.285000,,,21.857000,21.857000,21.857000,21.857000,21.857000,,,19.560000,19.534000,19.509000,19.484000,19.460000,,,23.414000,23.611000,25.928000,24.266000,24.956000,,,,,,,,,,,,,,,,
5.6400,23.285000,23.285000,23.285000,23.285000,23.285000,,,23.285000,23.285000,23.285000,23.285000,23.285000,,,21.857000,21.857000,21.857000,21.857000,21.857000,,,19.560000,19.534000,19.509000,19.484000,19.460000,,,23.414000,23.611000,25.928000,24.266000,24.956000,,,,,,,,,,,,,,,,
5.6500,23.285000,23.285000,23.285000,23.285000,23.285000,,,23.285000,23.285000,23.285000,23.285000,23.285000,,,21.857000,21.857000,21.857000,21.857000,21.857000,,,19.560000,19.534000,19.509000,19.484000,19.460000,,,23.414000,23.611000,25.928000,24.266000,24.956000,,,,,,,,,,,,,,,,
5.6600,23.285000,23.285000,23.285000,23.285000,23.285000,,,23.285000,23.285000,23.285000,23.285000,23.285000,,,21.857000,21.857000,21.857000,21.857000,21.857000,,,19.560000,19.534000,19.509000,19.484000,19.460000,,,23.414000,23.611000,25.928000,24.266000,24.956000,,,,,,,,,,,,,,,,
5.6700,23.285000,23.285000,23.285000,23.285000,23.285000,,,23.285000,23.285000,23.285000,23.285000,23.285000,,,21.857000,21.857000,21.857000,21.857000,21.857000,,,19.560000,19.534000,19.509000,19.484000,19.460000,,,23.414000,23.611000,25.928000,24.266000,24.956000,,,,,,,,,,,,,,,,
5.6800,23.285000,23.285000,23.285000,23.285000,23.285000,,,23.285000,23.285000,23.285000,23.285000,23.285000,,,21.857000,21.857000,21.857000,21.857000,21.857000,,,19.560000,19.534000,19.509000,19.484000,19.460000,,,23.414000,23.611000,25.928000,24.266000,24.956000,,,,,,,,,,,,,,,,
5.6900,23.285000,23.285000,23.285000,23.285000,23.285000,,,23.285000,23.285000,23.285000,23.285000,23.285000,,,21.857000,21.857000,21.857000,21.857000,21.857000,,,19.560000,19.534000,19.509000,19.484000,19.460000,,,23.414000,23.611000,25.928000,24.266000,24.956000,,,,,,,,,,,,,,,,
5.7000,23.285000,23.285000,23.285000,23.285000,23.285000,,,23.285000,23.285000,23.285000,23.285000,23.285000,,,21.857000,21.857000,21.857000,21.857000,21.857000,,,19.560000,19.534000,19.509000,19.484000,19.460000,,,23.414000,23.611000,25.928000,24.266000,24.956000,,,,,,,,,,,,,,,,
5.7100,23.285000,23.285000,23.285000,23.285000,23.285000,,,23.285000,23.285000,23.285000,23.285000,23.285000,,,21.857000,21.857000,21.857000,21.857000,21.857000,,,19.560000,19.534000,19.509000,19.484000,19.460000,,,23.414000,23.611000,25.928000,24.266000,24.956000,,,,,,,,,,,,,,,,
5.7200,23.285000,23.285000,23.285000,23.285000,23.285000,,,23.285000,23.285000,23.285000,23.285000,23.285000,,,21.857000,21.857000,21.857000,21.857000,21.857000,,,19.560000,19.534000,19.509000,19.484000,19.460000,,,23.414000,23.611000,25.928000,24.266000,24.956000,,,,,,,,,,,,,,,,
5.7300,23.285000,23.285000,23.285000,23.285000,23.285000,,,23.285000,23.285000,23.285000,23.285000,23.285000,,,21.857000,21.857000,21.857000,21.857000,21.857000,,,19.560000,19.534000,19.509000,19.484000,19.460000,,,23.414000,23.611000,25.928000,24.266000,24.956000,,,,,,,,,,,,,,,,
5.7400,23.285000,23.285000,23.285000,23.285000,23.285000,,,23.285000,23.285000,23.285000,23.285000,23.285000,,,21.857000,21.857000,21.857000,21.857000,21.857000,,,19.560000,19.534000,19.509000,19.484000,19.460000,,,23.414000,23.611000,25.928000,24.266000,24.956000,,,,,,,,,,,,,,,,
5.7500,23.285000,23.285000,23.285000,23.285000,23.285000,,,23.285000,23.285000,23.285000,23.285000,23.285000,,,21.857000,21.857000,21.857000,21.857000,21.857000,,,19.560000,19.534000,19.509000,19.484000,19.460000,,,23.414000,23.611000,25.928000,24.266000,24.956000,,,,,,,,,,,,,,,,
5.7600,23.285000,23.285000,23.285000,23.285000,23.285000,,,23.285000,23.285000,23.285000,23.285000,23.285000,,,21.857000,21.857000,21.857000,21.857000,21.857000,,,19.560000,19.534000,19.509000,19.484000,19.460000,,,23.414000,23.611000,25.928000,24.266000,24.956000,,,,,,,,,,,,,,,,
5.7700,23.285000,23.285000,23.285000,23.285000,23.285000,,,23.285000,23.285000,23.285000,23.285000,23.285000,,,21.857000,21.857000,21.857000,21.857000,21.857000,,,19.560000,19.534000,19.509000,19.484000,19.460000,,,23.414000,23.611000,25.928000,24.266000,24.956000,,,,,,,,,,,,,,,,
5.7800,23.285000,23.285000,23.285000,23.285000,23.285000,,,23.285000,23.285000,23.285000,23.285000,23.285000,,,21.857000,21.857000,21.857000,21.857000,21.857000,,,19.560000,19.534000,19.509000,19.484000,19.460000,,,23.414000,23.611000,25.928000,24.266000,24.956000,,,,,,,,,,,,,,,,
5.7900,23.285000,23.285000,23.285000,23.285000,23.285000,,,23.285000,23.285000,23.285000,23.285000,23.285000,,,21.857000,21.857000,21.857000,21.857000,21.857000,,,19.560000,19.534000,19.509000,19.484000,19.460000,,,23.414000,23.611000,25.928000,24.266000,24.956000,,,,,,,,,,,,,,,,
5.8000,23.285000,23.285000,23.285000,23.285000,23.285000,,,23.285000,23.285000,23.285000,23.285000,23.285000,,,21.857000,21.857000,21.857000,21.857000,21.857000,,,19.560000,19.534000,19.509000,19.484000,19.460000,,,23.414000,23.611000,25.928000,24.266000,24.956000,,,,,,,,,,,,,,,,
5.8100,23.285000,23.285000,23.285000,23.285000,23.285000,,,23.285000,23.285000,23.285000,23.285000,23.285000,,,21.857000,21.857000,21.857000,21.857000,21.857000,,,19.560000,19.534000,19.509000,19.484000,19.460000,,,23.414000,23.611000,25.928000,24.266000,24.956000,,,,,,,,,,,,,,,,
5.8200,23.285000,23.285000,23.285000,23.285000,23.285000,,,23.285000,23.285000,23.285000,23.285000,23.285000,,,21.857000,21.857000,21.857000,21.857000,21.857000,,,19.560000,19.534000,19.509000,19.484000,19.460000,,,23.414000,23.611000,25.928000,24.266000,24.956000,,,,,,,,,,,,,,,,
5.8300,23.285000,23.285000,23.285000,23.285000,23.285000,,,23.285000,23.285000,23.285000,23.285000,23.285000,,,21.857000,21.857000,21.857000,21.857000,21.857000,,,19.560000,19.534000,19.509000,19.484000,19.460000,,,23.414000,23.611000,25.928000,24.266000,24.956000,,,,,,,,,,,,,,,,
5.8400,23.285000,23.285000,23.285000,23.285000,23.285000,,,23.285000,23.285000,23.285000,23.285000,23.285000,,,21.857000,21.857000,21.857000,21.857000,21.857000,,,19.560000,19.534000,19.509000,19.484000,19.460000,,,23.414000,23.611000,25.928000,24.266000,24.956000,,,,,,,,,,,,,,,,
5.8500,23.285000,23.285000,23.285000,23.285000,23.285000,,,23.285000,23.285000,23.285000,23.285000,23.285000,,,21.857000,21.857000,21.857000,21.857000,21.857000,,,19.560000,19.534000,19.509000,19.484000,19.460000,,,23.414000,23.611000,25.928000,24.266000,24.956000,,,,,,,,,,,,,,,,
5.8600,23.285000,23.285000,23.285000,23.285000,23.285000,,,23.285000,23.285000,23.285000,23.285000,23.285000,,,21.857000,21.857000,21.857000,21.857000,21.857000,,,19.560000,19.534000,19.509000,19.484000,19.460000,,,23.414000,23.611000,25.928000,24.266000,24.956000,,,,,,,,,,,,,,,,
5.8700,23.285000,23.285000,23.285000,23.285000,23.285000,,,23.285000,23.285000,23.285000,23.285000,23.285000,,,21.857000,21.857000,21.857000,21.857000,21.857000,,,19.560000,19.534000,19.509000,19.484000,19.460000,,,23.414000,23.611000,25.928000,24.266000,24.956000,,,,,,,,,,,,,,,,
5.8800,23.285000,23.285000,23.285000,23.285000,23.285000,,,23.285000,23.285000,23.285000,23.285000,23.285000,,,21.857000,21.857000,21.857000,21.857000,21.857000,,,19.560000,19.534000,19.509000,19.484000,19.460000,,,23.414000,23.611000,25.928000,24.266000,24.956000,,,,,,,,,,,,,,,,
5.8900,23.285000,23.285000,23.285000,23.285000,23.285000,,,23.285000,23.285000,23.285000,23.285000,23.285000,,,21.857000,21.857000,21.857000,21.857000,21.857000,,,19.560000,19.534000,19.509000,19.484000,19.460000,,,23.414000,23.611000,25.928000,24.266000,24.956000,,,,,,,,,,,,,,,,
5.9000,23.285000,23.285000,23.285000,23.285000,23.285000,,,23.285000,23.285000,23.285000,23.285000,23.285000,,,21.857000,21.857000,21.857000,21.857000,21.857000,,,19.560000,19.534000,19.509000,19.484000,19.460000,,,23.414000,23.611000,25.928000,24.266000,24.956000,,,,,,,,,,,,,,,,
5.9100,23.285000,23.285000,23.285000,23.285000,23.285000,,,23.285000,23.285000,23.285000,23.285000,23.285000,,,21.857000,21.857000,21.857000,21.857000,21.857000,,,19.560000,19.534000,19.509000,19.484000,19.460000,,,23.414000,23.611000,25.928000,24.266000,24.956000,,,,,,,,,,,,,,,,
5.9200,23.285000,23.285000,23.285000,23.285000,23.285000,,,23.285000,23.285000,23.285000,23.285000,23.285000,,,21.857000,21.857000,21.857000,21.857000,21.857000,,,19.560000,19.534000,19.509000,19.484000,19.460000,,,23.414000,23.611000,25.928000,24.266000,24.956000,,,,,,,,,,,,,,,,
5.9300,23.285000,23.285000,23.285000,23.285000,23.285000,,,23.285000,23.285000,23.285000,23.285000,23.285000,,,21.857000,21.857000,21.857000,21.857000,21.857000,,,19.560000,19.534000,19.509000,19.484000,19.460000,,,23.414000,23.611000,25.928000,24.266000,24.956000,,,,,,,,,,,,,,,,
5.9400,23.285000,23.285000,23.285000,23.285000,23.285000,,,23.285000,23.285000,23.285000,23.285000,23.285000,,,21.857000,21.857000,21.857000,21.857000,21.857000,,,19.560000,19.534000,19.509000,19.484000,19.460000,,,23.414000,23.611000,25.928000,24.266000,24.956000,,,,,,,,,,,,,,,,
5.9500,23.285000,23.285000,23.285000,23.285000,23.285000,,,23.285000,23.285000,23.285000,23.285000,23.285000,,,21.857000,21.857000,21.857000,21.857000,21.857000,,,19.560000,19.534000,19.509000,19.484000,19.460000,,,23.414000,23.611000,25.928000,24.266000,24.956000,,,,,,,,,,,,,,,,
5.9600,23.285000,23.285000,23.285000,23.285000,23.285000,,,23.285000,23.285000,23.285000,23.285000,23.285000,,,21.857000,21.857000,21.857000,21.857000,21.857000,,,19.560000,19.534000,19.509000,19.484000,19.460000,,,23.414000,23.611000,25.928000,24.266000,24.956000,,,,,,,,,,,,,,,,
5.9700,23.285000,23.285000,23.285000,23.285000,23.285000,,,23.285000,23.285000,23.285000,23.285000,23.285000,,,21.857000,21.857000,21.857000,21.857000,21.857000,,,19.560000,19.534000,19.509000,19.484000,19.460000,,,23.414000,23.611000,25.928000,24.266000,24.956000,,,,,,,,,,,,,,,,
5.9800,23.285000,23.285000,23.285000,23.285000,23.285000,,,23.285000,23.285000,23.285000,23.285000,23.285000,,,21.857000,21.857000,21.857000,21.857000,21.857000,,,19.560000,19.534000,19.509000,19.484000,19.460000,,,23.414000,23.611000,25.928000,24.266000,24.956000,,,,,,,,,,,,,,,,
5.9900,23.285000,23.285000,23.285000,23.285000,23.285000,,,23.285000,23.285000,23.285000,23.285000,23.285000,,,21.857000,21.857000,21.857000,21.857000,21.857000,,,19.560000,19.534000,19.509000,19.484000,19.460000,,,23.414000,23.611000,25.928000,24.266000,24.956000,,,,,,,,,,,,,,,,
6.0000,23.285000,23.285000,23.285000,23.285000,23.285000,,,23.285000,23.285000,23.285000,23.285000,23.285000,,,21.857000,21.857000,21.857000,21.857000,21.857000,,,19.560000,19.534000,19.509000,19.484000,19.460000,,,23.414000,23.611000,25.928000,24.266000,24.956000,,,,,,,,,,,,,,,,
6.0100,23.285000,23.285000,23.285000,23.285000,23.285000,,,23.285000,23.285000,23.285000,23.285000,23.285000,,,21.857000,21.857000,21.857000,21.857000,21.857000,,,19.560000,19.534000,19.509000,19.484000,19.460000,,,23.414000,23.611000,25.928000,24.266000,24.956000,,,,,,,,,,,,,,,,
6.0200,23.285000,23.285000,23.285000,23.285000,23.285000,,,23.285000,23.285000,23.285000,23.285000,23.285000,,,21.857000,21.857000,21.857000,21.857000,21.857000,,,19.560000,19.534000,19.509000,19.484000,19.460000,,,23.414000,23.611000,25.928000,24.266000,24.956000,,,,,,,,,,,,,,,,
6.0300,23.285000,23.285000,23.285000,23.285000,23.285000,,,23.285000,23.285000,23.285000,23.285000,23.285000,,,21.857000,21.857000,21.857000,21.857000,21.857000,,,19.560000,19.534000,19.509000,19.484000,19.460000,,,23.414000,23.611000,25.928000,24.266000,24.956000,,,,,,,,,,,,,,,,
6.0400,23.285000,23.285000,23.285000,23.285000,23.285000,,,23.285000,23.285000,23.285000,23.285000,23.285000,,,21.857000,21.857000,21.857000,21.857000,21.857000,,,19.560000,19.534000,19.509000,19.484000,19.460000,,,23.414000,23.611000,25.928000,24.266000,24.956000,,,,,,,,,,,,,,,,
6.0500,23.285000,23.285000,23.285000,23.285000,23.285000,,,23.285000,23.285000,23.285000,23.285000,23.285000,,,21.857000,21.857000,21.857000,21.857000,21.857000,,,19.560000,19.534000,19.509000,19.484000,19.460000,,,23.414000,23.611000,25.928000,24.266000,24.956000,,,,,,,,,,,,,,,,
6.0600,23.285000,23.285000,23.285000,23.285000,23.285000,,,23.285000,23.285000,23.285000,23.285000,23.285000,,,21.857000,21.857000,21.857000,21.857000,21.857000,,,19.560000,19.534000,19.509000,19.484000,19.460000,,,23.414000,23.611000,25.928000,24.266000,24.956000,,,,,,,,,,,,,,,,
6.0700,23.285000,23.285000,23.285000,23.285000,23.285000,,,23.285000,23.285000,23.285000,23.285000,23.285000,,,21.857000,21.857000,21.857000,21.857000,21.857000,,,19.560000,19.534000,19.509000,19.484000,19.460000,,,23.414000,23.611000,25.928000,24.266000,24.956000,,,,,,,,,,,,,,,,
6.0800,23.285000,23.285000,23.285000,23.285000,23.285000,,,23.285000,23.285000,23.285000,23.285000,23.285000,,,21.857000,21.857000,21.857000,21.857000,21.857000,,,19.560000,19.534000,19.509000,19.484000,19.460000,,,23.414000,23.611000,25.928000,24.266000,24.956000,,,,,,,,,,,,,,,,
6.0900,23.285000,23.285000,23.285000,23.285000,23.285000,,,23.285000,23.285000,23.285000,23.285000,23.285000,,,21.857000,21.857000,21.857000,21.857000,21.857000,,,19.560000,19.534000,19.509000,19.484000,19.460000,,,23.414000,23.611000,25.928000,24.266000,24.956000,,,,,,,,,,,,,,,,
6.1000,23.285000,23.285000,23.285000,23.285000,23.285000,,,23.285000,23.285000,23.285000,23.285000,23.285000,,,21.857000,21.857000,21.857000,21.857000,21.857000,,,19.560000,19.534000,19.509000,19.484000,19.460000,,,23.414000,23.611000,25.928000,24.266000,24.956000,,,,,,,,,,,,,,,,
6.1100,23.285000,23.285000,23.285000,23.285000,23.285000,,,23.285000,23.285000,23.285000,23.285000,23.285000,,,21.857000,21.857000,21.857000,21.857000,21.857000,,,19.560000,19.534000,19.509000,19.484000,19.460000,,,23.414000,23.611000,25.928000,24.266000,24.956000,,,,,,,,,,,,,,,,
6.1200,23.285000,23.285000,23.285000,23.285000,23.285000,,,23.285000,23.285000,23.285000,23.285000,23.285000,,,21.857000,21.857000,21.857000,21.857000,21.857000,,,19.560000,19.534000,19.509000,19.484000,19.460000,,,23.414000,23.611000,25.928000,24.266000,24.956000,,,,,,,,,,,,,,,,
6.1300,23.285000,23.285000,23.285000,23.285000,23.285000,,,23.285000,23.285000,23.285000,23.285000,23.285000,,,21.857000,21.857000,21.857000,21.857000,21.857000,,,19.560000,19.534000,19.509000,19.484000,19.460000,,,23.414000,23.611000,25.928000,24.266000,24.956000,,,,,,,,,,,,,,,,
6.1400,23.285000,23.285000,23.285000,23.285000,23.285000,,,23.285000,23.285000,23.285000,23.285000,23.285000,,,21.857000,21.857000,21.857000,21.857000,21.857000,,,19.560000,19.534000,19.509000,19.484000,19.460000,,,23.414000,23.611000,25.928000,24.266000,24.956000,,,,,,,,,,,,,,,,
6.1500,23.285000,23.285000,23.285000,23.285000,23.285000,,,23.285000,23.285000,23.285000,23.285000,23.285000,,,21.857000,21.857000,21.857000,21.857000,21.857000,,,19.560000,19.534000,19.509000,19.484000,19.460000,,,23.414000,23.611000,25.928000,24.266000,24.956000,,,,,,,,,,,,,,,,
6.1600,23.285000,23.285000,23.285000,23.285000,23.285000,,,23.285000,23.285000,23.285000,23.285000,23.285000,,,21.857000,21.857000,21.857000,21.857000,21.857000,,,19.560000,19.534000,19.509000,19.484000,19.460000,,,23.414000,23.611000,25.928000,24.266000,24.956000,,,,,,,,,,,,,,,,
6.1700,23.285000,23.285000,23.285000,23.285000,23.285000,,,23.285000,23.285000,23.285000,23.285000,23.285000,,,21.857000,21.857000,21.857000,21.857000,21.857000,,,19.560000,19.534000,19.509000,19.484000,19.460000,,,23.414000,23.611000,25.928000,24.266000,24.956000,,,,,,,,,,,,,,,,
6.1800,23.285000,23.285000,23.285000,23.285000,23.285000,,,23.285000,23.285000,23.285000,23.285000,23.285000,,,21.857000,21.857000,21.857000,21.857000,21.857000,,,19.560000,19.534000,19.509000,19.484000,19.460000,,,23.414000,23.611000,25.928000,24.266000,24.956000,,,,,,,,,,,,,,,,
6.1900,23.285000,23.285000,23.285000,23.285000,23.285000,,,23.285000,23.285000,23.285000,23.285000,23.285000,,,21.857000,21.857000,21.857000,21.857000,21.857000,,,19.560000,19.534000,19.509000,19.484000,19.460000,,,23.414000,23.611000,25.928000,24.266000,24.956000,,,,,,,,,,,,,,,,
6.2000,23.285000,23.285000,23.285000,23.285000,23.285000,,,23.285000,23.285000,23.285000,23.285000,23.285000,,,21.857000,21.857000,21.857000,21.857000,21.857000,,,19.560000,19.534000,19.509000,19.484000,19.460000,,,23.414000,23.611000,25.928000,24.266000,24.956000,,,,,,,,,,,,,,,,
6.2100,23.285000,23.285000,23.285000,23.285000,23.285000,,,23.285000,23.285000,23.285000,23.285000,23.285000,,,21.857000,21.857000,21.857000,21.857000,21.857000,,,19.560000,19.534000,19.509000,19.484000,19.460000,,,23.414000,23.611000,25.928000,24.266000,24.956000,,,,,,,,,,,,,,,,
6.2200,23.285000,23.285000,23.285000,23.285000,23.285000,,,23.285000,23.285000,23.285000,23.285000,23.285000,,,21.857000,21.857000,21.857000,21.857000,21.857000,,,19.560000,19.534000,19.509000,19.484000,19.460000,,,23.414000,23.611000,25.928000,24.266000,24.956000,,,,,,,,,,,,,,,,
6.2300,23.285000,23.285000,23.285000,23.285000,23.285000,,,23.285000,23.285000,23.285000,23.285000,23.285000,,,21.857000,21.857000,21.857000,21.857000,21.857000,,,19.560000,19.534000,19.509000,19.484000,19.460000,,,23.414000,23.611000,25.928000,24.266000,24.956000,,,,,,,,,,,,,,,,
6.2400,23.285000,23.285000,23.285000,23.285000,23.285000,,,23.285000,23.285000,23.285000,23.285000,23.285000,,,21.857000,21.857000,21.857000,21.857000,21.857000,,,19.560000,19.534000,19.509000,19.484000,19.460000,,,23.414000,23.611000,25.928000,24.266000,24.956000,,,,,,,,,,,,,,,,
6.2500,23.285000,23.285000,23.285000,23.285000,23.285000,,,23.285000,23.285000,23.285000,23.285000,23.285000,,,21.857000,21.857000,21.857000,21.857000,21.857000,,,19.560000,19.534000,19.509000,19.484000,19.460000,,,23.414000,23.611000,25.928000,24.266000,24.956000,,,,,,,,,,,,,,,,
6.2600,23.285000,23.285000,23.285000,23.285000,23.285000,,,23.285000,23.285000,23.285000,23.285000,23.285000,,,21.857000,21.857000,21.857000,21.857000,21.857000,,,19.560000,19.534000,19.509000,19.484000,19.460000,,,23.414000,23.611000,25.928000,24.266000,24.956000,,,,,,,,,,,,,,,,
6.2700,23.285000,23.285000,23.285000,23.285000,23.285000,,,23.285000,23.285000,23.285000,23.285000,23.285000,,,21.857000,21.857000,21.857000,21.857000,21.857000,,,19.560000,19.534000,19.509000,19.484000,19.460000,,,23.414000,23.611000,25.928000,24.266000,24.956000,,,,,,,,,,,,,,,,
6.2800,23.285000,23.285000,23.285000,23.285000,23.285000,,,23.285000,23.285000,23.285000,23.285000,23.285000,,,21.857000,21.857000,21.857000,21.857000,21.857000,,,19.560000,19.534000,19.509000,19.484000,19.460000,,,23.414000,23.611000,25.928000,24.266000,24.956000,,,,,,,,,,,,,,,,
6.2900,23.285000,23.285000,23.285000,23.285000,23.285000,,,23.285000,23.285000,23.285000,23.285000,23.285000,,,21.857000,21.857000,21.857000,21.857000,21.857000,,,19.560000,19.534000,19.509000,19.484000,19.460000,,,23.414000,23.611000,25.928000,24.266000,24.956000,,,,,,,,,,,,,,,,
6.3000,23.285000,23.285000,23.285000,23.285000,23.285000,,,23.285000,23.285000,23.285000,23.285000,23.285000,,,21.857000,21.857000,21.857000,21.857000,21.857000,,,19.560000,19.534000,19.509000,19.484000,19.460000,,,23.414000,23.611000,25.928000,24.266000,24.956000,,,,,,,,,,,,,,,,
6.3100,23.285000,23.285000,23.285000,23.285000,23.285000,,,23.285000,23.285000,23.285000,23.285000,23.285000,,,21.857000,21.857000,21.857000,21.857000,21.857000,,,19.560000,19.534000,19.509000,19.484000,19.460000,,,23.414000,23.611000,25.928000,24.266000,24.956000,,,,,,,,,,,,,,,,
6.3200,23.285000,23.285000,23.285000,23.285000,23.285000,,,23.285000,23.285000,23.285000,23.285000,23.285000,,,21.857000,21.857000,21.857000,21.857000,21.857000,,,19.560000,19.534000,19.509000,19.484000,19.460000,,,23.414000,23.611000,25.928000,24.266000,24.956000,,,,,,,,,,,,,,,,
6.3300,23.285000,23.285000,23.285000,23.285000,23.285000,,,23.285000,23.285000,23.285000,23.285000,23.285000,,,21.857000,21.857000,21.857000,21.857000,21.857000,,,19.560000,19.534000,19.509000,19.484000,19.460000,,,23.414000,23.611000,25.928000,24.266000,24.956000,,,,,,,,,,,,,,,,
6.3400,23.285000,23.285000,23.285000,23.285000,23.285000,,,23.285000,23.285000,23.285000,23.285000,23.285000,,,21.857000,21.857000,21.857000,21.857000,21.857000,,,19.560000,19.534000,19.509000,19.484000,19.460000,,,23.414000,23.611000,25.928000,24.266000,24.956000,,,,,,,,,,,,,,,,
6.3500,23.285000,23.285000,23.285000,23.285000,23.285000,,,23.285000,23.285000,23.285000,23.285000,23.285000,,,21.857000,21.857000,21.857000,21.857000,21.857000,,,19.560000,19.534000,19.509000,19.484000,19.460000,,,23.414000,23.611000,25.928000,24.266000,24.956000,,,,,,,,,,,,,,,,
6.3600,23.285000,23.285000,23.285000,23.285000,23.285000,,,23.285000,23.285000,23.285000,23.285000,23.285000,,,21.857000,21.857000,21.857000,21.857000,21.857000,,,19.560000,19.534000,19.509000,19.484000,19.460000,,,23.414000,23.611000,25.928000,24.266000,24.956000,,,,,,,,,,,,,,,,
6.3700,23.285000,23.285000,23.285000,23.285000,23.285000,,,23.285000,23.285000,23.285000,23.285000,23.285000,,,21.857000,21.857000,21.857000,21.857000,21.857000,,,19.560000,19.534000,19.509000,19.484000,19.460000,,,23.414000,23.611000,25.928000,24.266000,24.956000,,,,,,,,,,,,,,,,
6.3800,23.285000,23.285000,23.285000,23.285000,23.285000,,,23.285000,23.285000,23.285000,23.285000,23.285000,,,21.857000,21.857000,21.857000,21.857000,21.857000,,,19.560000,19.534000,19.509000,19.484000,19.460000,,,23.414000,23.611000,25.928000,24.266000,24.956000,,,,,,,,,,,,,,,,
6.3900,23.285000,23.285000,23.285000,23.285000,23.285000,,,23.285000,23.285000,23.285000,23.285000,23.285000,,,21.857000,21.857000,21.857000,21.857000,21.857000,,,19.560000,19.534000,19.509000,19.484000,19.460000,,,23.414000,23.611000,25.928000,24.266000,24.956000,,,,,,,,,,,,,,,,
6.4000,23.285000,23.285000,23.285000,23.285000,23.285000,,,23.285000,23.285000,23.285000,23.285000,23.285000,,,21.857000,21.857000,21.857000,21.857000,21.857000,,,19.560000,19.534000,19.509000,19.484000,19.460000,,,23.414000,23.611000,25.928000,24.266000,24.956000,,,,,,,,,,,,,,,,
6.4100,23.285000,23.285000,23.285000,23.285000,23.285000,,,23.285000,23.285000,23.285000,23.285000,23.285000,,,21.857000,21.857000,21.857000,21.857000,21.857000,,,19.560000,19.534000,19.509000,19.484000,19.460000,,,23.414000,23.611000,25.928000,24.266000,24.956000,,,,,,,,,,,,,,,,
6.4200,23.285000,23.285000,23.285000,23.285000,23.285000,,,23.285000,23.285000,23.285000,23.285000,23.285000,,,21.857000,21.857000,21.857000,21.857000,21.857000,,,19.560000,19.534000,19.509000,19.484000,19.460000,,,23.414000,23.611000,25.928000,24.266000,24.956000,,,,,,,,,,,,,,,,
6.4300,23.285000,23.285000,23.285000,23.285000,23.285000,,,23.285000,23.285000,23.285000,23.285000,23.285000,,,21.857000,21.857000,21.857000,21.857000,21.857000,,,19.560000,19.534000,19.509000,19.484000,19.460000,,,23.414000,23.611000,25.928000,24.266000,24.956000,,,,,,,,,,,,,,,,
6.4400,23.285000,23.285000,23.285000,23.285000,23.285000,,,23.285000,23.285000,23.285000,23.285000,23.285000,,,21.857000,21.857000,21.857000,21.857000,21.857000,,,19.560000,19.534000,19.509000,19.484000,19.460000,,,23.414000,23.611000,25.928000,24.266000,24.956000,,,,,,,,,,,,,,,,
6.4500,23.285000,23.285000,23.285000,23.285000,23.285000,,,23.285000,23.285000,23.285000,23.285000,23.285000,,,21.857000,21.857000,21.857000,21.857000,21.857000,,,19.560000,19.534000,19.509000,19.484000,19.460000,,,23.414000,23.611000,25.928000,24.266000,24.956000,,,,,,,,,,,,,,,,
6.4600,23.285000,23.285000,23.285000,23.285000,23.285000,,,23.285000,23.285000,23.285000,23.285000,23.285000,,,21.857000,21.857000,21.857000,21.857000,21.857000,,,19.560000,19.534000,19.509000,19.484000,19.460000,,,23.414000,23.611000,25.928000,24.266000,24.956000,,,,,,,,,,,,,,,,
6.4700,23.285000,23.285000,23.285000,23.285000,23.285000,,,23.285000,23.285000,23.285000,23.285000,23.285000,,,21.857000,21.857000,21.857000,21.857000,21.857000,,,19.560000,19.534000,19.509000,19.484000,19.460000,,,23.414000,23.611000,25.928000,24.266000,24.956000,,,,,,,,,,,,,,,,
6.4800,23.285000,23.285000,23.285000,23.285000,23.285000,,,23.285000,23.285000,23.285000,23.285000,23.285000,,,21.857000,21.857000,21.857000,21.857000,21.857000,,,19.560000,19.534000,19.509000,19.484000,19.460000,,,23.414000,23.611000,25.928000,24.266000,24.956000,,,,,,,,,,,,,,,,
6.4900,23.285000,23.285000,23.285000,23.285000,23.285000,,,23.285000,23.285000,23.285000,23.285000,23.285000,,,21.857000,21.857000,21.857000,21.857000,21.857000,,,19.560000,19.534000,19.509000,19.484000,19.460000,,,23.414000,23.611000,25.928000,24.266000,24.956000,,,,,,,,,,,,,,,,
6.5000,23.285000,23.285000,23.285000,23.285000,23.285000,,,23.285000,23.285000,23.285000,23.285000,23.285000,,,21.857000,21.857000,21.857000,21.857000,21.857000,,,19.560000,19.534000,19.509000,19.484000,19.460000,,,23.414000,23.611000,25.928000,24.266000,24.956000,,,,,,,,,,,,,,,,
6.5100,23.285000,23.285000,23.285000,23.285000,23.285000,,,23.285000,23.285000,23.285000,23.285000,23.285000,,,21.857000,21.857000,21.857000,21.857000,21.857000,,,19.560000,19.534000,19.509000,19.484000,19.460000,,,23.414000,23.611000,25.928000,24.266000,24.956000,,,,,,,,,,,,,,,,
6.5200,23.285000,23.285000,23.285000,23.285000,23.285000,,,23.285000,23.285000,23.285000,23.285000,23.285000,,,21.857000,21.857000,21.857000,21.857000,21.857000,,,19.560000,19.534000,19.509000,19.484000,19.460000,,,23.414000,23.611000,25.928000,24.266000,24.956000,,,,,,,,,,,,,,,,
6.5300,23.285000,23.285000,23.285000,23.285000,23.285000,,,23.285000,23.285000,23.285000,23.285000,23.285000,,,21.857000,21.857000,21.857000,21.857000,21.857000,,,19.560000,19.534000,19.509000,19.484000,19.460000,,,23.414000,23.611000,25.928000,24.266000,24.956000,,,,,,,,,,,,,,,,
6.5400,23.285000,23.285000,23.285000,23.285000,23.285000,,,23.285000,23.285000,23.285000,23.285000,23.285000,,,21.857000,21.857000,21.857000,21.857000,21.857000,,,19.560000,19.534000,19.509000,19.484000,19.460000,,,23.414000,23.611000,25.928000,24.266000,24.956000,,,,,,,,,,,,,,,,
6.5500,23.285000,23.285000,23.285000,23.285000,23.285000,,,23.285000,23.285000,23.285000,23.285000,23.285000,,,21.857000,21.857000,21.857000,21.857000,21.857000,,,19.560000,19.534000,19.509000,19.484000,19.460000,,,23.414000,23.611000,25.928000,24.266000,24.956000,,,,,,,,,,,,,,,,
6.5600,23.285000,23.285000,23.285000,23.285000,23.285000,,,23.285000,23.285000,23.285000,23.285000,23.285000,,,21.857000,21.857000,21.857000,21.857000,21.857000,,,19.560000,19.534000,19.509000,19.484000,19.460000,,,23.414000,23.611000,25.928000,24.266000,24.956000,,,,,,,,,,,,,,,,
6.5700,23.285000,23.285000,23.285000,23.285000,23.285000,,,23.285000,23.285000,23.285000,23.285000,23.285000,,,21.857000,21.857000,21.857000,21.857000,21.857000,,,19.560000,19.534000,19.509000,19.484000,19.460000,,,23.414000,23.611000,25.928000,24.266000,24.956000,,,,,,,,,,,,,,,,
6.5800,23.285000,23.285000,23.285000,23.285000,23.285000,,,23.285000,23.285000,23.285000,23.285000,23.285000,,,21.857000,21.857000,21.857000,21.857000,21.857000,,,19.560000,19.534000,19.509000,19.484000,19.460000,,,23.414000,23.611000,25.928000,24.266000,24.956000,,,,,,,,,,,,,,,,
6.5900,23.285000,23.285000,23.285000,23.285000,23.285000,,,23.285000,23.285000,23.285000,23.285000,23.285000,,,21.857000,21.857000,21.857000,21.857000,21.857000,,,19.560000,19.534000,19.509000,19.484000,19.460000,,,23.414000,23.611000,25.928000,24.266000,24.956000,,,,,,,,,,,,,,,,
6.6000,23.285000,23.285000,23.285000,23.285000,23.285000,,,23.285000,23.285000,23.285000,23.285000,23.285000,,,21.857000,21.857000,21.857000,21.857000,21.857000,,,19.560000,19.534000,19.509000,19.484000,19.460000,,,23.414000,23.611000,25.928000,24.266000,24.956000,,,,,,,,,,,,,,,,
6.6100,23.285000,23.285000,23.285000,23.285000,23.285000,,,23.285000,23.285000,23.285000,23.285000,23.285000,,,21.857000,21.857000,21.857000,21.857000,21.857000,,,19.560000,19.534000,19.509000,19.484000,19.460000,,,23.414000,23.611000,25.928000,24.266000,24.956000,,,,,,,,,,,,,,,,
6.6200,23.285000,23.285000,23.285000,23.285000,23.285000,,,23.285000,23.285000,23.285000,23.285000,23.285000,,,21.857000,21.857000,21.857000,21.857000,21.857000,,,19.560000,19.534000,19.509000,19.484000,19.460000,,,23.414000,23.611000,25.928000,24.266000,24.956000,,,,,,,,,,,,,,,,
6.6300,23.285000,23.285000,23.285000,23.285000,23.285000,,,23.285000,23.285000,23.285000,23.285000,23.285000,,,21.857000,21.857000,21.857000,21.857000,21.857000,,,19.560000,19.534000,19.509000,19.484000,19.460000,,,23.414000,23.611000,25.928000,24.266000,24.956000,,,,,,,,,,,,,,,,
6.6400,23.285000,23.285000,23.285000,23.285000,23.285000,,,23.285000,23.285000,23.285000,23.285000,23.285000,,,21.857000,21.857000,21.857000,21.857000,21.857000,,,19.560000,19.534000,19.509000,19.484000,19.460000,,,23.414000,23.611000,25.928000,24.266000,24.956000,,,,,,,,,,,,,,,,
6.6500,23.285000,23.285000,23.285000,23.285000,23.285000,,,23.285000,23.285000,23.285000,23.285000,23.285000,,,21.857000,21.857000,21.857000,21.857000,21.857000,,,19.560000,19.534000,19.509000,19.484000,19.460000,,,23.414000,23.611000,25.928000,24.266000,24.956000,,,,,,,,,,,,,,,,
6.6600,23.285000,23.285000,23.285000,23.285000,23.285000,,,23.285000,23.285000,23.285000,23.285000,23.285000,,,21.857000,21.857000,21.857000,21.857000,21.857000,,,19.560000,19.534000,19.509000,19.484000,19.460000,,,23.414000,23.611000,25.928000,24.266000,24.956000,,,,,,,,,,,,,,,,
6.6700,23.285000,23.285000,23.285000,23.285000,23.285000,,,23.285000,23.285000,23.285000,23.285000,23.285000,,,21.857000,21.857000,21.857000,21.857000,21.857000,,,19.560000,19.534000,19.509000,19.484000,19.460000,,,23.414000,23.611000,25.928000,24.266000,24.956000,,,,,,,,,,,,,,,,
6.6800,23.285000,23.285000,23.285000,23.285000,23.285000,,,23.285000,23.285000,23.285000,23.285000,23.285000,,,21.857000,21.857000,21.857000,21.857000,21.857000,,,19.560000,19.534000,19.509000,19.484000,19.460000,,,23.414000,23.611000,25.928000,24.266000,24.956000,,,,,,,,,,,,,,,,
6.6900,23.285000,23.285000,23.285000,23.285000,23.285000,,,23.285000,23.285000,23.285000,23.285000,23.285000,,,21.857000,21.857000,21.857000,21.857000,21.857000,,,19.560000,19.534000,19.509000,19.484000,19.460000,,,23.414000,23.611000,25.928000,24.266000,24.956000,,,,,,,,,,,,,,,,
6.7000,23.285000,23.285000,23.285000,23.285000,23.285000,,,23.285000,23.285000,23.285000,23.285000,23.285000,,,21.857000,21.857000,21.857000,21.857000,21.857000,,,19.560000,19.534000,19.509000,19.484000,19.460000,,,23.414000,23.611000,25.928000,24.266000,24.956000,,,,,,,,,,,,,,,,
6.7100,23.285000,23.285000,23.285000,23.285000,23.285000,,,23.285000,23.285000,23.285000,23.285000,23.285000,,,21.857000,21.857000,21.857000,21.857000,21.857000,,,19.560000,19.534000,19.509000,19.484000,19.460000,,,23.414000,23.611000,25.928000,24.266000,24.956000,,,,,,,,,,,,,,,,
6.7200,23.285000,23.285000,23.285000,23.285000,23.285000,,,23.285000,23.285000,23.285000,23.285000,23.285000,,,21.857000,21.857000,21.857000,21.857000,21.857000,,,19.560000,19.534000,19.509000,19.484000,19.460000,,,23.414000,23.611000,25.928000,24.266000,24.956000,,,,,,,,,,,,,,,,
6.7300,23.285000,23.285000,23.285000,23.285000,23.285000,,,23.285000,23.285000,23.285000,23.285000,23.285000,,,21.857000,21.857000,21.857000,21.857000,21.857000,,,19.560000,19.534000,19.509000,19.484000,19.460000,,,23.414000,23.611000,25.928000,24.266000,24.956000,,,,,,,,,,,,,,,,
6.7400,23.285000,23.285000,23.285000,23.285000,23.285000,,,23.285000,23.285000,23.285000,23.285000,23.285000,,,21.857000,21.857000,21.857000,21.857000,21.857000,,,19.560000,19.534000,19.509000,19.484000,19.460000,,,23.414000,23.611000,25.928000,24.266000,24.956000,,,,,,,,,,,,,,,,
6.7500,23.285000,23.285000,23.285000,23.285000,23.285000,,,23.285000,23.285000,23.285000,23.285000,23.285000,,,21.857000,21.857000,21.857000,21.857000,21.857000,,,19.560000,19.534000,19.509000,19.484000,19.460000,,,23.414000,23.611000,25.928000,24.266000,24.956000,,,,,,,,,,,,,,,,
6.7600,23.285000,23.285000,23.285000,23.285000,23.285000,,,23.285000,23.285000,23.285000,23.285000,23.285000,,,21.857000,21.857000,21.857000,21.857000,21.857000,,,19.560000,19.534000,19.509000,19.484000,19.460000,,,23.414000,23.611000,25.928000,24.266000,24.956000,,,,,,,,,,,,,,,,
6.7700,23.285000,23.285000,23.285000,23.285000,23.285000,,,23.285000,23.285000,23.285000,23.285000,23.285000,,,21.857000,21.857000,21.857000,21.857000,21.857000,,,19.560000,19.534000,19.509000,19.484000,19.460000,,,23.414000,23.611000,25.928000,24.266000,24.956000,,,,,,,,,,,,,,,,
6.7800,23.285000,23.285000,23.285000,23.285000,23.285000,,,23.285000,23.285000,23.285000,23.285000,23.285000,,,21.857000,21.857000,21.857000,21.857000,21.857000,,,19.560000,19.534000,19.509000,19.484000,19.460000,,,23.414000,23.611000,25.928000,24.266000,24.956000,,,,,,,,,,,,,,,,
6.7900,23.285000,23.285000,23.285000,23.285000,23.285000,,,23.285000,23.285000,23.285000,23.285000,23.285000,,,21.857000,21.857000,21.857000,21.857000,21.857000,,,19.560000,19.534000,19.509000,19.484000,19.460000,,,23.414000,23.611000,25.928000,24.266000,24.956000,,,,,,,,,,,,,,,,
6.8000,23.285000,23.285000,23.285000,23.285000,23.285000,,,23.285000,23.285000,23.285000,23.285000,23.285000,,,21.857000,21.857000,21.857000,21.857000,21.857000,,,19.560000,19.534000,19.509000,19.484000,19.460000,,,23.414000,23.611000,25.928000,24.266000,24.956000,,,,,,,,,,,,,,,,
6.8100,23.285000,23.285000,23.285000,23.285000,23.285000,,,23.285000,23.285000,23.285000,23.285000,23.285000,,,21.857000,21.857000,21.857000,21.857000,21.857000,,,19.560000,19.534000,19.509000,19.484000,19.460000,,,23.414000,23.611000,25.928000,24.266000,24.956000,,,,,,,,,,,,,,,,
6.8200,23.285000,23.285000,23.285000,23.285000,23.285000,,,23.285000,23.285000,23.285000,23.285000,23.285000,,,21.857000,21.857000,21.857000,21.857000,21.857000,,,19.560000,19.534000,19.509000,19.484000,19.460000,,,23.414000,23.611000,25.928000,24.266000,24.956000,,,,,,,,,,,,,,,,
6.8300,23.285000,23.285000,23.285000,23.285000,23.285000,,,23.285000,23.285000,23.285000,23.285000,23.285000,,,21.857000,21.857000,21.857000,21.857000,21.857000,,,19.560000,19.534000,19.509000,19.484000,19.460000,,,23.414000,23.611000,25.928000,24.266000,24.956000,,,,,,,,,,,,,,,,
6.8400,23.285000,23.285000,23.285000,23.285000,23.285000,,,23.285000,23.285000,23.285000,23.285000,23.285000,,,21.857000,21.857000,21.857000,21.857000,21.857000,,,19.560000,19.534000,19.509000,19.484000,19.460000,,,23.414000,23.611000,25.928000,24.266000,24.956000,,,,,,,,,,,,,,,,
6.8500,23.285000,23.285000,23.285000,23.285000,23.285000,,,23.285000,23.285000,23.285000,23.285000,23.285000,,,21.857000,21.857000,21.857000,21.857000,21.857000,,,19.560000,19.534000,19.509000,19.484000,19.460000,,,23.414000,23.611000,25.928000,24.266000,24.956000,,,,,,,,,,,,,,,,
6.8600,23.285000,23.285000,23.285000,23.285000,23.285000,,,23.285000,23.285000,23.285000,23.285000,23.285000,,,21.857000,21.857000,21.857000,21.857000,21.857000,,,19.560000,19.534000,19.509000,19.484000,19.460000,,,23.414000,23.611000,25.928000,24.266000,24.956000,,,,,,,,,,,,,,,,
6.8700,23.285000,23.285000,23.285000,23.285000,23.285000,,,23.285000,23.285000,23.285000,23.285000,23.285000,,,21.857000,21.857000,21.857000,21.857000,21.857000,,,19.560000,19.534000,19.509000,19.484000,19.460000,,,23.414000,23.611000,25.928000,24.266000,24.956000,,,,,,,,,,,,,,,,
6.8800,23.285000,23.285000,23.285000,23.285000,23.285000,,,23.285000,23.285000,23.285000,23.285000,23.285000,,,21.857000,21.857000,21.857000,21.857000,21.857000,,,19.560000,19.534000,19.509000,19.484000,19.460000,,,23.414000,23.611000,25.928000,24.266000,24.956000,,,,,,,,,,,,,,,,
6.8900,23.285000,23.285000,23.285000,23.285000,23.285000,,,23.285000,23.285000,23.285000,23.285000,23.285000,,,21.857000,21.857000,21.857000,21.857000,21.857000,,,19.560000,19.534000,19.509000,19.484000,19.460000,,,23.414000,23.611000,25.928000,24.266000,24.956000,,,,,,,,,,,,,,,,
6.9000,23.285000,23.285000,23.285000,23.285000,23.285000,,,23.285000,23.285000,23.285000,23.285000,23.285000,,,21.857000,21.857000,21.857000,21.857000,21.857000,,,19.560000,19.534000,19.509000,19.484000,19.460000,,,23.414000,23.611000,25.928000,24.266000,24.956000,,,,,,,,,,,,,,,,
6.9100,23.285000,23.285000,23.285000,23.285000,23.285000,,,23.285000,23.285000,23.285000,23.285000,23.285000,,,21.857000,21.857000,21.857000,21.857000,21.857000,,,19.560000,19.534000,19.509000,19.484000,19.460000,,,23.414000,23.611000,25.928000,24.266000,24.956000,,,,,,,,,,,,,,,,
6.9200,23.285000,23.285000,23.285000,23.285000,23.285000,,,23.285000,23.285000,23.285000,23.285000,23.285000,,,21.857000,21.857000,21.857000,21.857000,21.857000,,,19.560000,19.534000,19.509000,19.484000,19.460000,,,23.414000,23.611000,25.928000,24.266000,24.956000,,,,,,,,,,,,,,,,
6.9300,23.285000,23.285000,23.285000,23.285000,23.285000,,,23.285000,23.285000,23.285000,23.285000,23.285000,,,21.857000,21.857000,21.857000,21.857000,21.857000,,,19.560000,19.534000,19.509000,19.484000,19.460000,,,23.414000,23.611000,25.928000,24.266000,24.956000,,,,,,,,,,,,,,,,
6.9400,23.285000,23.285000,23.285000,23.285000,23.285000,,,23.285000,23.285000,23.285000,23.285000,23.285000,,,21.857000,21.857000,21.857000,21.857000,21.857000,,,19.560000,19.534000,19.509000,19.484000,19.460000,,,23.414000,23.611000,25.928000,24.266000,24.956000,,,,,,,,,,,,,,,,
6.9500,23.285000,23.285000,23.285000,23.285000,23.285000,,,23.285000,23.285000,23.285000,23.285000,23.285000,,,21.857000,21.857000,21.857000,21.857000,21.857000,,,19.560000,19.534000,19.509000,19.484000,19.460000,,,23.414000,23.611000,25.928000,24.266000,24.956000,,,,,,,,,,,,,,,,
6.9600,23.285000,23.285000,23.285000,23.285000,23.285000,,,23.285000,23.285000,23.285000,23.285000,23.285000,,,21.857000,21.857000,21.857000,21.857000,21.857000,,,19.560000,19.534000,19.509000,19.484000,19.460000,,,23.414000,23.611000,25.928000,24.266000,24.956000,,,,,,,,,,,,,,,,
6.9700,23.285000,23.285000,23.285000,23.285000,23.285000,,,23.285000,23.285000,23.285000,23.285000,23.285000,,,21.857000,21.857000,21.857000,21.857000,21.857000,,,19.560000,19.534000,19.509000,19.484000,19.460000,,,23.414000,23.611000,25.928000,24.266000,24.956000,,,,,,,,,,,,,,,,
6.9800,23.285000,23.285000,23.285000,23.285000,23.285000,,,23.285000,23.285000,23.285000,23.285000,23.285000,,,21.857000,21.857000,21.857000,21.857000,21.857000,,,19.560000,19.534000,19.509000,19.484000,19.460000,,,23.414000,23.611000,25.928000,24.266000,24.956000,,,,,,,,,,,,,,,,
6.9900,23.285000,23.285000,23.285000,23.285000,23.285000,,,23.285000,23.285000,23.285000,23.285000,23.285000,,,21.857000,21.857000,21.857000,21.857000,21.857000,,,19.560000,19.534000,19.509000,19.484000,19.460000,,,23.414000,23.611000,25.928000,24.266000,24.956000,,,,,,,,,,,,,,,,
7.0000,23.285000,23.285000,23.285000,23.285000,23.285000,,,23.285000,23.285000,23.285000,23.285000,23.285000,,,21.857000,21.857000,21.857000,21.857000,21.857000,,,19.560000,19.534000,19.509000,19.484000,19.460000,,,23.414000,23.611000,25.928000,24.266000,24.956000,,,,,,,,,,,,,,,,
7.0100,23.285000,23.285000,23.285000,23.285000,23.285000,,,23.285000,23.285000,23.285000,23.285000,23.285000,,,21.857000,21.857000,21.857000,21.857000,21.857000,,,19.560000,19.534000,19.509000,19.484000,19.460000,,,23.414000,23.611000,25.928000,24.266000,24.956000,,,,,,,,,,,,,,,,
7.0200,23.285000,23.285000,23.285000,23.285000,23.285000,,,23.285000,23.285000,23.285000,23.285000,23.285000,,,21.857000,21.857000,21.857000,21.857000,21.857000,,,19.560000,19.534000,19.509000,19.484000,19.460000,,,23.414000,23.611000,25.928000,24.266000,24.956000,,,,,,,,,,,,,,,,
7.0300,23.285000,23.285000,23.285000,23.285000,23.285000,,,23.285000,23.285000,23.285000,23.285000,23.285000,,,21.857000,21.857000,21.857000,21.857000,21.857000,,,19.560000,19.534000,19.509000,19.484000,19.460000,,,23.414000,23.611000,25.928000,24.266000,24.956000,,,,,,,,,,,,,,,,
7.0400,23.285000,23.285000,23.285000,23.285000,23.285000,,,23.285000,23.285000,23.285000,23.285000,23.285000,,,21.857000,21.857000,21.857000,21.857000,21.857000,,,19.560000,19.534000,19.509000,19.484000,19.460000,,,23.414000,23.611000,25.928000,24.266000,24.956000,,,,,,,,,,,,,,,,
7.0500,23.285000,23.285000,23.285000,23.285000,23.285000,,,23.285000,23.285000,23.285000,23.285000,23.285000,,,21.857000,21.857000,21.857000,21.857000,21.857000,,,19.560000,19.534000,19.509000,19.484000,19.460000,,,23.414000,23.611000,25.928000,24.266000,24.956000,,,,,,,,,,,,,,,,
7.0600,23.285000,23.285000,23.285000,23.285000,23.285000,,,23.285000,23.285000,23.285000,23.285000,23.285000,,,21.857000,21.857000,21.857000,21.857000,21.857000,,,19.560000,19.534000,19.509000,19.484000,19.460000,,,23.414000,23.611000,25.928000,24.266000,24.956000,,,,,,,,,,,,,,,,
7.0700,23.285000,23.285000,23.285000,23.285000,23.285000,,,23.285000,23.285000,23.285000,23.285000,23.285000,,,21.857000,21.857000,21.857000,21.857000,21.857000,,,19.560000,19.534000,19.509000,19.484000,19.460000,,,23.414000,23.611000,25.928000,24.266000,24.956000,,,,,,,,,,,,,,,,
7.0800,23.285000,23.285000,23.285000,23.285000,23.285000,,,23.285000,23.285000,23.285000,23.285000,23.285000,,,21.857000,21.857000,21.857000,21.857000,21.857000,,,19.560000,19.534000,19.509000,19.484000,19.460000,,,23.414000,23.611000,25.928000,24.266000,24.956000,,,,,,,,,,,,,,,,
7.0900,23.285000,23.285000,23.285000,23.285000,23.285000,,,23.285000,23.285000,23.285000,23.285000,23.285000,,,21.857000,21.857000,21.857000,21.857000,21.857000,,,19.560000,19.534000,19.509000,19.484000,19.460000,,,23.414000,23.611000,25.928000,24.266000,24.956000,,,,,,,,,,,,,,,,
7.1000,23.285000,23.285000,23.285000,23.285000,23.285000,,,23.285000,23.285000,23.285000,23.285000,23.285000,,,21.857000,21.857000,21.857000,21.857000,21.857000,,,19.560000,19.534000,19.509000,19.484000,19.460000,,,23.414000,23.611000,25.928000,24.266000,24.956000,,,,,,,,,,,,,,,,
7.1100,23.285000,23.285000,23.285000,23.285000,23.285000,,,23.285000,23.285000,23.285000,23.285000,23.285000,,,21.857000,21.857000,21.857000,21.857000,21.857000,,,19.560000,19.534000,19.509000,19.484000,19.460000,,,23.414000,23.611000,25.928000,24.266000,24.956000,,,,,,,,,,,,,,,,
7.1200,23.285000,23.285000,23.285000,23.285000,23.285000,,,23.285000,23.285000,23.285000,23.285000,23.285000,,,21.857000,21.857000,21.857000,21.857000,21.857000,,,19.560000,19.534000,19.509000,19.484000,19.460000,,,23.414000,23.611000,25.928000,24.266000,24.956000,,,,,,,,,,,,,,,,
7.1300,23.285000,23.285000,23.285000,23.285000,23.285000,,,23.285000,23.285000,23.285000,23.285000,23.285000,,,21.857000,21.857000,21.857000,21.857000,21.857000,,,19.560000,19.534000,19.509000,19.484000,19.460000,,,23.414000,23.611000,25.928000,24.266000,24.956000,,,,,,,,,,,,,,,,
7.1400,23.285000,23.285000,23.285000,23.285000,23.285000,,,23.285000,23.285000,23.285000,23.285000,23.285000,,,21.857000,21.857000,21.857000,21.857000,21.857000,,,19.560000,19.534000,19.509000,19.484000,19.460000,,,23.414000,23.611000,25.928000,24.266000,24.956000,,,,,,,,,,,,,,,,
7.1500,23.285000,23.285000,23.285000,23.285000,23.285000,,,23.285000,23.285000,23.285000,23.285000,23.285000,,,21.857000,21.857000,21.857000,21.857000,21.857000,,,19.560000,19.534000,19.509000,19.484000,19.460000,,,23.414000,23.611000,25.928000,24.266000,24.956000,,,,,,,,,,,,,,,,
7.1600,23.285000,23.285000,23.285000,23.285000,23.285000,,,23.285000,23.285000,23.285000,23.285000,23.285000,,,21.857000,21.857000,21.857000,21.857000,21.857000,,,19.560000,19.534000,19.509000,19.484000,19.460000,,,23.414000,23.611000,25.928000,24.266000,24.956000,,,,,,,,,,,,,,,,
7.1700,23.285000,23.285000,23.285000,23.285000,23.285000,,,23.285000,23.285000,23.285000,23.285000,23.285000,,,21.857000,21.857000,21.857000,21.857000,21.857000,,,19.560000,19.534000,19.509000,19.484000,19.460000,,,23.414000,23.611000,25.928000,24.266000,24.956000,,,,,,,,,,,,,,,,
7.1800,23.285000,23.285000,23.285000,23.285000,23.285000,,,23.285000,23.285000,23.285000,23.285000,23.285000,,,21.857000,21.857000,21.857000,21.857000,21.857000,,,19.560000,19.534000,19.509000,19.484000,19.460000,,,23.414000,23.611000,25.928000,24.266000,24.956000,,,,,,,,,,,,,,,,
7.1900,23.285000,23.285000,23.285000,23.285000,23.285000,,,23.285000,23.285000,23.285000,23.285000,23.285000,,,21.857000,21.857000,21.857000,21.857000,21.857000,,,19.560000,19.534000,19.509000,19.484000,19.460000,,,23.414000,23.611000,25.928000,24.266000,24.956000,,,,,,,,,,,,,,,,
7.2000,23.285000,23.285000,23.285000,23.285000,23.285000,,,23.285000,23.285000,23.285000,23.285000,23.285000,,,21.857000,21.857000,21.857000,21.857000,21.857000,,,19.560000,19.534000,19.509000,19.484000,19.460000,,,23.414000,23.611000,25.928000,24.266000,24.956000,,,,,,,,,,,,,,,,
7.2100,23.285000,23.285000,23.285000,23.285000,23.285000,,,23.285000,23.285000,23.285000,23.285000,23.285000,,,21.857000,21.857000,21.857000,21.857000,21.857000,,,19.560000,19.534000,19.509000,19.484000,19.460000,,,23.414000,23.611000,25.928000,24.266000,24.956000,,,,,,,,,,,,,,,,
7.2200,23.285000,23.285000,23.285000,23.285000,23.285000,,,23.285000,23.285000,23.285000,23.285000,23.285000,,,21.857000,21.857000,21.857000,21.857000,21.857000,,,19.560000,19.534000,19.509000,19.484000,19.460000,,,23.414000,23.611000,25.928000,24.266000,24.956000,,,,,,,,,,,,,,,,
7.2300,23.285000,23.285000,23.285000,23.285000,23.285000,,,23.285000,23.285000,23.285000,23.285000,23.285000,,,21.857000,21.857000,21.857000,21.857000,21.857000,,,19.560000,19.534000,19.509000,19.484000,19.460000,,,23.414000,23.611000,25.928000,24.266000,24.956000,,,,,,,,,,,,,,,,
7.2400,23.285000,23.285000,23.285000,23.285000,23.285000,,,23.285000,23.285000,23.285000,23.285000,23.285000,,,21.857000,21.857000,21.857000,21.857000,21.857000,,,19.560000,19.534000,19.509000,19.484000,19.460000,,,23.414000,23.611000,25.928000,24.266000,24.956000,,,,,,,,,,,,,,,,
7.2500,23.285000,23.285000,23.285000,23.285000,23.285000,,,23.285000,23.285000,23.285000,23.285000,23.285000,,,21.857000,21.857000,21.857000,21.857000,21.857000,,,19.560000,19.534000,19.509000,19.484000,19.460000,,,23.414000,23.611000,25.928000,24.266000,24.956000,,,,,,,,,,,,,,,,
7.2600,23.285000,23.285000,23.285000,23.285000,23.285000,,,23.285000,23.285000,23.285000,23.285000,23.285000,,,21.857000,21.857000,21.857000,21.857000,21.857000,,,19.560000,19.534000,19.509000,19.484000,19.460000,,,23.414000,23.611000,25.928000,24.266000,24.956000,,,,,,,,,,,,,,,,
7.2700,23.285000,23.285000,23.285000,23.285000,23.285000,,,23.285000,23.285000,23.285000,23.285000,23.285000,,,21.857000,21.857000,21.857000,21.857000,21.857000,,,19.560000,19.534000,19.509000,19.484000,19.460000,,,23.414000,23.611000,25.928000,24.266000,24.956000,,,,,,,,,,,,,,,,
7.2800,23.285000,23.285000,23.285000,23.285000,23.285000,,,23.285000,23.285000,23.285000,23.285000,23.285000,,,21.857000,21.857000,21.857000,21.857000,21.857000,,,19.560000,19.534000,19.509000,19.484000,19.460000,,,23.414000,23.611000,25.928000,24.266000,24.956000,,,,,,,,,,,,,,,,
7.2900,23.285000,23.285000,23.285000,23.285000,23.285000,,,23.285000,23.285000,23.285000,23.285000,23.285000,,,21.857000,21.857000,21.857000,21.857000,21.857000,,,19.560000,19.534000,19.509000,19.484000,19.460000,,,23.414000,23.611000,25.928000,24.266000,24.956000,,,,,,,,,,,,,,,,
7.3000,23.285000,23.285000,23.285000,23.285000,23.285000,,,23.285000,23.285000,23.285000,23.285000,23.285000,,,21.857000,21.857000,21.857000,21.857000,21.857000,,,19.560000,19.534000,19.509000,19.484000,19.460000,,,23.414000,23.611000,25.928000,24.266000,24.956000,,,,,,,,,,,,,,,,
7.3100,23.285000,23.285000,23.285000,23.285000,23.285000,,,23.285000,23.285000,23.285000,23.285000,23.285000,,,21.857000,21.857000,21.857000,21.857000,21.857000,,,19.560000,19.534000,19.509000,19.484000,19.460000,,,23.414000,23.611000,25.928000,24.266000,24.956000,,,,,,,,,,,,,,,,
7.3200,23.285000,23.285000,23.285000,23.285000,23.285000,,,23.285000,23.285000,23.285000,23.285000,23.285000,,,21.857000,21.857000,21.857000,21.857000,21.857000,,,19.560000,19.534000,19.509000,19.484000,19.460000,,,23.414000,23.611000,25.928000,24.266000,24.956000,,,,,,,,,,,,,,,,
7.3300,23.285000,23.285000,23.285000,23.285000,23.285000,,,23.285000,23.285000,23.285000,23.285000,23.285000,,,21.857000,21.857000,21.857000,21.857000,21.857000,,,19.560000,19.534000,19.509000,19.484000,19.460000,,,23.414000,23.611000,25.928000,24.266000,24.956000,,,,,,,,,,,,,,,,
7.3400,23.285000,23.285000,23.285000,23.285000,23.285000,,,23.285000,23.285000,23.285000,23.285000,23.285000,,,21.857000,21.857000,21.857000,21.857000,21.857000,,,19.560000,19.534000,19.509000,19.484000,19.460000,,,23.414000,23.611000,25.928000,24.266000,24.956000,,,,,,,,,,,,,,,,
7.3500,23.285000,23.285000,23.285000,23.285000,23.285000,,,23.285000,23.285000,23.285000,23.285000,23.285000,,,21.857000,21.857000,21.857000,21.857000,21.857000,,,19.560000,19.534000,19.509000,19.484000,19.460000,,,23.414000,23.611000,25.928000,24.266000,24.956000,,,,,,,,,,,,,,,,
7.3600,23.285000,23.285000,23.285000,23.285000,23.285000,,,23.285000,23.285000,23.285000,23.285000,23.285000,,,21.857000,21.857000,21.857000,21.857000,21.857000,,,19.560000,19.534000,19.509000,19.484000,19.460000,,,23.414000,23.611000,25.928000,24.266000,24.956000,,,,,,,,,,,,,,,,
7.3700,23.285000,23.285000,23.285000,23.285000,23.285000,,,23.285000,23.285000,23.285000,23.285000,23.285000,,,21.857000,21.857000,21.857000,21.857000,21.857000,,,19.560000,19.534000,19.509000,19.484000,19.460000,,,23.414000,23.611000,25.928000,24.266000,24.956000,,,,,,,,,,,,,,,,
7.3800,23.285000,23.285000,23.285000,23.285000,23.285000,,,23.285000,23.285000,23.285000,23.285000,23.285000,,,21.857000,21.857000,21.857000,21.857000,21.857000,,,19.560000,19.534000,19.509000,19.484000,19.460000,,,23.414000,23.611000,25.928000,24.266000,24.956000,,,,,,,,,,,,,,,,
7.3900,23.285000,23.285000,23.285000,23.285000,23.285000,,,23.285000,23.285000,23.285000,23.285000,23.285000,,,21.857000,21.857000,21.857000,21.857000,21.857000,,,19.560000,19.534000,19.509000,19.484000,19.460000,,,23.414000,23.611000,25.928000,24.266000,24.956000,,,,,,,,,,,,,,,,
7.4000,23.285000,23.285000,23.285000,23.285000,23.285000,,,23.285000,23.285000,23.285000,23.285000,23.285000,,,21.857000,21.857000,21.857000,21.857000,21.857000,,,19.560000,19.534000,19.509000,19.484000,19.460000,,,23.414000,23.611000,25.928000,24.266000,24.956000,,,,,,,,,,,,,,,,
7.4100,23.285000,23.285000,23.285000,23.285000,23.285000,,,23.285000,23.285000,23.285000,23.285000,23.285000,,,21.857000,21.857000,21.857000,21.857000,21.857000,,,19.560000,19.534000,19.509000,19.484000,19.460000,,,23.414000,23.611000,25.928000,24.266000,24.956000,,,,,,,,,,,,,,,,
7.4200,23.285000,23.285000,23.285000,23.285000,23.285000,,,23.285000,23.285000,23.285000,23.285000,23.285000,,,21.857000,21.857000,21.857000,21.857000,21.857000,,,19.560000,19.534000,19.509000,19.484000,19.460000,,,23.414000,23.611000,25.928000,24.266000,24.956000,,,,,,,,,,,,,,,,
7.4300,23.285000,23.285000,23.285000,23.285000,23.285000,,,23.285000,23.285000,23.285000,23.285000,23.285000,,,21.857000,21.857000,21.857000,21.857000,21.857000,,,19.560000,19.534000,19.509000,19.484000,19.460000,,,23.414000,23.611000,25.928000,24.266000,24.956000,,,,,,,,,,,,,,,,
7.4400,23.285000,23.285000,23.285000,23.285000,23.285000,,,23.285000,23.285000,23.285000,23.285000,23.285000,,,21.857000,21.857000,21.857000,21.857000,21.857000,,,19.560000,19.534000,19.509000,19.484000,19.460000,,,23.414000,23.611000,25.928000,24.266000,24.956000,,,,,,,,,,,,,,,,
7.4500,23.285000,23.285000,23.285000,23.285000,23.285000,,,23.285000,23.285000,23.285000,23.285000,23.285000,,,21.857000,21.857000,21.857000,21.857000,21.857000,,,19.560000,19.534000,19.509000,19.484000,19.460000,,,23.414000,23.611000,25.928000,24.266000,24.956000,,,,,,,,,,,,,,,,
7.4600,23.285000,23.285000,23.285000,23.285000,23.285000,,,23.285000,23.285000,23.285000,23.285000,23.285000,,,21.857000,21.857000,21.857000,21.857000,21.857000,,,19.560000,19.534000,19.509000,19.484000,19.460000,,,23.414000,23.611000,25.928000,24.266000,24.956000,,,,,,,,,,,,,,,,
7.4700,23.285000,23.285000,23.285000,23.285000,23.285000,,,23.285000,23.285000,23.285000,23.285000,23.285000,,,21.857000,21.857000,21.857000,21.857000,21.857000,,,19.560000,19.534000,19.509000,19.484000,19.460000,,,23.414000,23.611000,25.928000,24.266000,24.956000,,,,,,,,,,,,,,,,
7.4800,23.285000,23.285000,23.285000,23.285000,23.285000,,,23.285000,23.285000,23.285000,23.285000,23.285000,,,21.857000,21.857000,21.857000,21.857000,21.857000,,,19.560000,19.534000,19.509000,19.484000,19.460000,,,23.414000,23.611000,25.928000,24.266000,24.956000,,,,,,,,,,,,,,,,
7.4900,23.285000,23.285000,23.285000,23.285000,23.285000,,,23.285000,23.285000,23.285000,23.285000,23.285000,,,21.857000,21.857000,21.857000,21.857000,21.857000,,,19.560000,19.534000,19.509000,19.484000,19.460000,,,23.414000,23.611000,25.928000,24.266000,24.956000,,,,,,,,,,,,,,,,
7.5000,23.285000,23.285000,23.285000,23.285000,23.285000,,,23.285000,23.285000,23.285000,23.285000,23.285000,,,21.857000,21.857000,21.857000,21.857000,21.857000,,,19.560000,19.534000,19.509000,19.484000,19.460000,,,23.414000,23.611000,25.928000,24.266000,24.956000,,,,,,,,,,,,,,,,
7.5100,23.285000,23.285000,23.285000,23.285000,23.285000,,,23.285000,23.285000,23.285000,23.285000,23.285000,,,21.857000,21.857000,21.857000,21.857000,21.857000,,,19.560000,19.534000,19.509000,19.484000,19.460000,,,23.414000,23.611000,25.928000,24.266000,24.956000,,,,,,,,,,,,,,,,
7.5200,23.285000,23.285000,23.285000,23.285000,23.285000,,,23.285000,23.285000,23.285000,23.285000,23.285000,,,21.857000,21.857000,21.857000,21.857000,21.857000,,,19.560000,19.534000,19.509000,19.484000,19.460000,,,23.414000,23.611000,25.928000,24.266000,24.956000,,,,,,,,,,,,,,,,
7.5300,23.285000,23.285000,23.285000,23.285000,23.285000,,,23.285000,23.285000,23.285000,23.285000,23.285000,,,21.857000,21.857000,21.857000,21.857000,21.857000,,,19.560000,19.534000,19.509000,19.484000,19.460000,,,23.414000,23.611000,25.928000,24.266000,24.956000,,,,,,,,,,,,,,,,
7.5400,23.285000,23.285000,23.285000,23.285000,23.285000,,,23.285000,23.285000,23.285000,23.285000,23.285000,,,21.857000,21.857000,21.857000,21.857000,21.857000,,,19.560000,19.534000,19.509000,19.484000,19.460000,,,23.414000,23.611000,25.928000,24.266000,24.956000,,,,,,,,,,,,,,,,
7.5500,23.285000,23.285000,23.285000,23.285000,23.285000,,,23.285000,23.285000,23.285000,23.285000,23.285000,,,21.857000,21.857000,21.857000,21.857000,21.857000,,,19.560000,19.534000,19.509000,19.484000,19.460000,,,23.414000,23.611000,25.928000,24.266000,24.956000,,,,,,,,,,,,,,,,
7.5600,23.285000,23.285000,23.285000,23.285000,23.285000,,,23.285000,23.285000,23.285000,23.285000,23.285000,,,21.857000,21.857000,21.857000,21.857000,21.857000,,,19.560000,19.534000,19.509000,19.484000,19.460000,,,23.414000,23.611000,25.928000,24.266000,24.956000,,,,,,,,,,,,,,,,
7.5700,23.285000,23.285000,23.285000,23.285000,23.285000,,,23.285000,23.285000,23.285000,23.285000,23.285000,,,21.857000,21.857000,21.857000,21.857000,21.857000,,,19.560000,19.534000,19.509000,19.484000,19.460000,,,23.414000,23.611000,25.928000,24.266000,24.956000,,,,,,,,,,,,,,,,
7.5800,23.285000,23.285000,23.285000,23.285000,23.285000,,,23.285000,23.285000,23.285000,23.285000,23.285000,,,21.857000,21.857000,21.857000,21.857000,21.857000,,,19.560000,19.534000,19.509000,19.484000,19.460000,,,23.414000,23.611000,25.928000,24.266000,24.956000,,,,,,,,,,,,,,,,
7.5900,23.285000,23.285000,23.285000,23.285000,23.285000,,,23.285000,23.285000,23.285000,23.285000,23.285000,,,21.857000,21.857000,21.857000,21.857000,21.857000,,,19.560000,19.534000,19.509000,19.484000,19.460000,,,23.414000,23.611000,25.928000,24.266000,24.956000,,,,,,,,,,,,,,,,
7.6000,23.285000,23.285000,23.285000,23.285000,23.285000,,,23.285000,23.285000,23.285000,23.285000,23.285000,,,21.857000,21.857000,21.857000,21.857000,21.857000,,,19.560000,19.534000,19.509000,19.484000,19.460000,,,23.414000,23.611000,25.928000,24.266000,24.956000,,,,,,,,,,,,,,,,
7.6100,23.285000,23.285000,23.285000,23.285000,23.285000,,,23.285000,23.285000,23.285000,23.285000,23.285000,,,21.857000,21.857000,21.857000,21.857000,21.857000,,,19.560000,19.534000,19.509000,19.484000,19.460000,,,23.414000,23.611000,25.928000,24.266000,24.956000,,,,,,,,,,,,,,,,
7.6200,23.285000,23.285000,23.285000,23.285000,23.285000,,,23.285000,23.285000,23.285000,23.285000,23.285000,,,21.857000,21.857000,21.857000,21.857000,21.857000,,,19.560000,19.534000,19.509000,19.484000,19.460000,,,23.414000,23.611000,25.928000,24.266000,24.956000,,,,,,,,,,,,,,,,
7.6300,23.285000,23.285000,23.285000,23.285000,23.285000,,,23.285000,23.285000,23.285000,23.285000,23.285000,,,21.857000,21.857000,21.857000,21.857000,21.857000,,,19.560000,19.534000,19.509000,19.484000,19.460000,,,23.414000,23.611000,25.928000,24.266000,24.956000,,,,,,,,,,,,,,,,
7.6400,23.285000,23.285000,23.285000,23.285000,23.285000,,,23.285000,23.285000,23.285000,23.285000,23.285000,,,21.857000,21.857000,21.857000,21.857000,21.857000,,,19.560000,19.534000,19.509000,19.484000,19.460000,,,23.414000,23.611000,25.928000,24.266000,24.956000,,,,,,,,,,,,,,,,
7.6500,23.285000,23.285000,23.285000,23.285000,23.285000,,,23.285000,23.285000,23.285000,23.285000,23.285000,,,21.857000,21.857000,21.857000,21.857000,21.857000,,,19.560000,19.534000,19.509000,19.484000,19.460000,,,23.414000,23.611000,25.928000,24.266000,24.956000,,,,,,,,,,,,,,,,
7.6600,23.285000,23.285000,23.285000,23.285000,23.285000,,,23.285000,23.285000,23.285000,23.285000,23.285000,,,21.857000,21.857000,21.857000,21.857000,21.857000,,,19.560000,19.534000,19.509000,19.484000,19.460000,,,23.414000,23.611000,25.928000,24.266000,24.956000,,,,,,,,,,,,,,,,
7.6700,23.285000,23.285000,23.285000,23.285000,23.285000,,,23.285000,23.285000,23.285000,23.285000,23.285000,,,21.857000,21.857000,21.857000,21.857000,21.857000,,,19.560000,19.534000,19.509000,19.484000,19.460000,,,23.414000,23.611000,25.928000,24.266000,24.956000,,,,,,,,,,,,,,,,
7.6800,23.285000,23.285000,23.285000,23.285000,23.285000,,,23.285000,23.285000,23.285000,23.285000,23.285000,,,21.857000,21.857000,21.857000,21.857000,21.857000,,,19.560000,19.534000,19.509000,19.484000,19.460000,,,23.414000,23.611000,25.928000,24.266000,24.956000,,,,,,,,,,,,,,,,
7.6900,23.285000,23.285000,23.285000,23.285000,23.285000,,,23.285000,23.285000,23.285000,23.285000,23.285000,,,21.857000,21.857000,21.857000,21.857000,21.857000,,,19.560000,19.534000,19.509000,19.484000,19.460000,,,23.414000,23.611000,25.928000,24.266000,24.956000,,,,,,,,,,,,,,,,
7.7000,23.285000,23.285000,23.285000,23.285000,23.285000,,,23.285000,23.285000,23.285000,23.285000,23.285000,,,21.857000,21.857000,21.857000,21.857000,21.857000,,,19.560000,19.534000,19.509000,19.484000,19.460000,,,23.414000,23.611000,25.928000,24.266000,24.956000,,,,,,,,,,,,,,,,
7.7100,23.285000,23.285000,23.285000,23.285000,23.285000,,,23.285000,23.285000,23.285000,23.285000,23.285000,,,21.857000,21.857000,21.857000,21.857000,21.857000,,,19.560000,19.534000,19.509000,19.484000,19.460000,,,23.414000,23.611000,25.928000,24.266000,24.956000,,,,,,,,,,,,,,,,
7.7200,23.285000,23.285000,23.285000,23.285000,23.285000,,,23.285000,23.285000,23.285000,23.285000,23.285000,,,21.857000,21.857000,21.857000,21.857000,21.857000,,,19.560000,19.534000,19.509000,19.484000,19.460000,,,23.414000,23.611000,25.928000,24.266000,24.956000,,,,,,,,,,,,,,,,
7.7300,23.285000,23.285000,23.285000,23.285000,23.285000,,,23.285000,23.285000,23.285000,23.285000,23.285000,,,21.857000,21.857000,21.857000,21.857000,21.857000,,,19.560000,19.534000,19.509000,19.484000,19.460000,,,23.414000,23.611000,25.928000,24.266000,24.956000,,,,,,,,,,,,,,,,
7.7400,23.285000,23.285000,23.285000,23.285000,23.285000,,,23.285000,23.285000,23.285000,23.285000,23.285000,,,21.857000,21.857000,21.857000,21.857000,21.857000,,,19.560000,19.534000,19.509000,19.484000,19.460000,,,23.414000,23.611000,25.928000,24.266000,24.956000,,,,,,,,,,,,,,,,
7.7500,23.285000,23.285000,23.285000,23.285000,23.285000,,,23.285000,23.285000,23.285000,23.285000,23.285000,,,21.857000,21.857000,21.857000,21.857000,21.857000,,,19.560000,19.534000,19.509000,19.484000,19.460000,,,23.414000,23.611000,25.928000,24.266000,24.956000,,,,,,,,,,,,,,,,
7.7600,23.285000,23.285000,23.285000,23.285000,23.285000,,,23.285000,23.285000,23.285000,23.285000,23.285000,,,21.857000,21.857000,21.857000,21.857000,21.857000,,,19.560000,19.534000,19.509000,19.484000,19.460000,,,23.414000,23.611000,25.928000,24.266000,24.956000,,,,,,,,,,,,,,,,
7.7700,23.285000,23.285000,23.285000,23.285000,23.285000,,,23.285000,23.285000,23.285000,23.285000,23.285000,,,21.857000,21.857000,21.857000,21.857000,21.857000,,,19.560000,19.534000,19.509000,19.484000,19.460000,,,23.414000,23.611000,25.928000,24.266000,24.956000,,,,,,,,,,,,,,,,
7.7800,23.285000,23.285000,23.285000,23.285000,23.285000,,,23.285000,23.285000,23.285000,23.285000,23.285000,,,21.857000,21.857000,21.857000,21.857000,21.857000,,,19.560000,19.534000,19.509000,19.484000,19.460000,,,23.414000,23.611000,25.928000,24.266000,24.956000,,,,,,,,,,,,,,,,
7.7900,23.285000,23.285000,23.285000,23.285000,23.285000,,,23.285000,23.285000,23.285000,23.285000,23.285000,,,21.857000,21.857000,21.857000,21.857000,21.857000,,,19.560000,19.534000,19.509000,19.484000,19.460000,,,23.414000,23.611000,25.928000,24.266000,24.956000,,,,,,,,,,,,,,,,
7.8000,23.285000,23.285000,23.285000,23.285000,23.285000,,,23.285000,23.285000,23.285000,23.285000,23.285000,,,21.857000,21.857000,21.857000,21.857000,21.857000,,,19.560000,19.534000,19.509000,19.484000,19.460000,,,23.414000,23.611000,25.928000,24.266000,24.956000,,,,,,,,,,,,,,,,
7.8100,23.285000,23.285000,23.285000,23.285000,23.285000,,,23.285000,23.285000,23.285000,23.285000,23.285000,,,21.857000,21.857000,21.857000,21.857000,21.857000,,,19.560000,19.534000,19.509000,19.484000,19.460000,,,23.414000,23.611000,25.928000,24.266000,24.956000,,,,,,,,,,,,,,,,
7.8200,23.285000,23.285000,23.285000,23.285000,23.285000,,,23.285000,23.285000,23.285000,23.285000,23.285000,,,21.857000,21.857000,21.857000,21.857000,21.857000,,,19.560000,19.534000,19.509000,19.484000,19.460000,,,23.414000,23.611000,25.928000,24.266000,24.956000,,,,,,,,,,,,,,,,
7.8300,23.285000,23.285000,23.285000,23.285000,23.285000,,,23.285000,23.285000,23.285000,23.285000,23.285000,,,21.857000,21.857000,21.857000,21.857000,21.857000,,,19.560000,19.534000,19.509000,19.484000,19.460000,,,23.414000,23.611000,25.928000,24.266000,24.956000,,,,,,,,,,,,,,,,
7.8400,23.285000,23.285000,23.285000,23.285000,23.285000,,,23.285000,23.285000,23.285000,23.285000,23.285000,,,21.857000,21.857000,21.857000,21.857000,21.857000,,,19.560000,19.534000,19.509000,19.484000,19.460000,,,23.414000,23.611000,25.928000,24.266000,24.956000,,,,,,,,,,,,,,,,
7.8500,23.285000,23.285000,23.285000,23.285000,23.285000,,,23.285000,23.285000,23.285000,23.285000,23.285000,,,21.857000,21.857000,21.857000,21.857000,21.857000,,,19.560000,19.534000,19.509000,19.484000,19.460000,,,23.414000,23.611000,25.928000,24.266000,24.956000,,,,,,,,,,,,,,,,
7.8600,23.285000,23.285000,23.285000,23.285000,23.285000,,,23.285000,23.285000,23.285000,23.285000,23.285000,,,21.857000,21.857000,21.857000,21.857000,21.857000,,,19.560000,19.534000,19.509000,19.484000,19.460000,,,23.414000,23.611000,25.928000,24.266000,24.956000,,,,,,,,,,,,,,,,
7.8700,23.285000,23.285000,23.285000,23.285000,23.285000,,,23.285000,23.285000,23.285000,23.285000,23.285000,,,21.857000,21.857000,21.857000,21.857000,21.857000,,,19.560000,19.534000,19.509000,19.484000,19.460000,,,23.414000,23.611000,25.928000,24.266000,24.956000,,,,,,,,,,,,,,,,
7.8800,23.285000,23.285000,23.285000,23.285000,23.285000,,,23.285000,23.285000,23.285000,23.285000,23.285000,,,21.857000,21.857000,21.857000,21.857000,21.857000,,,19.560000,19.534000,19.509000,19.484000,19.460000,,,23.414000,23.611000,25.928000,24.266000,24.956000,,,,,,,,,,,,,,,,
7.8900,23.285000,23.285000,23.285000,23.285000,23.285000,,,23.285000,23.285000,23.285000,23.285000,23.285000,,,21.857000,21.857000,21.857000,21.857000,21.857000,,,19.560000,19.534000,19.509000,19.484000,19.460000,,,23.414000,23.611000,25.928000,24.266000,24.956000,,,,,,,,,,,,,,,,
7.9000,23.285000,23.285000,23.285000,23.285000,23.285000,,,23.285000,23.285000,23.285000,23.285000,23.285000,,,21.857000,21.857000,21.857000,21.857000,21.857000,,,19.560000,19.534000,19.509000,19.484000,19.460000,,,23.414000,23.611000,25.928000,24.266000,24.956000,,,,,,,,,,,,,,,,
7.9100,23.285000,23.285000,23.285000,23.285000,23.285000,,,23.285000,23.285000,23.285000,23.285000,23.285000,,,21.857000,21.857000,21.857000,21.857000,21.857000,,,19.560000,19.534000,19.509000,19.484000,19.460000,,,23.414000,23.611000,25.928000,24.266000,24.956000,,,,,,,,,,,,,,,,
7.9200,23.285000,23.285000,23.285000,23.285000,23.285000,,,23.285000,23.285000,23.285000,23.285000,23.285000,,,21.857000,21.857000,21.857000,21.857000,21.857000,,,19.560000,19.534000,19.509000,19.484000,19.460000,,,23.414000,23.611000,25.928000,24.266000,24.956000,,,,,,,,,,,,,,,,
7.9300,23.285000,23.285000,23.285000,23.285000,23.285000,,,23.285000,23.285000,23.285000,23.285000,23.285000,,,21.857000,21.857000,21.857000,21.857000,21.857000,,,19.560000,19.534000,19.509000,19.484000,19.460000,,,23.414000,23.611000,25.928000,24.266000,24.956000,,,,,,,,,,,,,,,,
7.9400,23.285000,23.285000,23.285000,23.285000,23.285000,,,23.285000,23.285000,23.285000,23.285000,23.285000,,,21.857000,21.857000,21.857000,21.857000,21.857000,,,19.560000,19.534000,19.509000,19.484000,19.460000,,,23.414000,23.611000,25.928000,24.266000,24.956000,,,,,,,,,,,,,,,,
7.9500,23.285000,23.285000,23.285000,23.285000,23.285000,,,23.285000,23.285000,23.285000,23.285000,23.285000,,,21.857000,21.857000,21.857000,21.857000,21.857000,,,19.560000,19.534000,19.509000,19.484000,19.460000,,,23.414000,23.611000,25.928000,24.266000,24.956000,,,,,,,,,,,,,,,,
7.9600,23.285000,23.285000,23.285000,23.285000,23.285000,,,23.285000,23.285000,23.285000,23.285000,23.285000,,,21.857000,21.857000,21.857000,21.857000,21.857000,,,19.560000,19.534000,19.509000,19.484000,19.460000,,,23.414000,23.611000,25.928000,24.266000,24.956000,,,,,,,,,,,,,,,,
7.9700,23.285000,23.285000,23.285000,23.285000,23.285000,,,23.285000,23.285000,23.285000,23.285000,23.285000,,,21.857000,21.857000,21.857000,21.857000,21.857000,,,19.560000,19.534000,19.509000,19.484000,19.460000,,,23.414000,23.611000,25.928000,24.266000,24.956000,,,,,,,,,,,,,,,,
7.9800,23.285000,23.285000,23.285000,23.285000,23.285000,,,23.285000,23.285000,23.285000,23.285000,23.285000,,,21.857000,21.857000,21.857000,21.857000,21.857000,,,19.560000,19.534000,19.509000,19.484000,19.460000,,,23.414000,23.611000,25.928000,24.266000,24.956000,,,,,,,,,,,,,,,,
7.9900,23.285000,23.285000,23.285000,23.285000,23.285000,,,23.285000,23.285000,23.285000,23.285000,23.285000,,,21.857000,21.857000,21.857000,21.857000,21.857000,,,19.560000,19.534000,19.509000,19.484000,19.460000,,,23.414000,23.611000,25.928000,24.266000,24.956000,,,,,,,,,,,,,,,,
8.0000,23.285000,23.285000,23.285000,23.285000,23.285000,,,23.285000,23.285000,23.285000,23.285000,23.285000,,,21.857000,21.857000,21.857000,21.857000,21.857000,,,19.560000,19.534000,19.509000,19.484000,19.460000,,,23.414000,23.611000,25.928000,24.266000,24.956000,,,,,,,,,,,,,,,,
8.0100,23.285000,23.285000,23.285000,23.285000,23.285000,,,23.285000,23.285000,23.285000,23.285000,23.285000,,,21.857000,21.857000,21.857000,21.857000,21.857000,,,19.560000,19.534000,19.509000,19.484000,19.460000,,,23.414000,23.611000,25.928000,24.266000,24.956000,,,,,,,,,,,,,,,,
8.0200,23.285000,23.285000,23.285000,23.285000,23.285000,,,23.285000,23.285000,23.285000,23.285000,23.285000,,,21.857000,21.857000,21.857000,21.857000,21.857000,,,19.560000,19.534000,19.509000,19.484000,19.460000,,,23.414000,23.611000,25.928000,24.266000,24.956000,,,,,,,,,,,,,,,,
8.0300,23.285000,23.285000,23.285000,23.285000,23.285000,,,23.285000,23.285000,23.285000,23.285000,23.285000,,,21.857000,21.857000,21.857000,21.857000,21.857000,,,19.560000,19.534000,19.509000,19.484000,19.460000,,,23.414000,23.611000,25.928000,24.266000,24.956000,,,,,,,,,,,,,,,,
8.0400,23.285000,23.285000,23.285000,23.285000,23.285000,,,23.285000,23.285000,23.285000,23.285000,23.285000,,,21.857000,21.857000,21.857000,21.857000,21.857000,,,19.560000,19.534000,19.509000,19.484000,19.460000,,,23.414000,23.611000,25.928000,24.266000,24.956000,,,,,,,,,,,,,,,,
8.0500,23.285000,23.285000,23.285000,23.285000,23.285000,,,23.285000,23.285000,23.285000,23.285000,23.285000,,,21.857000,21.857000,21.857000,21.857000,21.857000,,,19.560000,19.534000,19.509000,19.484000,19.460000,,,23.414000,23.611000,25.928000,24.266000,24.956000,,,,,,,,,,,,,,,,
8.0600,23.285000,23.285000,23.285000,23.285000,23.285000,,,23.285000,23.285000,23.285000,23.285000,23.285000,,,21.857000,21.857000,21.857000,21.857000,21.857000,,,19.560000,19.534000,19.509000,19.484000,19.460000,,,23.414000,23.611000,25.928000,24.266000,24.956000,,,,,,,,,,,,,,,,
8.0700,23.285000,23.285000,23.285000,23.285000,23.285000,,,23.285000,23.285000,23.285000,23.285000,23.285000,,,21.857000,21.857000,21.857000,21.857000,21.857000,,,19.560000,19.534000,19.509000,19.484000,19.460000,,,23.414000,23.611000,25.928000,24.266000,24.956000,,,,,,,,,,,,,,,,
8.0800,23.285000,23.285000,23.285000,23.285000,23.285000,,,23.285000,23.285000,23.285000,23.285000,23.285000,,,21.857000,21.857000,21.857000,21.857000,21.857000,,,19.560000,19.534000,19.509000,19.484000,19.460000,,,23.414000,23.611000,25.928000,24.266000,24.956000,,,,,,,,,,,,,,,,
8.0900,23.285000,23.285000,23.285000,23.285000,23.285000,,,23.285000,23.285000,23.285000,23.285000,23.285000,,,21.857000,21.857000,21.857000,21.857000,21.857000,,,19.560000,19.534000,19.509000,19.484000,19.460000,,,23.414000,23.611000,25.928000,24.266000,24.956000,,,,,,,,,,,,,,,,
8.1000,23.285000,23.285000,23.285000,23.285000,23.285000,,,23.285000,23.285000,23.285000,23.285000,23.285000,,,21.857000,21.857000,21.857000,21.857000,21.857000,,,19.560000,19.534000,19.509000,19.484000,19.460000,,,23.414000,23.611000,25.928000,24.266000,24.956000,,,,,,,,,,,,,,,,
8.1100,23.285000,23.285000,23.285000,23.285000,23.285000,,,23.285000,23.285000,23.285000,23.285000,23.285000,,,21.857000,21.857000,21.857000,21.857000,21.857000,,,19.560000,19.534000,19.509000,19.484000,19.460000,,,23.414000,23.611000,25.928000,24.266000,24.956000,,,,,,,,,,,,,,,,
8.1200,23.285000,23.285000,23.285000,23.285000,23.285000,,,23.285000,23.285000,23.285000,23.285000,23.285000,,,21.857000,21.857000,21.857000,21.857000,21.857000,,,19.560000,19.534000,19.509000,19.484000,19.460000,,,23.414000,23.611000,25.928000,24.266000,24.956000,,,,,,,,,,,,,,,,
8.1300,23.285000,23.285000,23.285000,23.285000,23.285000,,,23.285000,23.285000,23.285000,23.285000,23.285000,,,21.857000,21.857000,21.857000,21.857000,21.857000,,,19.560000,19.534000,19.509000,19.484000,19.460000,,,23.414000,23.611000,25.928000,24.266000,24.956000,,,,,,,,,,,,,,,,
8.1400,23.285000,23.285000,23.285000,23.285000,23.285000,,,23.285000,23.285000,23.285000,23.285000,23.285000,,,21.857000,21.857000,21.857000,21.857000,21.857000,,,19.560000,19.534000,19.509000,19.484000,19.460000,,,23.414000,23.611000,25.928000,24.266000,24.956000,,,,,,,,,,,,,,,,
8.1500,23.285000,23.285000,23.285000,23.285000,23.285000,,,23.285000,23.285000,23.285000,23.285000,23.285000,,,21.857000,21.857000,21.857000,21.857000,21.857000,,,19.560000,19.534000,19.509000,19.484000,19.460000,,,23.414000,23.611000,25.928000,24.266000,24.956000,,,,,,,,,,,,,,,,
8.1600,23.285000,23.285000,23.285000,23.285000,23.285000,,,23.285000,23.285000,23.285000,23.285000,23.285000,,,21.857000,21.857000,21.857000,21.857000,21.857000,,,19.560000,19.534000,19.509000,19.484000,19.460000,,,23.414000,23.611000,25.928000,24.266000,24.956000,,,,,,,,,,,,,,,,
8.1700,23.285000,23.285000,23.285000,23.285000,23.285000,,,23.285000,23.285000,23.285000,23.285000,23.285000,,,21.857000,21.857000,21.857000,21.857000,21.857000,,,19.560000,19.534000,19.509000,19.484000,19.460000,,,23.414000,23.611000,25.928000,24.266000,24.956000,,,,,,,,,,,,,,,,
8.1800,23.285000,23.285000,23.285000,23.285000,23.285000,,,23.285000,23.285000,23.285000,23.285000,23.285000,,,21.857000,21.857000,21.857000,21.857000,21.857000,,,19.560000,19.534000,19.509000,19.484000,19.460000,,,23.414000,23.611000,25.928000,24.266000,24.956000,,,,,,,,,,,,,,,,
8.1900,23.285000,23.285000,23.285000,23.285000,23.285000,,,23.285000,23.285000,23.285000,23.285000,23.285000,,,21.857000,21.857000,21.857000,21.857000,21.857000,,,19.560000,19.534000,19.509000,19.484000,19.460000,,,23.414000,23.611000,25.928000,24.266000,24.956000,,,,,,,,,,,,,,,,
8.2000,23.285000,23.285000,23.285000,23.285000,23.285000,,,23.285000,23.285000,23.285000,23.285000,23.285000,,,21.857000,21.857000,21.857000,21.857000,21.857000,,,19.560000,19.534000,19.509000,19.484000,19.460000,,,23.414000,23.611000,25.928000,24.266000,24.956000,,,,,,,,,,,,,,,,
8.2100,23.285000,23.285000,23.285000,23.285000,23.285000,,,23.285000,23.285000,23.285000,23.285000,23.285000,,,21.857000,21.857000,21.857000,21.857000,21.857000,,,19.560000,19.534000,19.509000,19.484000,19.460000,,,23.414000,23.611000,25.928000,24.266000,24.956000,,,,,,,,,,,,,,,,
8.2200,23.285000,23.285000,23.285000,23.285000,23.285000,,,23.285000,23.285000,23.285000,23.285000,23.285000,,,21.857000,21.857000,21.857000,21.857000,21.857000,,,19.560000,19.534000,19.509000,19.484000,19.460000,,,23.414000,23.611000,25.928000,24.266000,24.956000,,,,,,,,,,,,,,,,
8.2300,23.285000,23.285000,23.285000,23.285000,23.285000,,,23.285000,23.285000,23.285000,23.285000,23.285000,,,21.857000,21.857000,21.857000,21.857000,21.857000,,,19.560000,19.534000,19.509000,19.484000,19.460000,,,23.414000,23.611000,25.928000,24.266000,24.956000,,,,,,,,,,,,,,,,
8.2400,23.285000,23.285000,23.285000,23.285000,23.285000,,,23.285000,23.285000,23.285000,23.285000,23.285000,,,21.857000,21.857000,21.857000,21.857000,21.857000,,,19.560000,19.534000,19.509000,19.484000,19.460000,,,23.414000,23.611000,25.928000,24.266000,24.956000,,,,,,,,,,,,,,,,
8.2500,23.285000,23.285000,23.285000,23.285000,23.285000,,,23.285000,23.285000,23.285000,23.285000,23.285000,,,21.857000,21.857000,21.857000,21.857000,21.857000,,,19.560000,19.534000,19.509000,19.484000,19.460000,,,23.414000,23.611000,25.928000,24.266000,24.956000,,,,,,,,,,,,,,,,
8.2600,23.285000,23.285000,23.285000,23.285000,23.285000,,,23.285000,23.285000,23.285000,23.285000,23.285000,,,21.857000,21.857000,21.857000,21.857000,21.857000,,,19.560000,19.534000,19.509000,19.484000,19.460000,,,23.414000,23.611000,25.928000,24.266000,24.956000,,,,,,,,,,,,,,,,
8.2700,23.285000,23.285000,23.285000,23.285000,23.285000,,,23.285000,23.285000,23.285000,23.285000,23.285000,,,21.857000,21.857000,21.857000,21.857000,21.857000,,,19.560000,19.534000,19.509000,19.484000,19.460000,,,23.414000,23.611000,25.928000,24.266000,24.956000,,,,,,,,,,,,,,,,
8.2800,23.285000,23.285000,23.285000,23.285000,23.285000,,,23.285000,23.285000,23.285000,23.285000,23.285000,,,21.857000,21.857000,21.857000,21.857000,21.857000,,,19.560000,19.534000,19.509000,19.484000,19.460000,,,23.414000,23.611000,25.928000,24.266000,24.956000,,,,,,,,,,,,,,,,
8.2900,23.285000,23.285000,23.285000,23.285000,23.285000,,,23.285000,23.285000,23.285000,23.285000,23.285000,,,21.857000,21.857000,21.857000,21.857000,21.857000,,,19.560000,19.534000,19.509000,19.484000,19.460000,,,23.414000,23.611000,25.928000,24.266000,24.956000,,,,,,,,,,,,,,,,
8.3000,23.285000,23.285000,23.285000,23.285000,23.285000,,,23.285000,23.285000,23.285000,23.285000,23.285000,,,21.857000,21.857000,21.857000,21.857000,21.857000,,,19.560000,19.534000,19.509000,19.484000,19.460000,,,23.414000,23.611000,25.928000,24.266000,24.956000,,,,,,,,,,,,,,,,
8.3100,23.285000,23.285000,23.285000,23.285000,23.285000,,,23.285000,23.285000,23.285000,23.285000,23.285000,,,21.857000,21.857000,21.857000,21.857000,21.857000,,,19.560000,19.534000,19.509000,19.484000,19.460000,,,23.414000,23.611000,25.928000,24.266000,24.956000,,,,,,,,,,,,,,,,
8.3200,23.285000,23.285000,23.285000,23.285000,23.285000,,,23.285000,23.285000,23.285000,23.285000,23.285000,,,21.857000,21.857000,21.857000,21.857000,21.857000,,,19.560000,19.534000,19.509000,19.484000,19.460000,,,23.414000,23.611000,25.928000,24.266000,24.956000,,,,,,,,,,,,,,,,
8.3300,23.285000,23.285000,23.285000,23.285000,23.285000,,,23.285000,23.285000,23.285000,23.285000,23.285000,,,21.857000,21.857000,21.857000,21.857000,21.857000,,,19.560000,19.534000,19.509000,19.484000,19.460000,,,23.414000,23.611000,25.928000,24.266000,24.956000,,,,,,,,,,,,,,,,
8.3400,23.285000,23.285000,23.285000,23.285000,23.285000,,,23.285000,23.285000,23.285000,23.285000,23.285000,,,21.857000,21.857000,21.857000,21.857000,21.857000,,,19.560000,19.534000,19.509000,19.484000,19.460000,,,23.414000,23.611000,25.928000,24.266000,24.956000,,,,,,,,,,,,,,,,
8.3500,23.285000,23.285000,23.285000,23.285000,23.285000,,,23.285000,23.285000,23.285000,23.285000,23.285000,,,21.857000,21.857000,21.857000,21.857000,21.857000,,,19.560000,19.534000,19.509000,19.484000,19.460000,,,23.414000,23.611000,25.928000,24.266000,24.956000,,,,,,,,,,,,,,,,
8.3600,23.285000,23.285000,23.285000,23.285000,23.285000,,,23.285000,23.285000,23.285000,23.285000,23.285000,,,21.857000,21.857000,21.857000,21.857000,21.857000,,,19.560000,19.534000,19.509000,19.484000,19.460000,,,23.414000,23.611000,25.928000,24.266000,24.956000,,,,,,,,,,,,,,,,
8.3700,23.285000,23.285000,23.285000,23.285000,23.285000,,,23.285000,23.285000,23.285000,23.285000,23.285000,,,21.857000,21.857000,21.857000,21.857000,21.857000,,,19.560000,19.534000,19.509000,19.484000,19.460000,,,23.414000,23.611000,25.928000,24.266000,24.956000,,,,,,,,,,,,,,,,
8.3800,23.285000,23.285000,23.285000,23.285000,23.285000,,,23.285000,23.285000,23.285000,23.285000,23.285000,,,21.857000,21.857000,21.857000,21.857000,21.857000,,,19.560000,19.534000,19.509000,19.484000,19.460000,,,23.414000,23.611000,25.928000,24.266000,24.956000,,,,,,,,,,,,,,,,
8.3900,23.285000,23.285000,23.285000,23.285000,23.285000,,,23.285000,23.285000,23.285000,23.285000,23.285000,,,21.857000,21.857000,21.857000,21.857000,21.857000,,,19.560000,19.534000,19.509000,19.484000,19.460000,,,23.414000,23.611000,25.928000,24.266000,24.956000,,,,,,,,,,,,,,,,
8.4000,23.285000,23.285000,23.285000,23.285000,23.285000,,,23.285000,23.285000,23.285000,23.285000,23.285000,,,21.857000,21.857000,21.857000,21.857000,21.857000,,,19.560000,19.534000,19.509000,19.484000,19.460000,,,23.414000,23.611000,25.928000,24.266000,24.956000,,,,,,,,,,,,,,,,
8.4100,23.285000,23.285000,23.285000,23.285000,23.285000,,,23.285000,23.285000,23.285000,23.285000,23.285000,,,21.857000,21.857000,21.857000,21.857000,21.857000,,,19.560000,19.534000,19.509000,19.484000,19.460000,,,23.414000,23.611000,25.928000,24.266000,24.956000,,,,,,,,,,,,,,,,
8.4200,23.285000,23.285000,23.285000,23.285000,23.285000,,,23.285000,23.285000,23.285000,23.285000,23.285000,,,21.857000,21.857000,21.857000,21.857000,21.857000,,,19.560000,19.534000,19.509000,19.484000,19.460000,,,23.414000,23.611000,25.928000,24.266000,24.956000,,,,,,,,,,,,,,,,
8.4300,23.285000,23.285000,23.285000,23.285000,23.285000,,,23.285000,23.285000,23.285000,23.285000,23.285000,,,21.857000,21.857000,21.857000,21.857000,21.857000,,,19.560000,19.534000,19.509000,19.484000,19.460000,,,23.414000,23.611000,25.928000,24.266000,24.956000,,,,,,,,,,,,,,,,
8.4400,23.285000,23.285000,23.285000,23.285000,23.285000,,,23.285000,23.285000,23.285000,23.285000,23.285000,,,21.857000,21.857000,21.857000,21.857000,21.857000,,,19.560000,19.534000,19.509000,19.484000,19.460000,,,23.414000,23.611000,25.928000,24.266000,24.956000,,,,,,,,,,,,,,,,
8.4500,23.285000,23.285000,23.285000,23.285000,23.285000,,,23.285000,23.285000,23.285000,23.285000,23.285000,,,21.857000,21.857000,21.857000,21.857000,21.857000,,,19.560000,19.534000,19.509000,19.484000,19.460000,,,23.414000,23.611000,25.928000,24.266000,24.956000,,,,,,,,,,,,,,,,
8.4600,23.285000,23.285000,23.285000,23.285000,23.285000,,,23.285000,23.285000,23.285000,23.285000,23.285000,,,21.857000,21.857000,21.857000,21.857000,21.857000,,,19.560000,19.534000,19.509000,19.484000,19.460000,,,23.414000,23.611000,25.928000,24.266000,24.956000,,,,,,,,,,,,,,,,
8.4700,23.285000,23.285000,23.285000,23.285000,23.285000,,,23.285000,23.285000,23.285000,23.285000,23.285000,,,21.857000,21.857000,21.857000,21.857000,21.857000,,,19.560000,19.534000,19.509000,19.484000,19.460000,,,23.414000,23.611000,25.928000,24.266000,24.956000,,,,,,,,,,,,,,,,
8.4800,23.285000,23.285000,23.285000,23.285000,23.285000,,,23.285000,23.285000,23.285000,23.285000,23.285000,,,21.857000,21.857000,21.857000,21.857000,21.857000,,,19.560000,19.534000,19.509000,19.484000,19.460000,,,23.414000,23.611000,25.928000,24.266000,24.956000,,,,,,,,,,,,,,,,
8.4900,23.285000,23.285000,23.285000,23.285000,23.285000,,,23.285000,23.285000,23.285000,23.285000,23.285000,,,21.857000,21.857000,21.857000,21.857000,21.857000,,,19.560000,19.534000,19.509000,19.484000,19.460000,,,23.414000,23.611000,25.928000,24.266000,24.956000,,,,,,,,,,,,,,,,
8.5000,23.285000,23.285000,23.285000,23.285000,23.285000,,,23.285000,23.285000,23.285000,23.285000,23.285000,,,21.857000,21.857000,21.857000,21.857000,21.857000,,,19.560000,19.534000,19.509000,19.484000,19.460000,,,23.414000,23.611000,25.928000,24.266000,24.956000,,,,,,,,,,,,,,,,
8.5100,23.285000,23.285000,23.285000,23.285000,23.285000,,,23.285000,23.285000,23.285000,23.285000,23.285000,,,21.857000,21.857000,21.857000,21.857000,21.857000,,,19.560000,19.534000,19.509000,19.484000,19.460000,,,23.414000,23.611000,25.928000,24.266000,24.956000,,,,,,,,,,,,,,,,
8.5200,23.285000,23.285000,23.285000,23.285000,23.285000,,,23.285000,23.285000,23.285000,23.285000,23.285000,,,21.857000,21.857000,21.857000,21.857000,21.857000,,,19.560000,19.534000,19.509000,19.484000,19.460000,,,23.414000,23.611000,25.928000,24.266000,24.956000,,,,,,,,,,,,,,,,
8.5300,23.285000,23.285000,23.285000,23.285000,23.285000,,,23.285000,23.285000,23.285000,23.285000,23.285000,,,21.857000,21.857000,21.857000,21.857000,21.857000,,,19.560000,19.534000,19.509000,19.484000,19.460000,,,23.414000,23.611000,25.928000,24.266000,24.956000,,,,,,,,,,,,,,,,
8.5400,23.285000,23.285000,23.285000,23.285000,23.285000,,,23.285000,23.285000,23.285000,23.285000,23.285000,,,21.857000,21.857000,21.857000,21.857000,21.857000,,,19.560000,19.534000,19.509000,19.484000,19.460000,,,23.414000,23.611000,25.928000,24.266000,24.956000,,,,,,,,,,,,,,,,
8.5500,23.285000,23.285000,23.285000,23.285000,23.285000,,,23.285000,23.285000,23.285000,23.285000,23.285000,,,21.857000,21.857000,21.857000,21.857000,21.857000,,,19.560000,19.534000,19.509000,19.484000,19.460000,,,23.414000,23.611000,25.928000,24.266000,24.956000,,,,,,,,,,,,,,,,
8.5600,23.285000,23.285000,23.285000,23.285000,23.285000,,,23.285000,23.285000,23.285000,23.285000,23.285000,,,21.857000,21.857000,21.857000,21.857000,21.857000,,,19.560000,19.534000,19.509000,19.484000,19.460000,,,23.414000,23.611000,25.928000,24.266000,24.956000,,,,,,,,,,,,,,,,
8.5700,23.285000,23.285000,23.285000,23.285000,23.285000,,,23.285000,23.285000,23.285000,23.285000,23.285000,,,21.857000,21.857000,21.857000,21.857000,21.857000,,,19.560000,19.534000,19.509000,19.484000,19.460000,,,23.414000,23.611000,25.928000,24.266000,24.956000,,,,,,,,,,,,,,,,
8.5800,23.285000,23.285000,23.285000,23.285000,23.285000,,,23.285000,23.285000,23.285000,23.285000,23.285000,,,21.857000,21.857000,21.857000,21.857000,21.857000,,,19.560000,19.534000,19.509000,19.484000,19.460000,,,23.414000,23.611000,25.928000,24.266000,24.956000,,,,,,,,,,,,,,,,
8.5900,23.285000,23.285000,23.285000,23.285000,23.285000,,,23.285000,23.285000,23.285000,23.285000,23.285000,,,21.857000,21.857000,21.857000,21.857000,21.857000,,,19.560000,19.534000,19.509000,19.484000,19.460000,,,23.414000,23.611000,25.928000,24.266000,24.956000,,,,,,,,,,,,,,,,
8.6000,23.285000,23.285000,23.285000,23.285000,23.285000,,,23.285000,23.285000,23.285000,23.285000,23.285000,,,21.857000,21.857000,21.857000,21.857000,21.857000,,,19.560000,19.534000,19.509000,19.484000,19.460000,,,23.414000,23.611000,25.928000,24.266000,24.956000,,,,,,,,,,,,,,,,
8.6100,23.285000,23.285000,23.285000,23.285000,23.285000,,,23.285000,23.285000,23.285000,23.285000,23.285000,,,21.857000,21.857000,21.857000,21.857000,21.857000,,,19.560000,19.534000,19.509000,19.484000,19.460000,,,23.414000,23.611000,25.928000,24.266000,24.956000,,,,,,,,,,,,,,,,
8.6200,23.285000,23.285000,23.285000,23.285000,23.285000,,,23.285000,23.285000,23.285000,23.285000,23.285000,,,21.857000,21.857000,21.857000,21.857000,21.857000,,,19.560000,19.534000,19.509000,19.484000,19.460000,,,23.414000,23.611000,25.928000,24.266000,24.956000,,,,,,,,,,,,,,,,
8.6300,23.285000,23.285000,23.285000,23.285000,23.285000,,,23.285000,23.285000,23.285000,23.285000,23.285000,,,21.857000,21.857000,21.857000,21.857000,21.857000,,,19.560000,19.534000,19.509000,19.484000,19.460000,,,23.414000,23.611000,25.928000,24.266000,24.956000,,,,,,,,,,,,,,,,
8.6400,23.285000,23.285000,23.285000,23.285000,23.285000,,,23.285000,23.285000,23.285000,23.285000,23.285000,,,21.857000,21.857000,21.857000,21.857000,21.857000,,,19.560000,19.534000,19.509000,19.484000,19.460000,,,23.414000,23.611000,25.928000,24.266000,24.956000,,,,,,,,,,,,,,,,
8.6500,23.285000,23.285000,23.285000,23.285000,23.285000,,,23.285000,23.285000,23.285000,23.285000,23.285000,,,21.857000,21.857000,21.857000,21.857000,21.857000,,,19.560000,19.534000,19.509000,19.484000,19.460000,,,23.414000,23.611000,25.928000,24.266000,24.956000,,,,,,,,,,,,,,,,
8.6600,23.285000,23.285000,23.285000,23.285000,23.285000,,,23.285000,23.285000,23.285000,23.285000,23.285000,,,21.857000,21.857000,21.857000,21.857000,21.857000,,,19.560000,19.534000,19.509000,19.484000,19.460000,,,23.414000,23.611000,25.928000,24.266000,24.956000,,,,,,,,,,,,,,,,
8.6700,23.285000,23.285000,23.285000,23.285000,23.285000,,,23.285000,23.285000,23.285000,23.285000,23.285000,,,21.857000,21.857000,21.857000,21.857000,21.857000,,,19.560000,19.534000,19.509000,19.484000,19.460000,,,23.414000,23.611000,25.928000,24.266000,24.956000,,,,,,,,,,,,,,,,
8.6800,23.285000,23.285000,23.285000,23.285000,23.285000,,,23.285000,23.285000,23.285000,23.285000,23.285000,,,21.857000,21.857000,21.857000,21.857000,21.857000,,,19.560000,19.534000,19.509000,19.484000,19.460000,,,23.414000,23.611000,25.928000,24.266000,24.956000,,,,,,,,,,,,,,,,
8.6900,23.285000,23.285000,23.285000,23.285000,23.285000,,,23.285000,23.285000,23.285000,23.285000,23.285000,,,21.857000,21.857000,21.857000,21.857000,21.857000,,,19.560000,19.534000,19.509000,19.484000,19.460000,,,23.414000,23.611000,25.928000,24.266000,24.956000,,,,,,,,,,,,,,,,
8.7000,23.285000,23.285000,23.285000,23.285000,23.285000,,,23.285000,23.285000,23.285000,23.285000,23.285000,,,21.857000,21.857000,21.857000,21.857000,21.857000,,,19.560000,19.534000,19.509000,19.484000,19.460000,,,23.414000,23.611000,25.928000,24.266000,24.956000,,,,,,,,,,,,,,,,
8.7100,23.285000,23.285000,23.285000,23.285000,23.285000,,,23.285000,23.285000,23.285000,23.285000,23.285000,,,21.857000,21.857000,21.857000,21.857000,21.857000,,,19.560000,19.534000,19.509000,19.484000,19.460000,,,23.414000,23.611000,25.928000,24.266000,24.956000,,,,,,,,,,,,,,,,
8.7200,23.285000,23.285000,23.285000,23.285000,23.285000,,,23.285000,23.285000,23.285000,23.285000,23.285000,,,21.857000,21.857000,21.857000,21.857000,21.857000,,,19.560000,19.534000,19.509000,19.484000,19.460000,,,23.414000,23.611000,25.928000,24.266000,24.956000,,,,,,,,,,,,,,,,
8.7300,23.285000,23.285000,23.285000,23.285000,23.285000,,,23.285000,23.285000,23.285000,23.285000,23.285000,,,21.857000,21.857000,21.857000,21.857000,21.857000,,,19.560000,19.534000,19.509000,19.484000,19.460000,,,23.414000,23.611000,25.928000,24.266000,24.956000,,,,,,,,,,,,,,,,
8.7400,23.285000,23.285000,23.285000,23.285000,23.285000,,,23.285000,23.285000,23.285000,23.285000,23.285000,,,21.857000,21.857000,21.857000,21.857000,21.857000,,,19.560000,19.534000,19.509000,19.484000,19.460000,,,23.414000,23.611000,25.928000,24.266000,24.956000,,,,,,,,,,,,,,,,
8.7500,23.285000,23.285000,23.285000,23.285000,23.285000,,,23.285000,23.285000,23.285000,23.285000,23.285000,,,21.857000,21.857000,21.857000,21.857000,21.857000,,,19.560000,19.534000,19.509000,19.484000,19.460000,,,23.414000,23.611000,25.928000,24.266000,24.956000,,,,,,,,,,,,,,,,
8.7600,23.285000,23.285000,23.285000,23.285000,23.285000,,,23.285000,23.285000,23.285000,23.285000,23.285000,,,21.857000,21.857000,21.857000,21.857000,21.857000,,,19.560000,19.534000,19.509000,19.484000,19.460000,,,23.414000,23.611000,25.928000,24.266000,24.956000,,,,,,,,,,,,,,,,
8.7700,23.285000,23.285000,23.285000,23.285000,23.285000,,,23.285000,23.285000,23.285000,23.285000,23.285000,,,21.857000,21.857000,21.857000,21.857000,21.857000,,,19.560000,19.534000,19.509000,19.484000,19.460000,,,23.414000,23.611000,25.928000,24.266000,24.956000,,,,,,,,,,,,,,,,
8.7800,23.285000,23.285000,23.285000,23.285000,23.285000,,,23.285000,23.285000,23.285000,23.285000,23.285000,,,21.857000,21.857000,21.857000,21.857000,21.857000,,,19.560000,19.534000,19.509000,19.484000,19.460000,,,23.414000,23.611000,25.928000,24.266000,24.956000,,,,,,,,,,,,,,,,
8.7900,23.285000,23.285000,23.285000,23.285000,23.285000,,,23.285000,23.285000,23.285000,23.285000,23.285000,,,21.857000,21.857000,21.857000,21.857000,21.857000,,,19.560000,19.534000,19.509000,19.484000,19.460000,,,23.414000,23.611000,25.928000,24.266000,24.956000,,,,,,,,,,,,,,,,
8.8000,23.285000,23.285000,23.285000,23.285000,23.285000,,,23.285000,23.285000,23.285000,23.285000,23.285000,,,21.857000,21.857000,21.857000,21.857000,21.857000,,,19.560000,19.534000,19.509000,19.484000,19.460000,,,23.414000,23.611000,25.928000,24.266000,24.956000,,,,,,,,,,,,,,,,
8.8100,23.285000,23.285000,23.285000,23.285000,23.285000,,,23.285000,23.285000,23.285000,23.285000,23.285000,,,21.857000,21.857000,21.857000,21.857000,21.857000,,,19.560000,19.534000,19.509000,19.484000,19.460000,,,23.414000,23.611000,25.928000,24.266000,24.956000,,,,,,,,,,,,,,,,
8.8200,23.285000,23.285000,23.285000,23.285000,23.285000,,,23.285000,23.285000,23.285000,23.285000,23.285000,,,21.857000,21.857000,21.857000,21.857000,21.857000,,,19.560000,19.534000,19.509000,19.484000,19.460000,,,23.414000,23.611000,25.928000,24.266000,24.956000,,,,,,,,,,,,,,,,
8.8300,23.285000,23.285000,23.285000,23.285000,23.285000,,,23.285000,23.285000,23.285000,23.285000,23.285000,,,21.857000,21.857000,21.857000,21.857000,21.857000,,,19.560000,19.534000,19.509000,19.484000,19.460000,,,23.414000,23.611000,25.928000,24.266000,24.956000,,,,,,,,,,,,,,,,
8.8400,23.285000,23.285000,23.285000,23.285000,23.285000,,,23.285000,23.285000,23.285000,23.285000,23.285000,,,21.857000,21.857000,21.857000,21.857000,21.857000,,,19.560000,19.534000,19.509000,19.484000,19.460000,,,23.414000,23.611000,25.928000,24.266000,24.956000,,,,,,,,,,,,,,,,
8.8500,23.285000,23.285000,23.285000,23.285000,23.285000,,,23.285000,23.285000,23.285000,23.285000,23.285000,,,21.857000,21.857000,21.857000,21.857000,21.857000,,,19.560000,19.534000,19.509000,19.484000,19.460000,,,23.414000,23.611000,25.928000,24.266000,24.956000,,,,,,,,,,,,,,,,
8.8600,23.285000,23.285000,23.285000,23.285000,23.285000,,,23.285000,23.285000,23.285000,23.285000,23.285000,,,21.857000,21.857000,21.857000,21.857000,21.857000,,,19.560000,19.534000,19.509000,19.484000,19.460000,,,23.414000,23.611000,25.928000,24.266000,24.956000,,,,,,,,,,,,,,,,
8.8700,23.285000,23.285000,23.285000,23.285000,23.285000,,,23.285000,23.285000,23.285000,23.285000,23.285000,,,21.857000,21.857000,21.857000,21.857000,21.857000,,,19.560000,19.534000,19.509000,19.484000,19.460000,,,23.414000,23.611000,25.928000,24.266000,24.956000,,,,,,,,,,,,,,,,
8.8800,23.285000,23.285000,23.285000,23.285000,23.285000,,,23.285000,23.285000,23.285000,23.285000,23.285000,,,21.857000,21.857000,21.857000,21.857000,21.857000,,,19.560000,19.534000,19.509000,19.484000,19.460000,,,23.414000,23.611000,25.928000,24.266000,24.956000,,,,,,,,,,,,,,,,
8.8900,23.285000,23.285000,23.285000,23.285000,23.285000,,,23.285000,23.285000,23.285000,23.285000,23.285000,,,21.857000,21.857000,21.857000,21.857000,21.857000,,,19.560000,19.534000,19.509000,19.484000,19.460000,,,23.414000,23.611000,25.928000,24.266000,24.956000,,,,,,,,,,,,,,,,
8.9000,23.285000,23.285000,23.285000,23.285000,23.285000,,,23.285000,23.285000,23.285000,23.285000,23.285000,,,21.857000,21.857000,21.857000,21.857000,21.857000,,,19.560000,19.534000,19.509000,19.484000,19.460000,,,23.414000,23.611000,25.928000,24.266000,24.956000,,,,,,,,,,,,,,,,
8.9100,23.285000,23.285000,23.285000,23.285000,23.285000,,,23.285000,23.285000,23.285000,23.285000,23.285000,,,21.857000,21.857000,21.857000,21.857000,21.857000,,,19.560000,19.534000,19.509000,19.484000,19.460000,,,23.414000,23.611000,25.928000,24.266000,24.956000,,,,,,,,,,,,,,,,
8.9200,23.285000,23.285000,23.285000,23.285000,23.285000,,,23.285000,23.285000,23.285000,23.285000,23.285000,,,21.857000,21.857000,21.857000,21.857000,21.857000,,,19.560000,19.534000,19.509000,19.484000,19.460000,,,23.414000,23.611000,25.928000,24.266000,24.956000,,,,,,,,,,,,,,,,
8.9300,23.285000,23.285000,23.285000,23.285000,23.285000,,,23.285000,23.285000,23.285000,23.285000,23.285000,,,21.857000,21.857000,21.857000,21.857000,21.857000,,,19.560000,19.534000,19.509000,19.484000,19.460000,,,23.414000,23.611000,25.928000,24.266000,24.956000,,,,,,,,,,,,,,,,
8.9400,23.285000,23.285000,23.285000,23.285000,23.285000,,,23.285000,23.285000,23.285000,23.285000,23.285000,,,21.857000,21.857000,21.857000,21.857000,21.857000,,,19.560000,19.534000,19.509000,19.484000,19.460000,,,23.414000,23.611000,25.928000,24.266000,24.956000,,,,,,,,,,,,,,,,
8.9500,23.285000,23.285000,23.285000,23.285000,23.285000,,,23.285000,23.285000,23.285000,23.285000,23.285000,,,21.857000,21.857000,21.857000,21.857000,21.857000,,,19.560000,19.534000,19.509000,19.484000,19.460000,,,23.414000,23.611000,25.928000,24.266000,24.956000,,,,,,,,,,,,,,,,
8.9600,23.285000,23.285000,23.285000,23.285000,23.285000,,,23.285000,23.285000,23.285000,23.285000,23.285000,,,21.857000,21.857000,21.857000,21.857000,21.857000,,,19.560000,19.534000,19.509000,19.484000,19.460000,,,23.414000,23.611000,25.928000,24.266000,24.956000,,,,,,,,,,,,,,,,
8.9700,23.285000,23.285000,23.285000,23.285000,23.285000,,,23.285000,23.285000,23.285000,23.285000,23.285000,,,21.857000,21.857000,21.857000,21.857000,21.857000,,,19.560000,19.534000,19.509000,19.484000,19.460000,,,23.414000,23.611000,25.928000,24.266000,24.956000,,,,,,,,,,,,,,,,
8.9800,23.285000,23.285000,23.285000,23.285000,23.285000,,,23.285000,23.285000,23.285000,23.285000,23.285000,,,21.857000,21.857000,21.857000,21.857000,21.857000,,,19.560000,19.534000,19.509000,19.484000,19.460000,,,23.414000,23.611000,25.928000,24.266000,24.956000,,,,,,,,,,,,,,,,
8.9900,23.285000,23.285000,23.285000,23.285000,23.285000,,,23.285000,23.285000,23.285000,23.285000,23.285000,,,21.857000,21.857000,21.857000,21.857000,21.857000,,,19.560000,19.534000,19.509000,19.484000,19.460000,,,23.414000,23.611000,25.928000,24.266000,24.956000,,,,,,,,,,,,,,,,
9.0000,23.285000,23.285000,23.285000,23.285000,23.285000,,,23.285000,23.285000,23.285000,23.285000,23.285000,,,21.857000,21.857000,21.857000,21.857000,21.857000,,,19.560000,19.534000,19.509000,19.484000,19.460000,,,23.414000,23.611000,25.928000,24.266000,24.956000,,,,,,,,,,,,,,,,
9.0100,23.285000,23.285000,23.285000,23.285000,23.285000,,,23.285000,23.285000,23.285000,23.285000,23.285000,,,21.857000,21.857000,21.857000,21.857000,21.857000,,,19.560000,19.534000,19.509000,19.484000,19.460000,,,23.414000,23.611000,25.928000,24.266000,24.956000,,,,,,,,,,,,,,,,
9.0200,23.285000,23.285000,23.285000,23.285000,23.285000,,,23.285000,23.285000,23.285000,23.285000,23.285000,,,21.857000,21.857000,21.857000,21.857000,21.857000,,,19.560000,19.534000,19.509000,19.484000,19.460000,,,23.414000,23.611000,25.928000,24.266000,24.956000,,,,,,,,,,,,,,,,
9.0300,23.285000,23.285000,23.285000,23.285000,23.285000,,,23.285000,23.285000,23.285000,23.285000,23.285000,,,21.857000,21.857000,21.857000,21.857000,21.857000,,,19.560000,19.534000,19.509000,19.484000,19.460000,,,23.414000,23.611000,25.928000,24.266000,24.956000,,,,,,,,,,,,,,,,
9.0400,23.285000,23.285000,23.285000,23.285000,23.285000,,,23.285000,23.285000,23.285000,23.285000,23.285000,,,21.857000,21.857000,21.857000,21.857000,21.857000,,,19.560000,19.534000,19.509000,19.484000,19.460000,,,23.414000,23.611000,25.928000,24.266000,24.956000,,,,,,,,,,,,,,,,
9.0500,23.285000,23.285000,23.285000,23.285000,23.285000,,,23.285000,23.285000,23.285000,23.285000,23.285000,,,21.857000,21.857000,21.857000,21.857000,21.857000,,,19.560000,19.534000,19.509000,19.484000,19.460000,,,23.414000,23.611000,25.928000,24.266000,24.956000,,,,,,,,,,,,,,,,
9.0600,23.285000,23.285000,23.285000,23.285000,23.285000,,,23.285000,23.285000,23.285000,23.285000,23.285000,,,21.857000,21.857000,21.857000,21.857000,21.857000,,,19.560000,19.534000,19.509000,19.484000,19.460000,,,23.414000,23.611000,25.928000,24.266000,24.956000,,,,,,,,,,,,,,,,
9.0700,23.285000,23.285000,23.285000,23.285000,23.285000,,,23.285000,23.285000,23.285000,23.285000,23.285000,,,21.857000,21.857000,21.857000,21.857000,21.857000,,,19.560000,19.534000,19.509000,19.484000,19.460000,,,23.414000,23.611000,25.928000,24.266000,24.956000,,,,,,,,,,,,,,,,
9.0800,23.285000,23.285000,23.285000,23.285000,23.285000,,,23.285000,23.285000,23.285000,23.285000,23.285000,,,21.857000,21.857000,21.857000,21.857000,21.857000,,,19.560000,19.534000,19.509000,19.484000,19.460000,,,23.414000,23.611000,25.928000,24.266000,24.956000,,,,,,,,,,,,,,,,
9.0900,23.285000,23.285000,23.285000,23.285000,23.285000,,,23.285000,23.285000,23.285000,23.285000,23.285000,,,21.857000,21.857000,21.857000,21.857000,21.857000,,,19.560000,19.534000,19.509000,19.484000,19.460000,,,23.414000,23.611000,25.928000,24.266000,24.956000,,,,,,,,,,,,,,,,
9.1000,23.285000,23.285000,23.285000,23.285000,23.285000,,,23.285000,23.285000,23.285000,23.285000,23.285000,,,21.857000,21.857000,21.857000,21.857000,21.857000,,,19.560000,19.534000,19.509000,19.484000,19.460000,,,23.414000,23.611000,25.928000,24.266000,24.956000,,,,,,,,,,,,,,,,
9.1100,23.285000,23.285000,23.285000,23.285000,23.285000,,,23.285000,23.285000,23.285000,23.285000,23.285000,,,21.857000,21.857000,21.857000,21.857000,21.857000,,,19.560000,19.534000,19.509000,19.484000,19.460000,,,23.414000,23.611000,25.928000,24.266000,24.956000,,,,,,,,,,,,,,,,
9.1200,23.285000,23.285000,23.285000,23.285000,23.285000,,,23.285000,23.285000,23.285000,23.285000,23.285000,,,21.857000,21.857000,21.857000,21.857000,21.857000,,,19.560000,19.534000,19.509000,19.484000,19.460000,,,23.414000,23.611000,25.928000,24.266000,24.956000,,,,,,,,,,,,,,,,
9.1300,23.285000,23.285000,23.285000,23.285000,23.285000,,,23.285000,23.285000,23.285000,23.285000,23.285000,,,21.857000,21.857000,21.857000,21.857000,21.857000,,,19.560000,19.534000,19.509000,19.484000,19.460000,,,23.414000,23.611000,25.928000,24.266000,24.956000,,,,,,,,,,,,,,,,
9.1400,23.285000,23.285000,23.285000,23.285000,23.285000,,,23.285000,23.285000,23.285000,23.285000,23.285000,,,21.857000,21.857000,21.857000,21.857000,21.857000,,,19.560000,19.534000,19.509000,19.484000,19.460000,,,23.414000,23.611000,25.928000,24.266000,24.956000,,,,,,,,,,,,,,,,
9.1500,23.285000,23.285000,23.285000,23.285000,23.285000,,,23.285000,23.285000,23.285000,23.285000,23.285000,,,21.857000,21.857000,21.857000,21.857000,21.857000,,,19.560000,19.534000,19.509000,19.484000,19.460000,,,23.414000,23.611000,25.928000,24.266000,24.956000,,,,,,,,,,,,,,,,
9.1600,23.285000,23.285000,23.285000,23.285000,23.285000,,,23.285000,23.285000,23.285000,23.285000,23.285000,,,21.857000,21.857000,21.857000,21.857000,21.857000,,,19.560000,19.534000,19.509000,19.484000,19.460000,,,23.414000,23.611000,25.928000,24.266000,24.956000,,,,,,,,,,,,,,,,
9.1700,23.285000,23.285000,23.285000,23.285000,23.285000,,,23.285000,23.285000,23.285000,23.285000,23.285000,,,21.857000,21.857000,21.857000,21.857000,21.857000,,,19.560000,19.534000,19.509000,19.484000,19.460000,,,23.414000,23.611000,25.928000,24.266000,24.956000,,,,,,,,,,,,,,,,
9.1800,23.285000,23.285000,23.285000,23.285000,23.285000,,,23.285000,23.285000,23.285000,23.285000,23.285000,,,21.857000,21.857000,21.857000,21.857000,21.857000,,,19.560000,19.534000,19.509000,19.484000,19.460000,,,23.414000,23.611000,25.928000,24.266000,24.956000,,,,,,,,,,,,,,,,
9.1900,23.285000,23.285000,23.285000,23.285000,23.285000,,,23.285000,23.285000,23.285000,23.285000,23.285000,,,21.857000,21.857000,21.857000,21.857000,21.857000,,,19.560000,19.534000,19.509000,19.484000,19.460000,,,23.414000,23.611000,25.928000,24.266000,24.956000,,,,,,,,,,,,,,,,
9.2000,23.285000,23.285000,23.285000,23.285000,23.285000,,,23.285000,23.285000,23.285000,23.285000,23.285000,,,21.857000,21.857000,21.857000,21.857000,21.857000,,,19.560000,19.534000,19.509000,19.484000,19.460000,,,23.414000,23.611000,25.928000,24.266000,24.956000,,,,,,,,,,,,,,,,
9.2100,23.285000,23.285000,23.285000,23.285000,23.285000,,,23.285000,23.285000,23.285000,23.285000,23.285000,,,21.857000,21.857000,21.857000,21.857000,21.857000,,,19.560000,19.534000,19.509000,19.484000,19.460000,,,23.414000,23.611000,25.928000,24.266000,24.956000,,,,,,,,,,,,,,,,
9.2200,23.285000,23.285000,23.285000,23.285000,23.285000,,,23.285000,23.285000,23.285000,23.285000,23.285000,,,21.857000,21.857000,21.857000,21.857000,21.857000,,,19.560000,19.534000,19.509000,19.484000,19.460000,,,23.414000,23.611000,25.928000,24.266000,24.956000,,,,,,,,,,,,,,,,
9.2300,23.285000,23.285000,23.285000,23.285000,23.285000,,,23.285000,23.285000,23.285000,23.285000,23.285000,,,21.857000,21.857000,21.857000,21.857000,21.857000,,,19.560000,19.534000,19.509000,19.484000,19.460000,,,23.414000,23.611000,25.928000,24.266000,24.956000,,,,,,,,,,,,,,,,
9.2400,23.285000,23.285000,23.285000,23.285000,23.285000,,,23.285000,23.285000,23.285000,23.285000,23.285000,,,21.857000,21.857000,21.857000,21.857000,21.857000,,,19.560000,19.534000,19.509000,19.484000,19.460000,,,23.414000,23.611000,25.928000,24.266000,24.956000,,,,,,,,,,,,,,,,
9.2500,23.285000,23.285000,23.285000,23.285000,23.285000,,,23.285000,23.285000,23.285000,23.285000,23.285000,,,21.857000,21.857000,21.857000,21.857000,21.857000,,,19.560000,19.534000,19.509000,19.484000,19.460000,,,23.414000,23.611000,25.928000,24.266000,24.956000,,,,,,,,,,,,,,,,
9.2600,23.285000,23.285000,23.285000,23.285000,23.285000,,,23.285000,23.285000,23.285000,23.285000,23.285000,,,21.857000,21.857000,21.857000,21.857000,21.857000,,,19.560000,19.534000,19.509000,19.484000,19.460000,,,23.414000,23.611000,25.928000,24.266000,24.956000,,,,,,,,,,,,,,,,
9.2700,23.285000,23.285000,23.285000,23.285000,23.285000,,,23.285000,23.285000,23.285000,23.285000,23.285000,,,21.857000,21.857000,21.857000,21.857000,21.857000,,,19.560000,19.534000,19.509000,19.484000,19.460000,,,23.414000,23.611000,25.928000,24.266000,24.956000,,,,,,,,,,,,,,,,
9.2800,23.285000,23.285000,23.285000,23.285000,23.285000,,,23.285000,23.285000,23.285000,23.285000,23.285000,,,21.857000,21.857000,21.857000,21.857000,21.857000,,,19.560000,19.534000,19.509000,19.484000,19.460000,,,23.414000,23.611000,25.928000,24.266000,24.956000,,,,,,,,,,,,,,,,
9.2900,23.285000,23.285000,23.285000,23.285000,23.285000,,,23.285000,23.285000,23.285000,23.285000,23.285000,,,21.857000,21.857000,21.857000,21.857000,21.857000,,,19.560000,19.534000,19.509000,19.484000,19.460000,,,23.414000,23.611000,25.928000,24.266000,24.956000,,,,,,,,,,,,,,,,
9.3000,23.285000,23.285000,23.285000,23.285000,23.285000,,,23.285000,23.285000,23.285000,23.285000,23.285000,,,21.857000,21.857000,21.857000,21.857000,21.857000,,,19.560000,19.534000,19.509000,19.484000,19.460000,,,23.414000,23.611000,25.928000,24.266000,24.956000,,,,,,,,,,,,,,,,
9.3100,23.285000,23.285000,23.285000,23.285000,23.285000,,,23.285000,23.285000,23.285000,23.285000,23.285000,,,21.857000,21.857000,21.857000,21.857000,21.857000,,,19.560000,19.534000,19.509000,19.484000,19.460000,,,23.414000,23.611000,25.928000,24.266000,24.956000,,,,,,,,,,,,,,,,
9.3200,23.285000,23.285000,23.285000,23.285000,23.285000,,,23.285000,23.285000,23.285000,23.285000,23.285000,,,21.857000,21.857000,21.857000,21.857000,21.857000,,,19.560000,19.534000,19.509000,19.484000,19.460000,,,23.414000,23.611000,25.928000,24.266000,24.956000,,,,,,,,,,,,,,,,
9.3300,23.285000,23.285000,23.285000,23.285000,23.285000,,,23.285000,23.285000,23.285000,23.285000,23.285000,,,21.857000,21.857000,21.857000,21.857000,21.857000,,,19.560000,19.534000,19.509000,19.484000,19.460000,,,23.414000,23.611000,25.928000,24.266000,24.956000,,,,,,,,,,,,,,,,
9.3400,23.285000,23.285000,23.285000,23.285000,23.285000,,,23.285000,23.285000,23.285000,23.285000,23.285000,,,21.857000,21.857000,21.857000,21.857000,21.857000,,,19.560000,19.534000,19.509000,19.484000,19.460000,,,23.414000,23.611000,25.928000,24.266000,24.956000,,,,,,,,,,,,,,,,
9.3500,23.285000,23.285000,23.285000,23.285000,23.285000,,,23.285000,23.285000,23.285000,23.285000,23.285000,,,21.857000,21.857000,21.857000,21.857000,21.857000,,,19.560000,19.534000,19.509000,19.484000,19.460000,,,23.414000,23.611000,25.928000,24.266000,24.956000,,,,,,,,,,,,,,,,
9.3600,23.285000,23.285000,23.285000,23.285000,23.285000,,,23.285000,23.285000,23.285000,23.285000,23.285000,,,21.857000,21.857000,21.857000,21.857000,21.857000,,,19.560000,19.534000,19.509000,19.484000,19.460000,,,23.414000,23.611000,25.928000,24.266000,24.956000,,,,,,,,,,,,,,,,
9.3700,23.285000,23.285000,23.285000,23.285000,23.285000,,,23.285000,23.285000,23.285000,23.285000,23.285000,,,21.857000,21.857000,21.857000,21.857000,21.857000,,,19.560000,19.534000,19.509000,19.484000,19.460000,,,23.414000,23.611000,25.928000,24.266000,24.956000,,,,,,,,,,,,,,,,
9.3800,23.285000,23.285000,23.285000,23.285000,23.285000,,,23.285000,23.285000,23.285000,23.285000,23.285000,,,21.857000,21.857000,21.857000,21.857000,21.857000,,,19.560000,19.534000,19.509000,19.484000,19.460000,,,23.414000,23.611000,25.928000,24.266000,24.956000,,,,,,,,,,,,,,,,
9.3900,23.285000,23.285000,23.285000,23.285000,23.285000,,,23.285000,23.285000,23.285000,23.285000,23.285000,,,21.857000,21.857000,21.857000,21.857000,21.857000,,,19.560000,19.534000,19.509000,19.484000,19.460000,,,23.414000,23.611000,25.928000,24.266000,24.956000,,,,,,,,,,,,,,,,
9.4000,23.285000,23.285000,23.285000,23.285000,23.285000,,,23.285000,23.285000,23.285000,23.285000,23.285000,,,21.857000,21.857000,21.857000,21.857000,21.857000,,,19.560000,19.534000,19.509000,19.484000,19.460000,,,23.414000,23.611000,25.928000,24.266000,24.956000,,,,,,,,,,,,,,,,
9.4100,23.285000,23.285000,23.285000,23.285000,23.285000,,,23.285000,23.285000,23.285000,23.285000,23.285000,,,21.857000,21.857000,21.857000,21.857000,21.857000,,,19.560000,19.534000,19.509000,19.484000,19.460000,,,23.414000,23.611000,25.928000,24.266000,24.956000,,,,,,,,,,,,,,,,
9.4200,23.285000,23.285000,23.285000,23.285000,23.285000,,,23.285000,23.285000,23.285000,23.285000,23.285000,,,21.857000,21.857000,21.857000,21.857000,21.857000,,,19.560000,19.534000,19.509000,19.484000,19.460000,,,23.414000,23.611000,25.928000,24.266000,24.956000,,,,,,,,,,,,,,,,
9.4300,23.285000,23.285000,23.285000,23.285000,23.285000,,,23.285000,23.285000,23.285000,23.285000,23.285000,,,21.857000,21.857000,21.857000,21.857000,21.857000,,,19.560000,19.534000,19.509000,19.484000,19.460000,,,23.414000,23.611000,25.928000,24.266000,24.956000,,,,,,,,,,,,,,,,
9.4400,23.285000,23.285000,23.285000,23.285000,23.285000,,,23.285000,23.285000,23.285000,23.285000,23.285000,,,21.857000,21.857000,21.857000,21.857000,21.857000,,,19.560000,19.534000,19.509000,19.484000,19.460000,,,23.414000,23.611000,25.928000,24.266000,24.956000,,,,,,,,,,,,,,,,
9.4500,23.285000,23.285000,23.285000,23.285000,23.285000,,,23.285000,23.285000,23.285000,23.285000,23.285000,,,21.857000,21.857000,21.857000,21.857000,21.857000,,,19.560000,19.534000,19.509000,19.484000,19.460000,,,23.414000,23.611000,25.928000,24.266000,24.956000,,,,,,,,,,,,,,,,
9.4600,23.285000,23.285000,23.285000,23.285000,23.285000,,,23.285000,23.285000,23.285000,23.285000,23.285000,,,21.857000,21.857000,21.857000,21.857000,21.857000,,,19.560000,19.534000,19.509000,19.484000,19.460000,,,23.414000,23.611000,25.928000,24.266000,24.956000,,,,,,,,,,,,,,,,
9.4700,23.285000,23.285000,23.285000,23.285000,23.285000,,,23.285000,23.285000,23.285000,23.285000,23.285000,,,21.857000,21.857000,21.857000,21.857000,21.857000,,,19.560000,19.534000,19.509000,19.484000,19.460000,,,23.414000,23.611000,25.928000,24.266000,24.956000,,,,,,,,,,,,,,,,
9.4800,23.285000,23.285000,23.285000,23.285000,23.285000,,,23.285000,23.285000,23.285000,23.285000,23.285000,,,21.857000,21.857000,21.857000,21.857000,21.857000,,,19.560000,19.534000,19.509000,19.484000,19.460000,,,23.414000,23.611000,25.928000,24.266000,24.956000,,,,,,,,,,,,,,,,
9.4900,23.285000,23.285000,23.285000,23.285000,23.285000,,,23.285000,23.285000,23.285000,23.285000,23.285000,,,21.857000,21.857000,21.857000,21.857000,21.857000,,,19.560000,19.534000,19.509000,19.484000,19.460000,,,23.414000,23.611000,25.928000,24.266000,24.956000,,,,,,,,,,,,,,,,
9.5000,23.285000,23.285000,23.285000,23.285000,23.285000,,,23.285000,23.285000,23.285000,23.285000,23.285000,,,21.857000,21.857000,21.857000,21.857000,21.857000,,,19.560000,19.534000,19.509000,19.484000,19.460000,,,23.414000,23.611000,25.928000,24.266000,24.956000,,,,,,,,,,,,,,,,
9.5100,23.285000,23.285000,23.285000,23.285000,23.285000,,,23.285000,23.285000,23.285000,23.285000,23.285000,,,21.857000,21.857000,21.857000,21.857000,21.857000,,,19.560000,19.534000,19.509000,19.484000,19.460000,,,23.414000,23.611000,25.928000,24.266000,24.956000,,,,,,,,,,,,,,,,
9.5200,23.285000,23.285000,23.285000,23.285000,23.285000,,,23.285000,23.285000,23.285000,23.285000,23.285000,,,21.857000,21.857000,21.857000,21.857000,21.857000,,,19.560000,19.534000,19.509000,19.484000,19.460000,,,23.414000,23.611000,25.928000,24.266000,24.956000,,,,,,,,,,,,,,,,
9.5300,23.285000,23.285000,23.285000,23.285000,23.285000,,,23.285000,23.285000,23.285000,23.285000,23.285000,,,21.857000,21.857000,21.857000,21.857000,21.857000,,,19.560000,19.534000,19.509000,19.484000,19.460000,,,23.414000,23.611000,25.928000,24.266000,24.956000,,,,,,,,,,,,,,,,
9.5400,23.285000,23.285000,23.285000,23.285000,23.285000,,,23.285000,23.285000,23.285000,23.285000,23.285000,,,21.857000,21.857000,21.857000,21.857000,21.857000,,,19.560000,19.534000,19.509000,19.484000,19.460000,,,23.414000,23.611000,25.928000,24.266000,24.956000,,,,,,,,,,,,,,,,
9.5500,23.285000,23.285000,23.285000,23.285000,23.285000,,,23.285000,23.285000,23.285000,23.285000,23.285000,,,21.857000,21.857000,21.857000,21.857000,21.857000,,,19.560000,19.534000,19.509000,19.484000,19.460000,,,23.414000,23.611000,25.928000,24.266000,24.956000,,,,,,,,,,,,,,,,
9.5600,23.285000,23.285000,23.285000,23.285000,23.285000,,,23.285000,23.285000,23.285000,23.285000,23.285000,,,21.857000,21.857000,21.857000,21.857000,21.857000,,,19.560000,19.534000,19.509000,19.484000,19.460000,,,23.414000,23.611000,25.928000,24.266000,24.956000,,,,,,,,,,,,,,,,
9.5700,23.285000,23.285000,23.285000,23.285000,23.285000,,,23.285000,23.285000,23.285000,23.285000,23.285000,,,21.857000,21.857000,21.857000,21.857000,21.857000,,,19.560000,19.534000,19.509000,19.484000,19.460000,,,23.414000,23.611000,25.928000,24.266000,24.956000,,,,,,,,,,,,,,,,
9.5800,23.285000,23.285000,23.285000,23.285000,23.285000,,,23.285000,23.285000,23.285000,23.285000,23.285000,,,21.857000,21.857000,21.857000,21.857000,21.857000,,,19.560000,19.534000,19.509000,19.484000,19.460000,,,23.414000,23.611000,25.928000,24.266000,24.956000,,,,,,,,,,,,,,,,
9.5900,23.285000,23.285000,23.285000,23.285000,23.285000,,,23.285000,23.285000,23.285000,23.285000,23.285000,,,21.857000,21.857000,21.857000,21.857000,21.857000,,,19.560000,19.534000,19.509000,19.484000,19.460000,,,23.414000,23.611000,25.928000,24.266000,24.956000,,,,,,,,,,,,,,,,
9.6000,23.285000,23.285000,23.285000,23.285000,23.285000,,,23.285000,23.285000,23.285000,23.285000,23.285000,,,21.857000,21.857000,21.857000,21.857000,21.857000,,,19.560000,19.534000,19.509000,19.484000,19.460000,,,23.414000,23.611000,25.928000,24.266000,24.956000,,,,,,,,,,,,,,,,
9.6100,23.285000,23.285000,23.285000,23.285000,23.285000,,,23.285000,23.285000,23.285000,23.285000,23.285000,,,21.857000,21.857000,21.857000,21.857000,21.857000,,,19.560000,19.534000,19.509000,19.484000,19.460000,,,23.414000,23.611000,25.928000,24.266000,24.956000,,,,,,,,,,,,,,,,
9.6200,23.285000,23.285000,23.285000,23.285000,23.285000,,,23.285000,23.285000,23.285000,23.285000,23.285000,,,21.857000,21.857000,21.857000,21.857000,21.857000,,,19.560000,19.534000,19.509000,19.484000,19.460000,,,23.414000,23.611000,25.928000,24.266000,24.956000,,,,,,,,,,,,,,,,
9.6300,23.285000,23.285000,23.285000,23.285000,23.285000,,,23.285000,23.285000,23.285000,23.285000,23.285000,,,21.857000,21.857000,21.857000,21.857000,21.857000,,,19.560000,19.534000,19.509000,19.484000,19.460000,,,23.414000,23.611000,25.928000,24.266000,24.956000,,,,,,,,,,,,,,,,
9.6400,23.285000,23.285000,23.285000,23.285000,23.285000,,,23.285000,23.285000,23.285000,23.285000,23.285000,,,21.857000,21.857000,21.857000,21.857000,21.857000,,,19.560000,19.534000,19.509000,19.484000,19.460000,,,23.414000,23.611000,25.928000,24.266000,24.956000,,,,,,,,,,,,,,,,
9.6500,23.285000,23.285000,23.285000,23.285000,23.285000,,,23.285000,23.285000,23.285000,23.285000,23.285000,,,21.857000,21.857000,21.857000,21.857000,21.857000,,,19.560000,19.534000,19.509000,19.484000,19.460000,,,23.414000,23.611000,25.928000,24.266000,24.956000,,,,,,,,,,,,,,,,
9.6600,23.285000,23.285000,23.285000,23.285000,23.285000,,,23.285000,23.285000,23.285000,23.285000,23.285000,,,21.857000,21.857000,21.857000,21.857000,21.857000,,,19.560000,19.534000,19.509000,19.484000,19.460000,,,23.414000,23.611000,25.928000,24.266000,24.956000,,,,,,,,,,,,,,,,
9.6700,23.285000,23.285000,23.285000,23.285000,23.285000,,,23.285000,23.285000,23.285000,23.285000,23.285000,,,21.857000,21.857000,21.857000,21.857000,21.857000,,,19.560000,19.534000,19.509000,19.484000,19.460000,,,23.414000,23.611000,25.928000,24.266000,24.956000,,,,,,,,,,,,,,,,
9.6800,23.285000,23.285000,23.285000,23.285000,23.285000,,,23.285000,23.285000,23.285000,23.285000,23.285000,,,21.857000,21.857000,21.857000,21.857000,21.857000,,,19.560000,19.534000,19.509000,19.484000,19.460000,,,23.414000,23.611000,25.928000,24.266000,24.956000,,,,,,,,,,,,,,,,
9.6900,23.285000,23.285000,23.285000,23.285000,23.285000,,,23.285000,23.285000,23.285000,23.285000,23.285000,,,21.857000,21.857000,21.857000,21.857000,21.857000,,,19.560000,19.534000,19.509000,19.484000,19.460000,,,23.414000,23.611000,25.928000,24.266000,24.956000,,,,,,,,,,,,,,,,
9.7000,23.285000,23.285000,23.285000,23.285000,23.285000,,,23.285000,23.285000,23.285000,23.285000,23.285000,,,21.857000,21.857000,21.857000,21.857000,21.857000,,,19.560000,19.534000,19.509000,19.484000,19.460000,,,23.414000,23.611000,25.928000,24.266000,24.956000,,,,,,,,,,,,,,,,
9.7100,23.285000,23.285000,23.285000,23.285000,23.285000,,,23.285000,23.285000,23.285000,23.285000,23.285000,,,21.857000,21.857000,21.857000,21.857000,21.857000,,,19.560000,19.534000,19.509000,19.484000,19.460000,,,23.414000,23.611000,25.928000,24.266000,24.956000,,,,,,,,,,,,,,,,
9.7200,23.285000,23.285000,23.285000,23.285000,23.285000,,,23.285000,23.285000,23.285000,23.285000,23.285000,,,21.857000,21.857000,21.857000,21.857000,21.857000,,,19.560000,19.534000,19.509000,19.484000,19.460000,,,23.414000,23.611000,25.928000,24.266000,24.956000,,,,,,,,,,,,,,,,
9.7300,23.285000,23.285000,23.285000,23.285000,23.285000,,,23.285000,23.285000,23.285000,23.285000,23.285000,,,21.857000,21.857000,21.857000,21.857000,21.857000,,,19.560000,19.534000,19.509000,19.484000,19.460000,,,23.414000,23.611000,25.928000,24.266000,24.956000,,,,,,,,,,,,,,,,
9.7400,23.285000,23.285000,23.285000,23.285000,23.285000,,,23.285000,23.285000,23.285000,23.285000,23.285000,,,21.857000,21.857000,21.857000,21.857000,21.857000,,,19.560000,19.534000,19.509000,19.484000,19.460000,,,23.414000,23.611000,25.928000,24.266000,24.956000,,,,,,,,,,,,,,,,
9.7500,23.285000,23.285000,23.285000,23.285000,23.285000,,,23.285000,23.285000,23.285000,23.285000,23.285000,,,21.857000,21.857000,21.857000,21.857000,21.857000,,,19.560000,19.534000,19.509000,19.484000,19.460000,,,23.414000,23.611000,25.928000,24.266000,24.956000,,,,,,,,,,,,,,,,
9.7600,23.285000,23.285000,23.285000,23.285000,23.285000,,,23.285000,23.285000,23.285000,23.285000,23.285000,,,21.857000,21.857000,21.857000,21.857000,21.857000,,,19.560000,19.534000,19.509000,19.484000,19.460000,,,23.414000,23.611000,25.928000,24.266000,24.956000,,,,,,,,,,,,,,,,
9.7700,23.285000,23.285000,23.285000,23.285000,23.285000,,,23.285000,23.285000,23.285000,23.285000,23.285000,,,21.857000,21.857000,21.857000,21.857000,21.857000,,,19.560000,19.534000,19.509000,19.484000,19.460000,,,23.414000,23.611000,25.928000,24.266000,24.956000,,,,,,,,,,,,,,,,
9.7800,23.285000,23.285000,23.285000,23.285000,23.285000,,,23.285000,23.285000,23.285000,23.285000,23.285000,,,21.857000,21.857000,21.857000,21.857000,21.857000,,,19.560000,19.534000,19.509000,19.484000,19.460000,,,23.414000,23.611000,25.928000,24.266000,24.956000,,,,,,,,,,,,,,,,
9.7900,23.285000,23.285000,23.285000,23.285000,23.285000,,,23.285000,23.285000,23.285000,23.285000,23.285000,,,21.857000,21.857000,21.857000,21.857000,21.857000,,,19.560000,19.534000,19.509000,19.484000,19.460000,,,23.414000,23.611000,25.928000,24.266000,24.956000,,,,,,,,,,,,,,,,
9.8000,23.285000,23.285000,23.285000,23.285000,23.285000,,,23.285000,23.285000,23.285000,23.285000,23.285000,,,21.857000,21.857000,21.857000,21.857000,21.857000,,,19.560000,19.534000,19.509000,19.484000,19.460000,,,23.414000,23.611000,25.928000,24.266000,24.956000,,,,,,,,,,,,,,,,
9.8100,23.285000,23.285000,23.285000,23.285000,23.285000,,,23.285000,23.285000,23.285000,23.285000,23.285000,,,21.857000,21.857000,21.857000,21.857000,21.857000,,,19.560000,19.534000,19.509000,19.484000,19.460000,,,23.414000,23.611000,25.928000,24.266000,24.956000,,,,,,,,,,,,,,,,
9.8200,23.285000,23.285000,23.285000,23.285000,23.285000,,,23.285000,23.285000,23.285000,23.285000,23.285000,,,21.857000,21.857000,21.857000,21.857000,21.857000,,,19.560000,19.534000,19.509000,19.484000,19.460000,,,23.414000,23.611000,25.928000,24.266000,24.956000,,,,,,,,,,,,,,,,
9.8300,23.285000,23.285000,23.285000,23.285000,23.285000,,,23.285000,23.285000,23.285000,23.285000,23.285000,,,21.857000,21.857000,21.857000,21.857000,21.857000,,,19.560000,19.534000,19.509000,19.484000,19.460000,,,23.414000,23.611000,25.928000,24.266000,24.956000,,,,,,,,,,,,,,,,
9.8400,23.285000,23.285000,23.285000,23.285000,23.285000,,,23.285000,23.285000,23.285000,23.285000,23.285000,,,21.857000,21.857000,21.857000,21.857000,21.857000,,,19.560000,19.534000,19.509000,19.484000,19.460000,,,23.414000,23.611000,25.928000,24.266000,24.956000,,,,,,,,,,,,,,,,
9.8500,23.285000,23.285000,23.285000,23.285000,23.285000,,,23.285000,23.285000,23.285000,23.285000,23.285000,,,21.857000,21.857000,21.857000,21.857000,21.857000,,,19.560000,19.534000,19.509000,19.484000,19.460000,,,23.414000,23.611000,25.928000,24.266000,24.956000,,,,,,,,,,,,,,,,
9.8600,23.285000,23.285000,23.285000,23.285000,23.285000,,,23.285000,23.285000,23.285000,23.285000,23.285000,,,21.857000,21.857000,21.857000,21.857000,21.857000,,,19.560000,19.534000,19.509000,19.484000,19.460000,,,23.414000,23.611000,25.928000,24.266000,24.956000,,,,,,,,,,,,,,,,
9.8700,23.285000,23.285000,23.285000,23.285000,23.285000,,,23.285000,23.285000,23.285000,23.285000,23.285000,,,21.857000,21.857000,21.857000,21.857000,21.857000,,,19.560000,19.534000,19.509000,19.484000,19.460000,,,23.414000,23.611000,25.928000,24.266000,24.956000,,,,,,,,,,,,,,,,
9.8800,23.285000,23.285000,23.285000,23.285000,23.285000,,,23.285000,23.285000,23.285000,23.285000,23.285000,,,21.857000,21.857000,21.857000,21.857000,21.857000,,,19.560000,19.534000,19.509000,19.484000,19.460000,,,23.414000,23.611000,25.928000,24.266000,24.956000,,,,,,,,,,,,,,,,
9.8900,23.285000,23.285000,23.285000,23.285000,23.285000,,,23.285000,23.285000,23.285000,23.285000,23.285000,,,21.857000,21.857000,21.857000,21.857000,21.857000,,,19.560000,19.534000,19.509000,19.484000,19.460000,,,23.414000,23.611000,25.928000,24.266000,24.956000,,,,,,,,,,,,,,,,
9.9000,23.285000,23.285000,23.285000,23.285000,23.285000,,,23.285000,23.285000,23.285000,23.285000,23.285000,,,21.857000,21.857000,21.857000,21.857000,21.857000,,,19.560000,19.534000,19.509000,19.484000,19.460000,,,23.414000,23.611000,25.928000,24.266000,24.956000,,,,,,,,,,,,,,,,
9.9100,23.285000,23.285000,23.285000,23.285000,23.285000,,,23.285000,23.285000,23.285000,23.285000,23.285000,,,21.857000,21.857000,21.857000,21.857000,21.857000,,,19.560000,19.534000,19.509000,19.484000,19.460000,,,23.414000,23.611000,25.928000,24.266000,24.956000,,,,,,,,,,,,,,,,
9.9200,23.285000,23.285000,23.285000,23.285000,23.285000,,,23.285000,23.285000,23.285000,23.285000,23.285000,,,21.857000,21.857000,21.857000,21.857000,21.857000,,,19.560000,19.534000,19.509000,19.484000,19.460000,,,23.414000,23.611000,25.928000,24.266000,24.956000,,,,,,,,,,,,,,,,
9.9300,23.285000,23.285000,23.285000,23.285000,23.285000,,,23.285000,23.285000,23.285000,23.285000,23.285000,,,21.857000,21.857000,21.857000,21.857000,21.857000,,,19.560000,19.534000,19.509000,19.484000,19.460000,,,23.414000,23.611000,25.928000,24.266000,24.956000,,,,,,,,,,,,,,,,
9.9400,23.285000,23.285000,23.285000,23.285000,23.285000,,,23.285000,23.285000,23.285000,23.285000,23.285000,,,21.857000,21.857000,21.857000,21.857000,21.857000,,,19.560000,19.534000,19.509000,19.484000,19.460000,,,23.414000,23.611000,25.928000,24.266000,24.956000,,,,,,,,,,,,,,,,
9.9500,23.285000,23.285000,23.285000,23.285000,23.285000,,,23.285000,23.285000,23.285000,23.285000,23.285000,,,21.857000,21.857000,21.857000,21.857000,21.857000,,,19.560000,19.534000,19.509000,19.484000,19.460000,,,23.414000,23.611000,25.928000,24.266000,24.956000,,,,,,,,,,,,,,,,
9.9600,23.285000,23.285000,23.285000,23.285000,23.285000,,,23.285000,23.285000,23.285000,23.285000,23.285000,,,21.857000,21.857000,21.857000,21.857000,21.857000,,,19.560000,19.534000,19.509000,19.484000,19.460000,,,23.414000,23.611000,25.928000,24.266000,24.956000,,,,,,,,,,,,,,,,
9.9700,23.285000,23.285000,23.285000,23.285000,23.285000,,,23.285000,23.285000,23.285000,23.285000,23.285000,,,21.857000,21.857000,21.857000,21.857000,21.857000,,,19.560000,19.534000,19.509000,19.484000,19.460000,,,23.414000,23.611000,25.928000,24.266000,24.956000,,,,,,,,,,,,,,,,
9.9800,23.285000,23.285000,23.285000,23.285000,23.285000,,,23.285000,23.285000,23.285000,23.285000,23.285000,,,21.857000,21.857000,21.857000,21.857000,21.857000,,,19.560000,19.534000,19.509000,19.484000,19.460000,,,23.414000,23.611000,25.928000,24.266000,24.956000,,,,,,,,,,,,,,,,
9.9900,23.285000,23.285000,23.285000,23.285000,23.285000,,,23.285000,23.285000,23.285000,23.285000,23.285000,,,21.857000,21.857000,21.857000,21.857000,21.857000,,,19.560000,19.534000,19.509000,19.484000,19.460000,,,23.414000,23.611000,25.928000,24.266000,24.956000,,,,,,,,,,,,,,,,
10.0000,23.285000,23.285000,23.285000,23.285000,23.285000,,,23.285000,23.285000,23.285000,23.285000,23.285000,,,21.857000,21.857000,21.857000,21.857000,21.857000,,,19.560000,19.534000,19.509000,19.484000,19.460000,,,23.414000,23.611000,25.928000,24.266000,24.956000,,,,,,,,,,,,,,,,
10.0100,23.285000,23.285000,23.285000,23.285000,23.285000,,,23.285000,23.285000,23.285000,23.285000,23.285000,,,21.857000,21.857000,21.857000,21.857000,21.857000,,,19.560000,19.534000,19.509000,19.484000,19.460000,,,23.414000,23.611000,25.928000,24.266000,24.956000,,,,,,,,,,,,,,,,
10.0200,23.285000,23.285000,23.285000,23.285000,23.285000,,,23.285000,23.285000,23.285000,23.285000,23.285000,,,21.857000,21.857000,21.857000,21.857000,21.857000,,,19.560000,19.534000,19.509000,19.484000,19.460000,,,23.414000,23.611000,25.928000,24.266000,24.956000,,,,,,,,,,,,,,,,
10.0300,23.285000,23.285000,23.285000,23.285000,23.285000,,,23.285000,23.285000,23.285000,23.285000,23.285000,,,21.857000,21.857000,21.857000,21.857000,21.857000,,,19.560000,19.534000,19.509000,19.484000,19.460000,,,23.414000,23.611000,25.928000,24.266000,24.956000,,,,,,,,,,,,,,,,
10.0400,23.285000,23.285000,23.285000,23.285000,23.285000,,,23.285000,23.285000,23.285000,23.285000,23.285000,,,21.857000,21.857000,21.857000,21.857000,21.857000,,,19.560000,19.534000,19.509000,19.484000,19.460000,,,23.414000,23.611000,25.928000,24.266000,24.956000,,,,,,,,,,,,,,,,
10.0500,23.285000,23.285000,23.285000,23.285000,23.285000,,,23.285000,23.285000,23.285000,23.285000,23.285000,,,21.857000,21.857000,21.857000,21.857000,21.857000,,,19.560000,19.534000,19.509000,19.484000,19.460000,,,23.414000,23.611000,25.928000,24.266000,24.956000,,,,,,,,,,,,,,,,
10.0600,23.285000,23.285000,23.285000,23.285000,23.285000,,,23.285000,23.285000,23.285000,23.285000,23.285000,,,21.857000,21.857000,21.857000,21.857000,21.857000,,,19.560000,19.534000,19.509000,19.484000,19.460000,,,23.414000,23.611000,25.928000,24.266000,24.956000,,,,,,,,,,,,,,,,
10.0700,23.285000,23.285000,23.285000,23.285000,23.285000,,,23.285000,23.285000,23.285000,23.285000,23.285000,,,21.857000,21.857000,21.857000,21.857000,21.857000,,,19.560000,19.534000,19.509000,19.484000,19.460000,,,23.414000,23.611000,25.928000,24.266000,24.956000,,,,,,,,,,,,,,,,
10.0800,23.285000,23.285000,23.285000,23.285000,23.285000,,,23.285000,23.285000,23.285000,23.285000,23.285000,,,21.857000,21.857000,21.857000,21.857000,21.857000,,,19.560000,19.534000,19.509000,19.484000,19.460000,,,23.414000,23.611000,25.928000,24.266000,24.956000,,,,,,,,,,,,,,,,
10.0900,23.285000,23.285000,23.285000,23.285000,23.285000,,,23.285000,23.285000,23.285000,23.285000,23.285000,,,21.857000,21.857000,21.857000,21.857000,21.857000,,,19.560000,19.534000,19.509000,19.484000,19.460000,,,23.414000,23.611000,25.928000,24.266000,24.956000,,,,,,,,,,,,,,,,
10.1000,23.285000,23.285000,23.285000,23.285000,23.285000,,,23.285000,23.285000,23.285000,23.285000,23.285000,,,21.857000,21.857000,21.857000,21.857000,21.857000,,,19.560000,19.534000,19.509000,19.484000,19.460000,,,23.414000,23.611000,25.928000,24.266000,24.956000,,,,,,,,,,,,,,,,
10.1100,23.285000,23.285000,23.285000,23.285000,23.285000,,,23.285000,23.285000,23.285000,23.285000,23.285000,,,21.857000,21.857000,21.857000,21.857000,21.857000,,,19.560000,19.534000,19.509000,19.484000,19.460000,,,23.414000,23.611000,25.928000,24.266000,24.956000,,,,,,,,,,,,,,,,
10.1200,23.285000,23.285000,23.285000,23.285000,23.285000,,,23.285000,23.285000,23.285000,23.285000,23.285000,,,21.857000,21.857000,21.857000,21.857000,21.857000,,,19.560000,19.534000,19.509000,19.484000,19.460000,,,23.414000,23.611000,25.928000,24.266000,24.956000,,,,,,,,,,,,,,,,
10.1300,23.285000,23.285000,23.285000,23.285000,23.285000,,,23.285000,23.285000,23.285000,23.285000,23.285000,,,21.857000,21.857000,21.857000,21.857000,21.857000,,,19.560000,19.534000,19.509000,19.484000,19.460000,,,23.414000,23.611000,25.928000,24.266000,24.956000,,,,,,,,,,,,,,,,
10.1400,23.285000,23.285000,23.285000,23.285000,23.285000,,,23.285000,23.285000,23.285000,23.285000,23.285000,,,21.857000,21.857000,21.857000,21.857000,21.857000,,,19.560000,19.534000,19.509000,19.484000,19.460000,,,23.414000,23.611000,25.928000,24.266000,24.956000,,,,,,,,,,,,,,,,
10.1500,23.285000,23.285000,23.285000,23.285000,23.285000,,,23.285000,23.285000,23.285000,23.285000,23.285000,,,21.857000,21.857000,21.857000,21.857000,21.857000,,,19.560000,19.534000,19.509000,19.484000,19.460000,,,23.414000,23.611000,25.928000,24.266000,24.956000,,,,,,,,,,,,,,,,
10.1600,23.285000,23.285000,23.285000,23.285000,23.285000,,,23.285000,23.285000,23.285000,23.285000,23.285000,,,21.857000,21.857000,21.857000,21.857000,21.857000,,,19.560000,19.534000,19.509000,19.484000,19.460000,,,23.414000,23.611000,25.928000,24.266000,24.956000,,,,,,,,,,,,,,,,
10.1700,23.285000,23.285000,23.285000,23.285000,23.285000,,,23.285000,23.285000,23.285000,23.285000,23.285000,,,21.857000,21.857000,21.857000,21.857000,21.857000,,,19.560000,19.534000,19.509000,19.484000,19.460000,,,23.414000,23.611000,25.928000,24.266000,24.956000,,,,,,,,,,,,,,,,
10.1800,23.285000,23.285000,23.285000,23.285000,23.285000,,,23.285000,23.285000,23.285000,23.285000,23.285000,,,21.857000,21.857000,21.857000,21.857000,21.857000,,,19.560000,19.534000,19.509000,19.484000,19.460000,,,23.414000,23.611000,25.928000,24.266000,24.956000,,,,,,,,,,,,,,,,
10.1900,23.285000,23.285000,23.285000,23.285000,23.285000,,,23.285000,23.285000,23.285000,23.285000,23.285000,,,21.857000,21.857000,21.857000,21.857000,21.857000,,,19.560000,19.534000,19.509000,19.484000,19.460000,,,23.414000,23.611000,25.928000,24.266000,24.956000,,,,,,,,,,,,,,,,
10.2000,23.285000,23.285000,23.285000,23.285000,23.285000,,,23.285000,23.285000,23.285000,23.285000,23.285000,,,21.857000,21.857000,21.857000,21.857000,21.857000,,,19.560000,19.534000,19.509000,19.484000,19.460000,,,23.414000,23.611000,25.928000,24.266000,24.956000,,,,,,,,,,,,,,,,
10.2100,23.285000,23.285000,23.285000,23.285000,23.285000,,,23.285000,23.285000,23.285000,23.285000,23.285000,,,21.857000,21.857000,21.857000,21.857000,21.857000,,,19.560000,19.534000,19.509000,19.484000,19.460000,,,23.414000,23.611000,25.928000,24.266000,24.956000,,,,,,,,,,,,,,,,
10.2200,23.285000,23.285000,23.285000,23.285000,23.285000,,,23.285000,23.285000,23.285000,23.285000,23.285000,,,21.857000,21.857000,21.857000,21.857000,21.857000,,,19.560000,19.534000,19.509000,19.484000,19.460000,,,23.414000,23.611000,25.928000,24.266000,24.956000,,,,,,,,,,,,,,,,
10.2300,23.285000,23.285000,23.285000,23.285000,23.285000,,,23.285000,23.285000,23.285000,23.285000,23.285000,,,21.857000,21.857000,21.857000,21.857000,21.857000,,,19.560000,19.534000,19.509000,19.484000,19.460000,,,23.414000,23.611000,25.928000,24.266000,24.956000,,,,,,,,,,,,,,,,
10.2400,23.285000,23.285000,23.285000,23.285000,23.285000,,,23.285000,23.285000,23.285000,23.285000,23.285000,,,21.857000,21.857000,21.857000,21.857000,21.857000,,,19.560000,19.534000,19.509000,19.484000,19.460000,,,23.414000,23.611000,25.928000,24.266000,24.956000,,,,,,,,,,,,,,,,
10.2500,23.285000,23.285000,23.285000,23.285000,23.285000,,,23.285000,23.285000,23.285000,23.285000,23.285000,,,21.857000,21.857000,21.857000,21.857000,21.857000,,,19.560000,19.534000,19.509000,19.484000,19.460000,,,23.414000,23.611000,25.928000,24.266000,24.956000,,,,,,,,,,,,,,,,
10.2600,23.285000,23.285000,23.285000,23.285000,23.285000,,,23.285000,23.285000,23.285000,23.285000,23.285000,,,21.857000,21.857000,21.857000,21.857000,21.857000,,,19.560000,19.534000,19.509000,19.484000,19.460000,,,23.414000,23.611000,25.928000,24.266000,24.956000,,,,,,,,,,,,,,,,
10.2700,23.285000,23.285000,23.285000,23.285000,23.285000,,,23.285000,23.285000,23.285000,23.285000,23.285000,,,21.857000,21.857000,21.857000,21.857000,21.857000,,,19.560000,19.534000,19.509000,19.484000,19.460000,,,23.414000,23.611000,25.928000,24.266000,24.956000,,,,,,,,,,,,,,,,
10.2800,23.285000,23.285000,23.285000,23.285000,23.285000,,,23.285000,23.285000,23.285000,23.285000,23.285000,,,21.857000,21.857000,21.857000,21.857000,21.857000,,,19.560000,19.534000,19.509000,19.484000,19.460000,,,23.414000,23.611000,25.928000,24.266000,24.956000,,,,,,,,,,,,,,,,
10.2900,23.285000,23.285000,23.285000,23.285000,23.285000,,,23.285000,23.285000,23.285000,23.285000,23.285000,,,21.857000,21.857000,21.857000,21.857000,21.857000,,,19.560000,19.534000,19.509000,19.484000,19.460000,,,23.414000,23.611000,25.928000,24.266000,24.956000,,,,,,,,,,,,,,,,
10.3000,23.285000,23.285000,23.285000,23.285000,23.285000,,,23.285000,23.285000,23.285000,23.285000,23.285000,,,21.857000,21.857000,21.857000,21.857000,21.857000,,,19.560000,19.534000,19.509000,19.484000,19.460000,,,23.414000,23.611000,25.928000,24.266000,24.956000,,,,,,,,,,,,,,,,
10.3100,23.285000,23.285000,23.285000,23.285000,23.285000,,,23.285000,23.285000,23.285000,23.285000,23.285000,,,21.857000,21.857000,21.857000,21.857000,21.857000,,,19.560000,19.534000,19.509000,19.484000,19.460000,,,23.414000,23.611000,25.928000,24.266000,24.956000,,,,,,,,,,,,,,,,
10.3200,23.285000,23.285000,23.285000,23.285000,23.285000,,,23.285000,23.285000,23.285000,23.285000,23.285000,,,21.857000,21.857000,21.857000,21.857000,21.857000,,,19.560000,19.534000,19.509000,19.484000,19.460000,,,23.414000,23.611000,25.928000,24.266000,24.956000,,,,,,,,,,,,,,,,
10.3300,23.285000,23.285000,23.285000,23.285000,23.285000,,,23.285000,23.285000,23.285000,23.285000,23.285000,,,21.857000,21.857000,21.857000,21.857000,21.857000,,,19.560000,19.534000,19.509000,19.484000,19.460000,,,23.414000,23.611000,25.928000,24.266000,24.956000,,,,,,,,,,,,,,,,
10.3400,23.285000,23.285000,23.285000,23.285000,23.285000,,,23.285000,23.285000,23.285000,23.285000,23.285000,,,21.857000,21.857000,21.857000,21.857000,21.857000,,,19.560000,19.534000,19.509000,19.484000,19.460000,,,23.414000,23.611000,25.928000,24.266000,24.956000,,,,,,,,,,,,,,,,
10.3500,23.285000,23.285000,23.285000,23.285000,23.285000,,,23.285000,23.285000,23.285000,23.285000,23.285000,,,21.857000,21.857000,21.857000,21.857000,21.857000,,,19.560000,19.534000,19.509000,19.484000,19.460000,,,23.414000,23.611000,25.928000,24.266000,24.956000,,,,,,,,,,,,,,,,
10.3600,23.285000,23.285000,23.285000,23.285000,23.285000,,,23.285000,23.285000,23.285000,23.285000,23.285000,,,21.857000,21.857000,21.857000,21.857000,21.857000,,,19.560000,19.534000,19.509000,19.484000,19.460000,,,23.414000,23.611000,25.928000,24.266000,24.956000,,,,,,,,,,,,,,,,
10.3700,23.285000,23.285000,23.285000,23.285000,23.285000,,,23.285000,23.285000,23.285000,23.285000,23.285000,,,21.857000,21.857000,21.857000,21.857000,21.857000,,,19.560000,19.534000,19.509000,19.484000,19.460000,,,23.414000,23.611000,25.928000,24.266000,24.956000,,,,,,,,,,,,,,,,
10.3800,23.285000,23.285000,23.285000,23.285000,23.285000,,,23.285000,23.285000,23.285000,23.285000,23.285000,,,21.857000,21.857000,21.857000,21.857000,21.857000,,,19.560000,19.534000,19.509000,19.484000,19.460000,,,23.414000,23.611000,25.928000,24.266000,24.956000,,,,,,,,,,,,,,,,
10.3900,23.285000,23.285000,23.285000,23.285000,23.285000,,,23.285000,23.285000,23.285000,23.285000,23.285000,,,21.857000,21.857000,21.857000,21.857000,21.857000,,,19.560000,19.534000,19.509000,19.484000,19.460000,,,23.414000,23.611000,25.928000,24.266000,24.956000,,,,,,,,,,,,,,,,
10.4000,23.285000,23.285000,23.285000,23.285000,23.285000,,,23.285000,23.285000,23.285000,23.285000,23.285000,,,21.857000,21.857000,21.857000,21.857000,21.857000,,,19.560000,19.534000,19.509000,19.484000,19.460000,,,23.414000,23.611000,25.928000,24.266000,24.956000,,,,,,,,,,,,,,,,
10.4100,23.285000,23.285000,23.285000,23.285000,23.285000,,,23.285000,23.285000,23.285000,23.285000,23.285000,,,21.857000,21.857000,21.857000,21.857000,21.857000,,,19.560000,19.534000,19.509000,19.484000,19.460000,,,23.414000,23.611000,25.928000,24.266000,24.956000,,,,,,,,,,,,,,,,
10.4200,23.285000,23.285000,23.285000,23.285000,23.285000,,,23.285000,23.285000,23.285000,23.285000,23.285000,,,21.857000,21.857000,21.857000,21.857000,21.857000,,,19.560000,19.534000,19.509000,19.484000,19.460000,,,23.414000,23.611000,25.928000,24.266000,24.956000,,,,,,,,,,,,,,,,
10.4300,23.285000,23.285000,23.285000,23.285000,23.285000,,,23.285000,23.285000,23.285000,23.285000,23.285000,,,21.857000,21.857000,21.857000,21.857000,21.857000,,,19.560000,19.534000,19.509000,19.484000,19.460000,,,23.414000,23.611000,25.928000,24.266000,24.956000,,,,,,,,,,,,,,,,
10.4400,23.285000,23.285000,23.285000,23.285000,23.285000,,,23.285000,23.285000,23.285000,23.285000,23.285000,,,21.857000,21.857000,21.857000,21.857000,21.857000,,,19.560000,19.534000,19.509000,19.484000,19.460000,,,23.414000,23.611000,25.928000,24.266000,24.956000,,,,,,,,,,,,,,,,
10.4500,23.285000,23.285000,23.285000,23.285000,23.285000,,,23.285000,23.285000,23.285000,23.285000,23.285000,,,21.857000,21.857000,21.857000,21.857000,21.857000,,,19.560000,19.534000,19.509000,19.484000,19.460000,,,23.414000,23.611000,25.928000,24.266000,24.956000,,,,,,,,,,,,,,,,
10.4600,23.285000,23.285000,23.285000,23.285000,23.285000,,,23.285000,23.285000,23.285000,23.285000,23.285000,,,21.857000,21.857000,21.857000,21.857000,21.857000,,,19.560000,19.534000,19.509000,19.484000,19.460000,,,23.414000,23.611000,25.928000,24.266000,24.956000,,,,,,,,,,,,,,,,
10.4700,23.285000,23.285000,23.285000,23.285000,23.285000,,,23.285000,23.285000,23.285000,23.285000,23.285000,,,21.857000,21.857000,21.857000,21.857000,21.857000,,,19.560000,19.534000,19.509000,19.484000,19.460000,,,23.414000,23.611000,25.928000,24.266000,24.956000,,,,,,,,,,,,,,,,
10.4800,23.285000,23.285000,23.285000,23.285000,23.285000,,,23.285000,23.285000,23.285000,23.285000,23.285000,,,21.857000,21.857000,21.857000,21.857000,21.857000,,,19.560000,19.534000,19.509000,19.484000,19.460000,,,23.414000,23.611000,25.928000,24.266000,24.956000,,,,,,,,,,,,,,,,
10.4900,23.285000,23.285000,23.285000,23.285000,23.285000,,,23.285000,23.285000,23.285000,23.285000,23.285000,,,21.857000,21.857000,21.857000,21.857000,21.857000,,,19.560000,19.534000,19.509000,19.484000,19.460000,,,23.414000,23.611000,25.928000,24.266000,24.956000,,,,,,,,,,,,,,,,
10.5000,23.285000,23.285000,23.285000,23.285000,23.285000,,,23.285000,23.285000,23.285000,23.285000,23.285000,,,21.857000,21.857000,21.857000,21.857000,21.857000,,,19.560000,19.534000,19.509000,19.484000,19.460000,,,23.414000,23.611000,25.928000,24.266000,24.956000,,,,,,,,,,,,,,,,
10.5100,23.285000,23.285000,23.285000,23.285000,23.285000,,,23.285000,23.285000,23.285000,23.285000,23.285000,,,21.857000,21.857000,21.857000,21.857000,21.857000,,,19.560000,19.534000,19.509000,19.484000,19.460000,,,23.414000,23.611000,25.928000,24.266000,24.956000,,,,,,,,,,,,,,,,
10.5200,23.285000,23.285000,23.285000,23.285000,23.285000,,,23.285000,23.285000,23.285000,23.285000,23.285000,,,21.857000,21.857000,21.857000,21.857000,21.857000,,,19.560000,19.534000,19.509000,19.484000,19.460000,,,23.414000,23.611000,25.928000,24.266000,24.956000,,,,,,,,,,,,,,,,
10.5300,23.285000,23.285000,23.285000,23.285000,23.285000,,,23.285000,23.285000,23.285000,23.285000,23.285000,,,21.857000,21.857000,21.857000,21.857000,21.857000,,,19.560000,19.534000,19.509000,19.484000,19.460000,,,23.414000,23.611000,25.928000,24.266000,24.956000,,,,,,,,,,,,,,,,
10.5400,23.285000,23.285000,23.285000,23.285000,23.285000,,,23.285000,23.285000,23.285000,23.285000,23.285000,,,21.857000,21.857000,21.857000,21.857000,21.857000,,,19.560000,19.534000,19.509000,19.484000,19.460000,,,23.414000,23.611000,25.928000,24.266000,24.956000,,,,,,,,,,,,,,,,
10.5500,23.285000,23.285000,23.285000,23.285000,23.285000,,,23.285000,23.285000,23.285000,23.285000,23.285000,,,21.857000,21.857000,21.857000,21.857000,21.857000,,,19.560000,19.534000,19.509000,19.484000,19.460000,,,23.414000,23.611000,25.928000,24.266000,24.956000,,,,,,,,,,,,,,,,
10.5600,23.285000,23.285000,23.285000,23.285000,23.285000,,,23.285000,23.285000,23.285000,23.285000,23.285000,,,21.857000,21.857000,21.857000,21.857000,21.857000,,,19.560000,19.534000,19.509000,19.484000,19.460000,,,23.414000,23.611000,25.928000,24.266000,24.956000,,,,,,,,,,,,,,,,
10.5700,23.285000,23.285000,23.285000,23.285000,23.285000,,,23.285000,23.285000,23.285000,23.285000,23.285000,,,21.857000,21.857000,21.857000,21.857000,21.857000,,,19.560000,19.534000,19.509000,19.484000,19.460000,,,23.414000,23.611000,25.928000,24.266000,24.956000,,,,,,,,,,,,,,,,
10.5800,23.285000,23.285000,23.285000,23.285000,23.285000,,,23.285000,23.285000,23.285000,23.285000,23.285000,,,21.857000,21.857000,21.857000,21.857000,21.857000,,,19.560000,19.534000,19.509000,19.484000,19.460000,,,23.414000,23.611000,25.928000,24.266000,24.956000,,,,,,,,,,,,,,,,
10.5900,23.285000,23.285000,23.285000,23.285000,23.285000,,,23.285000,23.285000,23.285000,23.285000,23.285000,,,21.857000,21.857000,21.857000,21.857000,21.857000,,,19.560000,19.534000,19.509000,19.484000,19.460000,,,23.414000,23.611000,25.928000,24.266000,24.956000,,,,,,,,,,,,,,,,
10.6000,23.285000,23.285000,23.285000,23.285000,23.285000,,,23.285000,23.285000,23.285000,23.285000,23.285000,,,21.857000,21.857000,21.857000,21.857000,21.857000,,,19.560000,19.534000,19.509000,19.484000,19.460000,,,23.414000,23.611000,25.928000,24.266000,24.956000,,,,,,,,,,,,,,,,
10.6100,23.285000,23.285000,23.285000,23.285000,23.285000,,,23.285000,23.285000,23.285000,23.285000,23.285000,,,21.857000,21.857000,21.857000,21.857000,21.857000,,,19.560000,19.534000,19.509000,19.484000,19.460000,,,23.414000,23.611000,25.928000,24.266000,24.956000,,,,,,,,,,,,,,,,
10.6200,23.285000,23.285000,23.285000,23.285000,23.285000,,,23.285000,23.285000,23.285000,23.285000,23.285000,,,21.857000,21.857000,21.857000,21.857000,21.857000,,,19.560000,19.534000,19.509000,19.484000,19.460000,,,23.414000,23.611000,25.928000,24.266000,24.956000,,,,,,,,,,,,,,,,
10.6300,23.285000,23.285000,23.285000,23.285000,23.285000,,,23.285000,23.285000,23.285000,23.285000,23.285000,,,21.857000,21.857000,21.857000,21.857000,21.857000,,,19.560000,19.534000,19.509000,19.484000,19.460000,,,23.414000,23.611000,25.928000,24.266000,24.956000,,,,,,,,,,,,,,,,
10.6400,23.285000,23.285000,23.285000,23.285000,23.285000,,,23.285000,23.285000,23.285000,23.285000,23.285000,,,21.857000,21.857000,21.857000,21.857000,21.857000,,,19.560000,19.534000,19.509000,19.484000,19.460000,,,23.414000,23.611000,25.928000,24.266000,24.956000,,,,,,,,,,,,,,,,
10.6500,23.285000,23.285000,23.285000,23.285000,23.285000,,,23.285000,23.285000,23.285000,23.285000,23.285000,,,21.857000,21.857000,21.857000,21.857000,21.857000,,,19.560000,19.534000,19.509000,19.484000,19.460000,,,23.414000,23.611000,25.928000,24.266000,24.956000,,,,,,,,,,,,,,,,
10.6600,23.285000,23.285000,23.285000,23.285000,23.285000,,,23.285000,23.285000,23.285000,23.285000,23.285000,,,21.857000,21.857000,21.857000,21.857000,21.857000,,,19.560000,19.534000,19.509000,19.484000,19.460000,,,23.414000,23.611000,25.928000,24.266000,24.956000,,,,,,,,,,,,,,,,
10.6700,23.285000,23.285000,23.285000,23.285000,23.285000,,,23.285000,23.285000,23.285000,23.285000,23.285000,,,21.857000,21.857000,21.857000,21.857000,21.857000,,,19.560000,19.534000,19.509000,19.484000,19.460000,,,23.414000,23.611000,25.928000,24.266000,24.956000,,,,,,,,,,,,,,,,
10.6800,23.285000,23.285000,23.285000,23.285000,23.285000,,,23.285000,23.285000,23.285000,23.285000,23.285000,,,21.857000,21.857000,21.857000,21.857000,21.857000,,,19.560000,19.534000,19.509000,19.484000,19.460000,,,23.414000,23.611000,25.928000,24.266000,24.956000,,,,,,,,,,,,,,,,
10.6900,23.285000,23.285000,23.285000,23.285000,23.285000,,,23.285000,23.285000,23.285000,23.285000,23.285000,,,21.857000,21.857000,21.857000,21.857000,21.857000,,,19.560000,19.534000,19.509000,19.484000,19.460000,,,23.414000,23.611000,25.928000,24.266000,24.956000,,,,,,,,,,,,,,,,
10.7000,23.285000,23.285000,23.285000,23.285000,23.285000,,,23.285000,23.285000,23.285000,23.285000,23.285000,,,21.857000,21.857000,21.857000,21.857000,21.857000,,,19.560000,19.534000,19.509000,19.484000,19.460000,,,23.414000,23.611000,25.928000,24.266000,24.956000,,,,,,,,,,,,,,,,
10.7100,23.285000,23.285000,23.285000,23.285000,23.285000,,,23.285000,23.285000,23.285000,23.285000,23.285000,,,21.857000,21.857000,21.857000,21.857000,21.857000,,,19.560000,19.534000,19.509000,19.484000,19.460000,,,23.414000,23.611000,25.928000,24.266000,24.956000,,,,,,,,,,,,,,,,
10.7200,23.285000,23.285000,23.285000,23.285000,23.285000,,,23.285000,23.285000,23.285000,23.285000,23.285000,,,21.857000,21.857000,21.857000,21.857000,21.857000,,,19.560000,19.534000,19.509000,19.484000,19.460000,,,23.414000,23.611000,25.928000,24.266000,24.956000,,,,,,,,,,,,,,,,
10.7300,23.285000,23.285000,23.285000,23.285000,23.285000,,,23.285000,23.285000,23.285000,23.285000,23.285000,,,21.857000,21.857000,21.857000,21.857000,21.857000,,,19.560000,19.534000,19.509000,19.484000,19.460000,,,23.414000,23.611000,25.928000,24.266000,24.956000,,,,,,,,,,,,,,,,
10.7400,23.285000,23.285000,23.285000,23.285000,23.285000,,,23.285000,23.285000,23.285000,23.285000,23.285000,,,21.857000,21.857000,21.857000,21.857000,21.857000,,,19.560000,19.534000,19.509000,19.484000,19.460000,,,23.414000,23.611000,25.928000,24.266000,24.956000,,,,,,,,,,,,,,,,
10.7500,23.285000,23.285000,23.285000,23.285000,23.285000,,,23.285000,23.285000,23.285000,23.285000,23.285000,,,21.857000,21.857000,21.857000,21.857000,21.857000,,,19.560000,19.534000,19.509000,19.484000,19.460000,,,23.414000,23.611000,25.928000,24.266000,24.956000,,,,,,,,,,,,,,,,
10.7600,23.285000,23.285000,23.285000,23.285000,23.285000,,,23.285000,23.285000,23.285000,23.285000,23.285000,,,21.857000,21.857000,21.857000,21.857000,21.857000,,,19.560000,19.534000,19.509000,19.484000,19.460000,,,23.414000,23.611000,25.928000,24.266000,24.956000,,,,,,,,,,,,,,,,
10.7700,23.285000,23.285000,23.285000,23.285000,23.285000,,,23.285000,23.285000,23.285000,23.285000,23.285000,,,21.857000,21.857000,21.857000,21.857000,21.857000,,,19.560000,19.534000,19.509000,19.484000,19.460000,,,23.414000,23.611000,25.928000,24.266000,24.956000,,,,,,,,,,,,,,,,
10.7800,23.285000,23.285000,23.285000,23.285000,23.285000,,,23.285000,23.285000,23.285000,23.285000,23.285000,,,21.857000,21.857000,21.857000,21.857000,21.857000,,,19.560000,19.534000,19.509000,19.484000,19.460000,,,23.414000,23.611000,25.928000,24.266000,24.956000,,,,,,,,,,,,,,,,
10.7900,23.285000,23.285000,23.285000,23.285000,23.285000,,,23.285000,23.285000,23.285000,23.285000,23.285000,,,21.857000,21.857000,21.857000,21.857000,21.857000,,,19.560000,19.534000,19.509000,19.484000,19.460000,,,23.414000,23.611000,25.928000,24.266000,24.956000,,,,,,,,,,,,,,,,
10.8000,23.285000,23.285000,23.285000,23.285000,23.285000,,,23.285000,23.285000,23.285000,23.285000,23.285000,,,21.857000,21.857000,21.857000,21.857000,21.857000,,,19.560000,19.534000,19.509000,19.484000,19.460000,,,23.414000,23.611000,25.928000,24.266000,24.956000,,,,,,,,,,,,,,,,
10.8100,23.285000,23.285000,23.285000,23.285000,23.285000,,,23.285000,23.285000,23.285000,23.285000,23.285000,,,21.857000,21.857000,21.857000,21.857000,21.857000,,,19.560000,19.534000,19.509000,19.484000,19.460000,,,23.414000,23.611000,25.928000,24.266000,24.956000,,,,,,,,,,,,,,,,
10.8200,23.285000,23.285000,23.285000,23.285000,23.285000,,,23.285000,23.285000,23.285000,23.285000,23.285000,,,21.857000,21.857000,21.857000,21.857000,21.857000,,,19.560000,19.534000,19.509000,19.484000,19.460000,,,23.414000,23.611000,25.928000,24.266000,24.956000,,,,,,,,,,,,,,,,
10.8300,23.285000,23.285000,23.285000,23.285000,23.285000,,,23.285000,23.285000,23.285000,23.285000,23.285000,,,21.857000,21.857000,21.857000,21.857000,21.857000,,,19.560000,19.534000,19.509000,19.484000,19.460000,,,23.414000,23.611000,25.928000,24.266000,24.956000,,,,,,,,,,,,,,,,
10.8400,23.285000,23.285000,23.285000,23.285000,23.285000,,,23.285000,23.285000,23.285000,23.285000,23.285000,,,21.857000,21.857000,21.857000,21.857000,21.857000,,,19.560000,19.534000,19.509000,19.484000,19.460000,,,23.414000,23.611000,25.928000,24.266000,24.956000,,,,,,,,,,,,,,,,
10.8500,23.285000,23.285000,23.285000,23.285000,23.285000,,,23.285000,23.285000,23.285000,23.285000,23.285000,,,21.857000,21.857000,21.857000,21.857000,21.857000,,,19.560000,19.534000,19.509000,19.484000,19.460000,,,23.414000,23.611000,25.928000,24.266000,24.956000,,,,,,,,,,,,,,,,
10.8600,23.285000,23.285000,23.285000,23.285000,23.285000,,,23.285000,23.285000,23.285000,23.285000,23.285000,,,21.857000,21.857000,21.857000,21.857000,21.857000,,,19.560000,19.534000,19.509000,19.484000,19.460000,,,23.414000,23.611000,25.928000,24.266000,24.956000,,,,,,,,,,,,,,,,
10.8700,23.285000,23.285000,23.285000,23.285000,23.285000,,,23.285000,23.285000,23.285000,23.285000,23.285000,,,21.857000,21.857000,21.857000,21.857000,21.857000,,,19.560000,19.534000,19.509000,19.484000,19.460000,,,23.414000,23.611000,25.928000,24.266000,24.956000,,,,,,,,,,,,,,,,
10.8800,23.285000,23.285000,23.285000,23.285000,23.285000,,,23.285000,23.285000,23.285000,23.285000,23.285000,,,21.857000,21.857000,21.857000,21.857000,21.857000,,,19.560000,19.534000,19.509000,19.484000,19.460000,,,23.414000,23.611000,25.928000,24.266000,24.956000,,,,,,,,,,,,,,,,
10.8900,23.285000,23.285000,23.285000,23.285000,23.285000,,,23.285000,23.285000,23.285000,23.285000,23.285000,,,21.857000,21.857000,21.857000,21.857000,21.857000,,,19.560000,19.534000,19.509000,19.484000,19.460000,,,23.414000,23.611000,25.928000,24.266000,24.956000,,,,,,,,,,,,,,,,
10.9000,23.285000,23.285000,23.285000,23.285000,23.285000,,,23.285000,23.285000,23.285000,23.285000,23.285000,,,21.857000,21.857000,21.857000,21.857000,21.857000,,,19.560000,19.534000,19.509000,19.484000,19.460000,,,23.414000,23.611000,25.928000,24.266000,24.956000,,,,,,,,,,,,,,,,
10.9100,23.285000,23.285000,23.285000,23.285000,23.285000,,,23.285000,23.285000,23.285000,23.285000,23.285000,,,21.857000,21.857000,21.857000,21.857000,21.857000,,,19.560000,19.534000,19.509000,19.484000,19.460000,,,23.414000,23.611000,25.928000,24.266000,24.956000,,,,,,,,,,,,,,,,
10.9200,23.285000,23.285000,23.285000,23.285000,23.285000,,,23.285000,23.285000,23.285000,23.285000,23.285000,,,21.857000,21.857000,21.857000,21.857000,21.857000,,,19.560000,19.534000,19.509000,19.484000,19.460000,,,23.414000,23.611000,25.928000,24.266000,24.956000,,,,,,,,,,,,,,,,
10.9300,23.285000,23.285000,23.285000,23.285000,23.285000,,,23.285000,23.285000,23.285000,23.285000,23.285000,,,21.857000,21.857000,21.857000,21.857000,21.857000,,,19.560000,19.534000,19.509000,19.484000,19.460000,,,23.414000,23.611000,25.928000,24.266000,24.956000,,,,,,,,,,,,,,,,
10.9400,23.285000,23.285000,23.285000,23.285000,23.285000,,,23.285000,23.285000,23.285000,23.285000,23.285000,,,21.857000,21.857000,21.857000,21.857000,21.857000,,,19.560000,19.534000,19.509000,19.484000,19.460000,,,23.414000,23.611000,25.928000,24.266000,24.956000,,,,,,,,,,,,,,,,
10.9500,23.285000,23.285000,23.285000,23.285000,23.285000,,,23.285000,23.285000,23.285000,23.285000,23.285000,,,21.857000,21.857000,21.857000,21.857000,21.857000,,,19.560000,19.534000,19.509000,19.484000,19.460000,,,23.414000,23.611000,25.928000,24.266000,24.956000,,,,,,,,,,,,,,,,
10.9600,23.285000,23.285000,23.285000,23.285000,23.285000,,,23.285000,23.285000,23.285000,23.285000,23.285000,,,21.857000,21.857000,21.857000,21.857000,21.857000,,,19.560000,19.534000,19.509000,19.484000,19.460000,,,23.414000,23.611000,25.928000,24.266000,24.956000,,,,,,,,,,,,,,,,
10.9700,23.285000,23.285000,23.285000,23.285000,23.285000,,,23.285000,23.285000,23.285000,23.285000,23.285000,,,21.857000,21.857000,21.857000,21.857000,21.857000,,,19.560000,19.534000,19.509000,19.484000,19.460000,,,23.414000,23.611000,25.928000,24.266000,24.956000,,,,,,,,,,,,,,,,
10.9800,23.285000,23.285000,23.285000,23.285000,23.285000,,,23.285000,23.285000,23.285000,23.285000,23.285000,,,21.857000,21.857000,21.857000,21.857000,21.857000,,,19.560000,19.534000,19.509000,19.484000,19.460000,,,23.414000,23.611000,25.928000,24.266000,24.956000,,,,,,,,,,,,,,,,
10.9900,23.285000,23.285000,23.285000,23.285000,23.285000,,,23.285000,23.285000,23.285000,23.285000,23.285000,,,21.857000,21.857000,21.857000,21.857000,21.857000,,,19.560000,19.534000,19.509000,19.484000,19.460000,,,23.414000,23.611000,25.928000,24.266000,24.956000,,,,,,,,,,,,,,,,
11.0000,23.285000,23.285000,23.285000,23.285000,23.285000,,,23.285000,23.285000,23.285000,23.285000,23.285000,,,21.857000,21.857000,21.857000,21.857000,21.857000,,,19.560000,19.534000,19.509000,19.484000,19.460000,,,23.414000,23.611000,25.928000,24.266000,24.956000,,,,,,,,,,,,,,,,
11.0100,23.285000,23.285000,23.285000,23.285000,23.285000,,,23.285000,23.285000,23.285000,23.285000,23.285000,,,21.857000,21.857000,21.857000,21.857000,21.857000,,,19.560000,19.534000,19.509000,19.484000,19.460000,,,23.414000,23.611000,25.928000,24.266000,24.956000,,,,,,,,,,,,,,,,
11.0200,23.285000,23.285000,23.285000,23.285000,23.285000,,,23.285000,23.285000,23.285000,23.285000,23.285000,,,21.857000,21.857000,21.857000,21.857000,21.857000,,,19.560000,19.534000,19.509000,19.484000,19.460000,,,23.414000,23.611000,25.928000,24.266000,24.956000,,,,,,,,,,,,,,,,
11.0300,23.285000,23.285000,23.285000,23.285000,23.285000,,,23.285000,23.285000,23.285000,23.285000,23.285000,,,21.857000,21.857000,21.857000,21.857000,21.857000,,,19.560000,19.534000,19.509000,19.484000,19.460000,,,23.414000,23.611000,25.928000,24.266000,24.956000,,,,,,,,,,,,,,,,
11.0400,23.285000,23.285000,23.285000,23.285000,23.285000,,,23.285000,23.285000,23.285000,23.285000,23.285000,,,21.857000,21.857000,21.857000,21.857000,21.857000,,,19.560000,19.534000,19.509000,19.484000,19.460000,,,23.414000,23.611000,25.928000,24.266000,24.956000,,,,,,,,,,,,,,,,
11.0500,23.285000,23.285000,23.285000,23.285000,23.285000,,,23.285000,23.285000,23.285000,23.285000,23.285000,,,21.857000,21.857000,21.857000,21.857000,21.857000,,,19.560000,19.534000,19.509000,19.484000,19.460000,,,23.414000,23.611000,25.928000,24.266000,24.956000,,,,,,,,,,,,,,,,
11.0600,23.285000,23.285000,23.285000,23.285000,23.285000,,,23.285000,23.285000,23.285000,23.285000,23.285000,,,21.857000,21.857000,21.857000,21.857000,21.857000,,,19.560000,19.534000,19.509000,19.484000,19.460000,,,23.414000,23.611000,25.928000,24.266000,24.956000,,,,,,,,,,,,,,,,
11.0700,23.285000,23.285000,23.285000,23.285000,23.285000,,,23.285000,23.285000,23.285000,23.285000,23.285000,,,21.857000,21.857000,21.857000,21.857000,21.857000,,,19.560000,19.534000,19.509000,19.484000,19.460000,,,23.414000,23.611000,25.928000,24.266000,24.956000,,,,,,,,,,,,,,,,
11.0800,23.285000,23.285000,23.285000,23.285000,23.285000,,,23.285000,23.285000,23.285000,23.285000,23.285000,,,21.857000,21.857000,21.857000,21.857000,21.857000,,,19.560000,19.534000,19.509000,19.484000,19.460000,,,23.414000,23.611000,25.928000,24.266000,24.956000,,,,,,,,,,,,,,,,
11.0900,23.285000,23.285000,23.285000,23.285000,23.285000,,,23.285000,23.285000,23.285000,23.285000,23.285000,,,21.857000,21.857000,21.857000,21.857000,21.857000,,,19.560000,19.534000,19.509000,19.484000,19.460000,,,23.414000,23.611000,25.928000,24.266000,24.956000,,,,,,,,,,,,,,,,
11.1000,23.285000,23.285000,23.285000,23.285000,23.285000,,,23.285000,23.285000,23.285000,23.285000,23.285000,,,21.857000,21.857000,21.857000,21.857000,21.857000,,,19.560000,19.534000,19.509000,19.484000,19.460000,,,23.414000,23.611000,25.928000,24.266000,24.956000,,,,,,,,,,,,,,,,
11.1100,23.285000,23.285000,23.285000,23.285000,23.285000,,,23.285000,23.285000,23.285000,23.285000,23.285000,,,21.857000,21.857000,21.857000,21.857000,21.857000,,,19.560000,19.534000,19.509000,19.484000,19.460000,,,23.414000,23.611000,25.928000,24.266000,24.956000,,,,,,,,,,,,,,,,
11.1200,23.285000,23.285000,23.285000,23.285000,23.285000,,,23.285000,23.285000,23.285000,23.285000,23.285000,,,21.857000,21.857000,21.857000,21.857000,21.857000,,,19.560000,19.534000,19.509000,19.484000,19.460000,,,23.414000,23.611000,25.928000,24.266000,24.956000,,,,,,,,,,,,,,,,
11.1300,23.285000,23.285000,23.285000,23.285000,23.285000,,,23.285000,23.285000,23.285000,23.285000,23.285000,,,21.857000,21.857000,21.857000,21.857000,21.857000,,,19.560000,19.534000,19.509000,19.484000,19.460000,,,23.414000,23.611000,25.928000,24.266000,24.956000,,,,,,,,,,,,,,,,
11.1400,23.285000,23.285000,23.285000,23.285000,23.285000,,,23.285000,23.285000,23.285000,23.285000,23.285000,,,21.857000,21.857000,21.857000,21.857000,21.857000,,,19.560000,19.534000,19.509000,19.484000,19.460000,,,23.414000,23.611000,25.928000,24.266000,24.956000,,,,,,,,,,,,,,,,
11.1500,23.285000,23.285000,23.285000,23.285000,23.285000,,,23.285000,23.285000,23.285000,23.285000,23.285000,,,21.857000,21.857000,21.857000,21.857000,21.857000,,,19.560000,19.534000,19.509000,19.484000,19.460000,,,23.414000,23.611000,25.928000,24.266000,24.956000,,,,,,,,,,,,,,,,
11.1600,23.285000,23.285000,23.285000,23.285000,23.285000,,,23.285000,23.285000,23.285000,23.285000,23.285000,,,21.857000,21.857000,21.857000,21.857000,21.857000,,,19.560000,19.534000,19.509000,19.484000,19.460000,,,23.414000,23.611000,25.928000,24.266000,24.956000,,,,,,,,,,,,,,,,
11.1700,23.285000,23.285000,23.285000,23.285000,23.285000,,,23.285000,23.285000,23.285000,23.285000,23.285000,,,21.857000,21.857000,21.857000,21.857000,21.857000,,,19.560000,19.534000,19.509000,19.484000,19.460000,,,23.414000,23.611000,25.928000,24.266000,24.956000,,,,,,,,,,,,,,,,
11.1800,23.285000,23.285000,23.285000,23.285000,23.285000,,,23.285000,23.285000,23.285000,23.285000,23.285000,,,21.857000,21.857000,21.857000,21.857000,21.857000,,,19.560000,19.534000,19.509000,19.484000,19.460000,,,23.414000,23.611000,25.928000,24.266000,24.956000,,,,,,,,,,,,,,,,
11.1900,23.285000,23.285000,23.285000,23.285000,23.285000,,,23.285000,23.285000,23.285000,23.285000,23.285000,,,21.857000,21.857000,21.857000,21.857000,21.857000,,,19.560000,19.534000,19.509000,19.484000,19.460000,,,23.414000,23.611000,25.928000,24.266000,24.956000,,,,,,,,,,,,,,,,
11.2000,23.285000,23.285000,23.285000,23.285000,23.285000,,,23.285000,23.285000,23.285000,23.285000,23.285000,,,21.857000,21.857000,21.857000,21.857000,21.857000,,,19.560000,19.534000,19.509000,19.484000,19.460000,,,23.414000,23.611000,25.928000,24.266000,24.956000,,,,,,,,,,,,,,,,
11.2100,23.285000,23.285000,23.285000,23.285000,23.285000,,,23.285000,23.285000,23.285000,23.285000,23.285000,,,21.857000,21.857000,21.857000,21.857000,21.857000,,,19.560000,19.534000,19.509000,19.484000,19.460000,,,23.414000,23.611000,25.928000,24.266000,24.956000,,,,,,,,,,,,,,,,
11.2200,23.285000,23.285000,23.285000,23.285000,23.285000,,,23.285000,23.285000,23.285000,23.285000,23.285000,,,21.857000,21.857000,21.857000,21.857000,21.857000,,,19.560000,19.534000,19.509000,19.484000,19.460000,,,23.414000,23.611000,25.928000,24.266000,24.956000,,,,,,,,,,,,,,,,
11.2300,23.285000,23.285000,23.285000,23.285000,23.285000,,,23.285000,23.285000,23.285000,23.285000,23.285000,,,21.857000,21.857000,21.857000,21.857000,21.857000,,,19.560000,19.534000,19.509000,19.484000,19.460000,,,23.414000,23.611000,25.928000,24.266000,24.956000,,,,,,,,,,,,,,,,
11.2400,23.285000,23.285000,23.285000,23.285000,23.285000,,,23.285000,23.285000,23.285000,23.285000,23.285000,,,21.857000,21.857000,21.857000,21.857000,21.857000,,,19.560000,19.534000,19.509000,19.484000,19.460000,,,23.414000,23.611000,25.928000,24.266000,24.956000,,,,,,,,,,,,,,,,
11.2500,23.285000,23.285000,23.285000,23.285000,23.285000,,,23.285000,23.285000,23.285000,23.285000,23.285000,,,21.857000,21.857000,21.857000,21.857000,21.857000,,,19.560000,19.534000,19.509000,19.484000,19.460000,,,23.414000,23.611000,25.928000,24.266000,24.956000,,,,,,,,,,,,,,,,
11.2600,23.285000,23.285000,23.285000,23.285000,23.285000,,,23.285000,23.285000,23.285000,23.285000,23.285000,,,21.857000,21.857000,21.857000,21.857000,21.857000,,,19.560000,19.534000,19.509000,19.484000,19.460000,,,23.414000,23.611000,25.928000,24.266000,24.956000,,,,,,,,,,,,,,,,
11.2700,23.285000,23.285000,23.285000,23.285000,23.285000,,,23.285000,23.285000,23.285000,23.285000,23.285000,,,21.857000,21.857000,21.857000,21.857000,21.857000,,,19.560000,19.534000,19.509000,19.484000,19.460000,,,23.414000,23.611000,25.928000,24.266000,24.956000,,,,,,,,,,,,,,,,
11.2800,23.285000,23.285000,23.285000,23.285000,23.285000,,,23.285000,23.285000,23.285000,23.285000,23.285000,,,21.857000,21.857000,21.857000,21.857000,21.857000,,,19.560000,19.534000,19.509000,19.484000,19.460000,,,23.414000,23.611000,25.928000,24.266000,24.956000,,,,,,,,,,,,,,,,
11.2900,23.285000,23.285000,23.285000,23.285000,23.285000,,,23.285000,23.285000,23.285000,23.285000,23.285000,,,21.857000,21.857000,21.857000,21.857000,21.857000,,,19.560000,19.534000,19.509000,19.484000,19.460000,,,23.414000,23.611000,25.928000,24.266000,24.956000,,,,,,,,,,,,,,,,
11.3000,23.285000,23.285000,23.285000,23.285000,23.285000,,,23.285000,23.285000,23.285000,23.285000,23.285000,,,21.857000,21.857000,21.857000,21.857000,21.857000,,,19.560000,19.534000,19.509000,19.484000,19.460000,,,23.414000,23.611000,25.928000,24.266000,24.956000,,,,,,,,,,,,,,,,
11.3100,23.285000,23.285000,23.285000,23.285000,23.285000,,,23.285000,23.285000,23.285000,23.285000,23.285000,,,21.857000,21.857000,21.857000,21.857000,21.857000,,,19.560000,19.534000,19.509000,19.484000,19.460000,,,23.414000,23.611000,25.928000,24.266000,24.956000,,,,,,,,,,,,,,,,
11.3200,23.285000,23.285000,23.285000,23.285000,23.285000,,,23.285000,23.285000,23.285000,23.285000,23.285000,,,21.857000,21.857000,21.857000,21.857000,21.857000,,,19.560000,19.534000,19.509000,19.484000,19.460000,,,23.414000,23.611000,25.928000,24.266000,24.956000,,,,,,,,,,,,,,,,
11.3300,23.285000,23.285000,23.285000,23.285000,23.285000,,,23.285000,23.285000,23.285000,23.285000,23.285000,,,21.857000,21.857000,21.857000,21.857000,21.857000,,,19.560000,19.534000,19.509000,19.484000,19.460000,,,23.414000,23.611000,25.928000,24.266000,24.956000,,,,,,,,,,,,,,,,
11.3400,23.285000,23.285000,23.285000,23.285000,23.285000,,,23.285000,23.285000,23.285000,23.285000,23.285000,,,21.857000,21.857000,21.857000,21.857000,21.857000,,,19.560000,19.534000,19.509000,19.484000,19.460000,,,23.414000,23.611000,25.928000,24.266000,24.956000,,,,,,,,,,,,,,,,
11.3500,23.285000,23.285000,23.285000,23.285000,23.285000,,,23.285000,23.285000,23.285000,23.285000,23.285000,,,21.857000,21.857000,21.857000,21.857000,21.857000,,,19.560000,19.534000,19.509000,19.484000,19.460000,,,23.414000,23.611000,25.928000,24.266000,24.956000,,,,,,,,,,,,,,,,
11.3600,23.285000,23.285000,23.285000,23.285000,23.285000,,,23.285000,23.285000,23.285000,23.285000,23.285000,,,21.857000,21.857000,21.857000,21.857000,21.857000,,,19.560000,19.534000,19.509000,19.484000,19.460000,,,23.414000,23.611000,25.928000,24.266000,24.956000,,,,,,,,,,,,,,,,
11.3700,23.285000,23.285000,23.285000,23.285000,23.285000,,,23.285000,23.285000,23.285000,23.285000,23.285000,,,21.857000,21.857000,21.857000,21.857000,21.857000,,,19.560000,19.534000,19.509000,19.484000,19.460000,,,23.414000,23.611000,25.928000,24.266000,24.956000,,,,,,,,,,,,,,,,
11.3800,23.285000,23.285000,23.285000,23.285000,23.285000,,,23.285000,23.285000,23.285000,23.285000,23.285000,,,21.857000,21.857000,21.857000,21.857000,21.857000,,,19.560000,19.534000,19.509000,19.484000,19.460000,,,23.414000,23.611000,25.928000,24.266000,24.956000,,,,,,,,,,,,,,,,
11.3900,23.285000,23.285000,23.285000,23.285000,23.285000,,,23.285000,23.285000,23.285000,23.285000,23.285000,,,21.857000,21.857000,21.857000,21.857000,21.857000,,,19.560000,19.534000,19.509000,19.484000,19.460000,,,23.414000,23.611000,25.928000,24.266000,24.956000,,,,,,,,,,,,,,,,
11.4000,23.285000,23.285000,23.285000,23.285000,23.285000,,,23.285000,23.285000,23.285000,23.285000,23.285000,,,21.857000,21.857000,21.857000,21.857000,21.857000,,,19.560000,19.534000,19.509000,19.484000,19.460000,,,23.414000,23.611000,25.928000,24.266000,24.956000,,,,,,,,,,,,,,,,
11.4100,23.285000,23.285000,23.285000,23.285000,23.285000,,,23.285000,23.285000,23.285000,23.285000,23.285000,,,21.857000,21.857000,21.857000,21.857000,21.857000,,,19.560000,19.534000,19.509000,19.484000,19.460000,,,23.414000,23.611000,25.928000,24.266000,24.956000,,,,,,,,,,,,,,,,
11.4200,23.285000,23.285000,23.285000,23.285000,23.285000,,,23.285000,23.285000,23.285000,23.285000,23.285000,,,21.857000,21.857000,21.857000,21.857000,21.857000,,,19.560000,19.534000,19.509000,19.484000,19.460000,,,23.414000,23.611000,25.928000,24.266000,24.956000,,,,,,,,,,,,,,,,
11.4300,23.285000,23.285000,23.285000,23.285000,23.285000,,,23.285000,23.285000,23.285000,23.285000,23.285000,,,21.857000,21.857000,21.857000,21.857000,21.857000,,,19.560000,19.534000,19.509000,19.484000,19.460000,,,23.414000,23.611000,25.928000,24.266000,24.956000,,,,,,,,,,,,,,,,
11.4400,23.285000,23.285000,23.285000,23.285000,23.285000,,,23.285000,23.285000,23.285000,23.285000,23.285000,,,21.857000,21.857000,21.857000,21.857000,21.857000,,,19.560000,19.534000,19.509000,19.484000,19.460000,,,23.414000,23.611000,25.928000,24.266000,24.956000,,,,,,,,,,,,,,,,
11.4500,23.285000,23.285000,23.285000,23.285000,23.285000,,,23.285000,23.285000,23.285000,23.285000,23.285000,,,21.857000,21.857000,21.857000,21.857000,21.857000,,,19.560000,19.534000,19.509000,19.484000,19.460000,,,23.414000,23.611000,25.928000,24.266000,24.956000,,,,,,,,,,,,,,,,
11.4600,23.285000,23.285000,23.285000,23.285000,23.285000,,,23.285000,23.285000,23.285000,23.285000,23.285000,,,21.857000,21.857000,21.857000,21.857000,21.857000,,,19.560000,19.534000,19.509000,19.484000,19.460000,,,23.414000,23.611000,25.928000,24.266000,24.956000,,,,,,,,,,,,,,,,
11.4700,23.285000,23.285000,23.285000,23.285000,23.285000,,,23.285000,23.285000,23.285000,23.285000,23.285000,,,21.857000,21.857000,21.857000,21.857000,21.857000,,,19.560000,19.534000,19.509000,19.484000,19.460000,,,23.414000,23.611000,25.928000,24.266000,24.956000,,,,,,,,,,,,,,,,
11.4800,23.285000,23.285000,23.285000,23.285000,23.285000,,,23.285000,23.285000,23.285000,23.285000,23.285000,,,21.857000,21.857000,21.857000,21.857000,21.857000,,,19.560000,19.534000,19.509000,19.484000,19.460000,,,23.414000,23.611000,25.928000,24.266000,24.956000,,,,,,,,,,,,,,,,
11.4900,23.285000,23.285000,23.285000,23.285000,23.285000,,,23.285000,23.285000,23.285000,23.285000,23.285000,,,21.857000,21.857000,21.857000,21.857000,21.857000,,,19.560000,19.534000,19.509000,19.484000,19.460000,,,23.414000,23.611000,25.928000,24.266000,24.956000,,,,,,,,,,,,,,,,
11.5000,23.285000,23.285000,23.285000,23.285000,23.285000,,,23.285000,23.285000,23.285000,23.285000,23.285000,,,21.857000,21.857000,21.857000,21.857000,21.857000,,,19.560000,19.534000,19.509000,19.484000,19.460000,,,23.414000,23.611000,25.928000,24.266000,24.956000,,,,,,,,,,,,,,,,
11.5100,23.285000,23.285000,23.285000,23.285000,23.285000,,,23.285000,23.285000,23.285000,23.285000,23.285000,,,21.857000,21.857000,21.857000,21.857000,21.857000,,,19.560000,19.534000,19.509000,19.484000,19.460000,,,23.414000,23.611000,25.928000,24.266000,24.956000,,,,,,,,,,,,,,,,
11.5200,23.285000,23.285000,23.285000,23.285000,23.285000,,,23.285000,23.285000,23.285000,23.285000,23.285000,,,21.857000,21.857000,21.857000,21.857000,21.857000,,,19.560000,19.534000,19.509000,19.484000,19.460000,,,23.414000,23.611000,25.928000,24.266000,24.956000,,,,,,,,,,,,,,,,
11.5300,23.285000,23.285000,23.285000,23.285000,23.285000,,,23.285000,23.285000,23.285000,23.285000,23.285000,,,21.857000,21.857000,21.857000,21.857000,21.857000,,,19.560000,19.534000,19.509000,19.484000,19.460000,,,23.414000,23.611000,25.928000,24.266000,24.956000,,,,,,,,,,,,,,,,
11.5400,23.285000,23.285000,23.285000,23.285000,23.285000,,,23.285000,23.285000,23.285000,23.285000,23.285000,,,21.857000,21.857000,21.857000,21.857000,21.857000,,,19.560000,19.534000,19.509000,19.484000,19.460000,,,23.414000,23.611000,25.928000,24.266000,24.956000,,,,,,,,,,,,,,,,
11.5500,23.285000,23.285000,23.285000,23.285000,23.285000,,,23.285000,23.285000,23.285000,23.285000,23.285000,,,21.857000,21.857000,21.857000,21.857000,21.857000,,,19.560000,19.534000,19.509000,19.484000,19.460000,,,23.414000,23.611000,25.928000,24.266000,24.956000,,,,,,,,,,,,,,,,
11.5600,23.285000,23.285000,23.285000,23.285000,23.285000,,,23.285000,23.285000,23.285000,23.285000,23.285000,,,21.857000,21.857000,21.857000,21.857000,21.857000,,,19.560000,19.534000,19.509000,19.484000,19.460000,,,23.414000,23.611000,25.928000,24.266000,24.956000,,,,,,,,,,,,,,,,
11.5700,23.285000,23.285000,23.285000,23.285000,23.285000,,,23.285000,23.285000,23.285000,23.285000,23.285000,,,21.857000,21.857000,21.857000,21.857000,21.857000,,,19.560000,19.534000,19.509000,19.484000,19.460000,,,23.414000,23.611000,25.928000,24.266000,24.956000,,,,,,,,,,,,,,,,
11.5800,23.285000,23.285000,23.285000,23.285000,23.285000,,,23.285000,23.285000,23.285000,23.285000,23.285000,,,21.857000,21.857000,21.857000,21.857000,21.857000,,,19.560000,19.534000,19.509000,19.484000,19.460000,,,23.414000,23.611000,25.928000,24.266000,24.956000,,,,,,,,,,,,,,,,
11.5900,23.285000,23.285000,23.285000,23.285000,23.285000,,,23.285000,23.285000,23.285000,23.285000,23.285000,,,21.857000,21.857000,21.857000,21.857000,21.857000,,,19.560000,19.534000,19.509000,19.484000,19.460000,,,23.414000,23.611000,25.928000,24.266000,24.956000,,,,,,,,,,,,,,,,
11.6000,23.285000,23.285000,23.285000,23.285000,23.285000,,,23.285000,23.285000,23.285000,23.285000,23.285000,,,21.857000,21.857000,21.857000,21.857000,21.857000,,,19.560000,19.534000,19.509000,19.484000,19.460000,,,23.414000,23.611000,25.928000,24.266000,24.956000,,,,,,,,,,,,,,,,
11.6100,23.285000,23.285000,23.285000,23.285000,23.285000,,,23.285000,23.285000,23.285000,23.285000,23.285000,,,21.857000,21.857000,21.857000,21.857000,21.857000,,,19.560000,19.534000,19.509000,19.484000,19.460000,,,23.414000,23.611000,25.928000,24.266000,24.956000,,,,,,,,,,,,,,,,
11.6200,23.285000,23.285000,23.285000,23.285000,23.285000,,,23.285000,23.285000,23.285000,23.285000,23.285000,,,21.857000,21.857000,21.857000,21.857000,21.857000,,,19.560000,19.534000,19.509000,19.484000,19.460000,,,23.414000,23.611000,25.928000,24.266000,24.956000,,,,,,,,,,,,,,,,
11.6300,23.285000,23.285000,23.285000,23.285000,23.285000,,,23.285000,23.285000,23.285000,23.285000,23.285000,,,21.857000,21.857000,21.857000,21.857000,21.857000,,,19.560000,19.534000,19.509000,19.484000,19.460000,,,23.414000,23.611000,25.928000,24.266000,24.956000,,,,,,,,,,,,,,,,
11.6400,23.285000,23.285000,23.285000,23.285000,23.285000,,,23.285000,23.285000,23.285000,23.285000,23.285000,,,21.857000,21.857000,21.857000,21.857000,21.857000,,,19.560000,19.534000,19.509000,19.484000,19.460000,,,23.414000,23.611000,25.928000,24.266000,24.956000,,,,,,,,,,,,,,,,
11.6500,23.285000,23.285000,23.285000,23.285000,23.285000,,,23.285000,23.285000,23.285000,23.285000,23.285000,,,21.857000,21.857000,21.857000,21.857000,21.857000,,,19.560000,19.534000,19.509000,19.484000,19.460000,,,23.414000,23.611000,25.928000,24.266000,24.956000,,,,,,,,,,,,,,,,
11.6600,23.285000,23.285000,23.285000,23.285000,23.285000,,,23.285000,23.285000,23.285000,23.285000,23.285000,,,21.857000,21.857000,21.857000,21.857000,21.857000,,,19.560000,19.534000,19.509000,19.484000,19.460000,,,23.414000,23.611000,25.928000,24.266000,24.956000,,,,,,,,,,,,,,,,
11.6700,23.285000,23.285000,23.285000,23.285000,23.285000,,,23.285000,23.285000,23.285000,23.285000,23.285000,,,21.857000,21.857000,21.857000,21.857000,21.857000,,,19.560000,19.534000,19.509000,19.484000,19.460000,,,23.414000,23.611000,25.928000,24.266000,24.956000,,,,,,,,,,,,,,,,
11.6800,23.285000,23.285000,23.285000,23.285000,23.285000,,,23.285000,23.285000,23.285000,23.285000,23.285000,,,21.857000,21.857000,21.857000,21.857000,21.857000,,,19.560000,19.534000,19.509000,19.484000,19.460000,,,23.414000,23.611000,25.928000,24.266000,24.956000,,,,,,,,,,,,,,,,
11.6900,23.285000,23.285000,23.285000,23.285000,23.285000,,,23.285000,23.285000,23.285000,23.285000,23.285000,,,21.857000,21.857000,21.857000,21.857000,21.857000,,,19.560000,19.534000,19.509000,19.484000,19.460000,,,23.414000,23.611000,25.928000,24.266000,24.956000,,,,,,,,,,,,,,,,
11.7000,23.285000,23.285000,23.285000,23.285000,23.285000,,,23.285000,23.285000,23.285000,23.285000,23.285000,,,21.857000,21.857000,21.857000,21.857000,21.857000,,,19.560000,19.534000,19.509000,19.484000,19.460000,,,23.414000,23.611000,25.928000,24.266000,24.956000,,,,,,,,,,,,,,,,
11.7100,23.285000,23.285000,23.285000,23.285000,23.285000,,,23.285000,23.285000,23.285000,23.285000,23.285000,,,21.857000,21.857000,21.857000,21.857000,21.857000,,,19.560000,19.534000,19.509000,19.484000,19.460000,,,23.414000,23.611000,25.928000,24.266000,24.956000,,,,,,,,,,,,,,,,
11.7200,23.285000,23.285000,23.285000,23.285000,23.285000,,,23.285000,23.285000,23.285000,23.285000,23.285000,,,21.857000,21.857000,21.857000,21.857000,21.857000,,,19.560000,19.534000,19.509000,19.484000,19.460000,,,23.414000,23.611000,25.928000,24.266000,24.956000,,,,,,,,,,,,,,,,
11.7300,23.285000,23.285000,23.285000,23.285000,23.285000,,,23.285000,23.285000,23.285000,23.285000,23.285000,,,21.857000,21.857000,21.857000,21.857000,21.857000,,,19.560000,19.534000,19.509000,19.484000,19.460000,,,23.414000,23.611000,25.928000,24.266000,24.956000,,,,,,,,,,,,,,,,
11.7400,23.285000,23.285000,23.285000,23.285000,23.285000,,,23.285000,23.285000,23.285000,23.285000,23.285000,,,21.857000,21.857000,21.857000,21.857000,21.857000,,,19.560000,19.534000,19.509000,19.484000,19.460000,,,23.414000,23.611000,25.928000,24.266000,24.956000,,,,,,,,,,,,,,,,
11.7500,23.285000,23.285000,23.285000,23.285000,23.285000,,,23.285000,23.285000,23.285000,23.285000,23.285000,,,21.857000,21.857000,21.857000,21.857000,21.857000,,,19.560000,19.534000,19.509000,19.484000,19.460000,,,23.414000,23.611000,25.928000,24.266000,24.956000,,,,,,,,,,,,,,,,
11.7600,23.285000,23.285000,23.285000,23.285000,23.285000,,,23.285000,23.285000,23.285000,23.285000,23.285000,,,21.857000,21.857000,21.857000,21.857000,21.857000,,,19.560000,19.534000,19.509000,19.484000,19.460000,,,23.414000,23.611000,25.928000,24.266000,24.956000,,,,,,,,,,,,,,,,
11.7700,23.285000,23.285000,23.285000,23.285000,23.285000,,,23.285000,23.285000,23.285000,23.285000,23.285000,,,21.857000,21.857000,21.857000,21.857000,21.857000,,,19.560000,19.534000,19.509000,19.484000,19.460000,,,23.414000,23.611000,25.928000,24.266000,24.956000,,,,,,,,,,,,,,,,
11.7800,23.285000,23.285000,23.285000,23.285000,23.285000,,,23.285000,23.285000,23.285000,23.285000,23.285000,,,21.857000,21.857000,21.857000,21.857000,21.857000,,,19.560000,19.534000,19.509000,19.484000,19.460000,,,23.414000,23.611000,25.928000,24.266000,24.956000,,,,,,,,,,,,,,,,
11.7900,23.285000,23.285000,23.285000,23.285000,23.285000,,,23.285000,23.285000,23.285000,23.285000,23.285000,,,21.857000,21.857000,21.857000,21.857000,21.857000,,,19.560000,19.534000,19.509000,19.484000,19.460000,,,23.414000,23.611000,25.928000,24.266000,24.956000,,,,,,,,,,,,,,,,
11.8000,23.285000,23.285000,23.285000,23.285000,23.285000,,,23.285000,23.285000,23.285000,23.285000,23.285000,,,21.857000,21.857000,21.857000,21.857000,21.857000,,,19.560000,19.534000,19.509000,19.484000,19.460000,,,23.414000,23.611000,25.928000,24.266000,24.956000,,,,,,,,,,,,,,,,
11.8100,23.285000,23.285000,23.285000,23.285000,23.285000,,,23.285000,23.285000,23.285000,23.285000,23.285000,,,21.857000,21.857000,21.857000,21.857000,21.857000,,,19.560000,19.534000,19.509000,19.484000,19.460000,,,23.414000,23.611000,25.928000,24.266000,24.956000,,,,,,,,,,,,,,,,
11.8200,23.285000,23.285000,23.285000,23.285000,23.285000,,,23.285000,23.285000,23.285000,23.285000,23.285000,,,21.857000,21.857000,21.857000,21.857000,21.857000,,,19.560000,19.534000,19.509000,19.484000,19.460000,,,23.414000,23.611000,25.928000,24.266000,24.956000,,,,,,,,,,,,,,,,
11.8300,23.285000,23.285000,23.285000,23.285000,23.285000,,,23.285000,23.285000,23.285000,23.285000,23.285000,,,21.857000,21.857000,21.857000,21.857000,21.857000,,,19.560000,19.534000,19.509000,19.484000,19.460000,,,23.414000,23.611000,25.928000,24.266000,24.956000,,,,,,,,,,,,,,,,
11.8400,23.285000,23.285000,23.285000,23.285000,23.285000,,,23.285000,23.285000,23.285000,23.285000,23.285000,,,21.857000,21.857000,21.857000,21.857000,21.857000,,,19.560000,19.534000,19.509000,19.484000,19.460000,,,23.414000,23.611000,25.928000,24.266000,24.956000,,,,,,,,,,,,,,,,
11.8500,23.285000,23.285000,23.285000,23.285000,23.285000,,,23.285000,23.285000,23.285000,23.285000,23.285000,,,21.857000,21.857000,21.857000,21.857000,21.857000,,,19.560000,19.534000,19.509000,19.484000,19.460000,,,23.414000,23.611000,25.928000,24.266000,24.956000,,,,,,,,,,,,,,,,
11.8600,23.285000,23.285000,23.285000,23.285000,23.285000,,,23.285000,23.285000,23.285000,23.285000,23.285000,,,21.857000,21.857000,21.857000,21.857000,21.857000,,,19.560000,19.534000,19.509000,19.484000,19.460000,,,23.414000,23.611000,25.928000,24.266000,24.956000,,,,,,,,,,,,,,,,
11.8700,23.285000,23.285000,23.285000,23.285000,23.285000,,,23.285000,23.285000,23.285000,23.285000,23.285000,,,21.857000,21.857000,21.857000,21.857000,21.857000,,,19.560000,19.534000,19.509000,19.484000,19.460000,,,23.414000,23.611000,25.928000,24.266000,24.956000,,,,,,,,,,,,,,,,
11.8800,23.285000,23.285000,23.285000,23.285000,23.285000,,,23.285000,23.285000,23.285000,23.285000,23.285000,,,21.857000,21.857000,21.857000,21.857000,21.857000,,,19.560000,19.534000,19.509000,19.484000,19.460000,,,23.414000,23.611000,25.928000,24.266000,24.956000,,,,,,,,,,,,,,,,
11.8900,23.285000,23.285000,23.285000,23.285000,23.285000,,,23.285000,23.285000,23.285000,23.285000,23.285000,,,21.857000,21.857000,21.857000,21.857000,21.857000,,,19.560000,19.534000,19.509000,19.484000,19.460000,,,23.414000,23.611000,25.928000,24.266000,24.956000,,,,,,,,,,,,,,,,
11.9000,23.285000,23.285000,23.285000,23.285000,23.285000,,,23.285000,23.285000,23.285000,23.285000,23.285000,,,21.857000,21.857000,21.857000,21.857000,21.857000,,,19.560000,19.534000,19.509000,19.484000,19.460000,,,23.414000,23.611000,25.928000,24.266000,24.956000,,,,,,,,,,,,,,,,
11.9100,23.285000,23.285000,23.285000,23.285000,23.285000,,,23.285000,23.285000,23.285000,23.285000,23.285000,,,21.857000,21.857000,21.857000,21.857000,21.857000,,,19.560000,19.534000,19.509000,19.484000,19.460000,,,23.414000,23.611000,25.928000,24.266000,24.956000,,,,,,,,,,,,,,,,
11.9200,23.285000,23.285000,23.285000,23.285000,23.285000,,,23.285000,23.285000,23.285000,23.285000,23.285000,,,21.857000,21.857000,21.857000,21.857000,21.857000,,,19.560000,19.534000,19.509000,19.484000,19.460000,,,23.414000,23.611000,25.928000,24.266000,24.956000,,,,,,,,,,,,,,,,
11.9300,23.285000,23.285000,23.285000,23.285000,23.285000,,,23.285000,23.285000,23.285000,23.285000,23.285000,,,21.857000,21.857000,21.857000,21.857000,21.857000,,,19.560000,19.534000,19.509000,19.484000,19.460000,,,23.414000,23.611000,25.928000,24.266000,24.956000,,,,,,,,,,,,,,,,
11.9400,23.285000,23.285000,23.285000,23.285000,23.285000,,,23.285000,23.285000,23.285000,23.285000,23.285000,,,21.857000,21.857000,21.857000,21.857000,21.857000,,,19.560000,19.534000,19.509000,19.484000,19.460000,,,23.414000,23.611000,25.928000,24.266000,24.956000,,,,,,,,,,,,,,,,
11.9500,23.285000,23.285000,23.285000,23.285000,23.285000,,,23.285000,23.285000,23.285000,23.285000,23.285000,,,21.857000,21.857000,21.857000,21.857000,21.857000,,,19.560000,19.534000,19.509000,19.484000,19.460000,,,23.414000,23.611000,25.928000,24.266000,24.956000,,,,,,,,,,,,,,,,
11.9600,23.285000,23.285000,23.285000,23.285000,23.285000,,,23.285000,23.285000,23.285000,23.285000,23.285000,,,21.857000,21.857000,21.857000,21.857000,21.857000,,,19.560000,19.534000,19.509000,19.484000,19.460000,,,23.414000,23.611000,25.928000,24.266000,24.956000,,,,,,,,,,,,,,,,
11.9700,23.285000,23.285000,23.285000,23.285000,23.285000,,,23.285000,23.285000,23.285000,23.285000,23.285000,,,21.857000,21.857000,21.857000,21.857000,21.857000,,,19.560000,19.534000,19.509000,19.484000,19.460000,,,23.414000,23.611000,25.928000,24.266000,24.956000,,,,,,,,,,,,,,,,
11.9800,23.285000,23.285000,23.285000,23.285000,23.285000,,,23.285000,23.285000,23.285000,23.285000,23.285000,,,21.857000,21.857000,21.857000,21.857000,21.857000,,,19.560000,19.534000,19.509000,19.484000,19.460000,,,23.414000,23.611000,25.928000,24.266000,24.956000,,,,,,,,,,,,,,,,
11.9900,23.285000,23.285000,23.285000,23.285000,23.285000,,,23.285000,23.285000,23.285000,23.285000,23.285000,,,21.857000,21.857000,21.857000,21.857000,21.857000,,,19.560000,19.534000,19.509000,19.484000,19.460000,,,23.414000,23.611000,25.928000,24.266000,24.956000,,,,,,,,,,,,,,,,
12.0000,23.285000,23.285000,23.285000,23.285000,23.285000,,,23.285000,23.285000,23.285000,23.285000,23.285000,,,21.857000,21.857000,21.857000,21.857000,21.857000,,,19.560000,19.534000,19.509000,19.484000,19.460000,,,23.414000,23.611000,25.928000,24.266000,24.956000,,,,,,,,,,,,,,,,
12.0100,23.285000,23.285000,23.285000,23.285000,23.285000,,,23.285000,23.285000,23.285000,23.285000,23.285000,,,21.857000,21.857000,21.857000,21.857000,21.857000,,,19.560000,19.534000,19.509000,19.484000,19.460000,,,23.414000,23.611000,25.928000,24.266000,24.956000,,,,,,,,,,,,,,,,
12.0200,23.285000,23.285000,23.285000,23.285000,23.285000,,,23.285000,23.285000,23.285000,23.285000,23.285000,,,21.857000,21.857000,21.857000,21.857000,21.857000,,,19.560000,19.534000,19.509000,19.484000,19.460000,,,23.414000,23.611000,25.928000,24.266000,24.956000,,,,,,,,,,,,,,,,
12.0300,23.285000,23.285000,23.285000,23.285000,23.285000,,,23.285000,23.285000,23.285000,23.285000,23.285000,,,21.857000,21.857000,21.857000,21.857000,21.857000,,,19.560000,19.534000,19.509000,19.484000,19.460000,,,23.414000,23.611000,25.928000,24.266000,24.956000,,,,,,,,,,,,,,,,
12.0400,23.285000,23.285000,23.285000,23.285000,23.285000,,,23.285000,23.285000,23.285000,23.285000,23.285000,,,21.857000,21.857000,21.857000,21.857000,21.857000,,,19.560000,19.534000,19.509000,19.484000,19.460000,,,23.414000,23.611000,25.928000,24.266000,24.956000,,,,,,,,,,,,,,,,
12.0500,23.285000,23.285000,23.285000,23.285000,23.285000,,,23.285000,23.285000,23.285000,23.285000,23.285000,,,21.857000,21.857000,21.857000,21.857000,21.857000,,,19.560000,19.534000,19.509000,19.484000,19.460000,,,23.414000,23.611000,25.928000,24.266000,24.956000,,,,,,,,,,,,,,,,
12.0600,23.285000,23.285000,23.285000,23.285000,23.285000,,,23.285000,23.285000,23.285000,23.285000,23.285000,,,21.857000,21.857000,21.857000,21.857000,21.857000,,,19.560000,19.534000,19.509000,19.484000,19.460000,,,23.414000,23.611000,25.928000,24.266000,24.956000,,,,,,,,,,,,,,,,
12.0700,23.285000,23.285000,23.285000,23.285000,23.285000,,,23.285000,23.285000,23.285000,23.285000,23.285000,,,21.857000,21.857000,21.857000,21.857000,21.857000,,,19.560000,19.534000,19.509000,19.484000,19.460000,,,23.414000,23.611000,25.928000,24.266000,24.956000,,,,,,,,,,,,,,,,
12.0800,23.285000,23.285000,23.285000,23.285000,23.285000,,,23.285000,23.285000,23.285000,23.285000,23.285000,,,21.857000,21.857000,21.857000,21.857000,21.857000,,,19.560000,19.534000,19.509000,19.484000,19.460000,,,23.414000,23.611000,25.928000,24.266000,24.956000,,,,,,,,,,,,,,,,
12.0900,23.285000,23.285000,23.285000,23.285000,23.285000,,,23.285000,23.285000,23.285000,23.285000,23.285000,,,21.857000,21.857000,21.857000,21.857000,21.857000,,,19.560000,19.534000,19.509000,19.484000,19.460000,,,23.414000,23.611000,25.928000,24.266000,24.956000,,,,,,,,,,,,,,,,
12.1000,23.285000,23.285000,23.285000,23.285000,23.285000,,,23.285000,23.285000,23.285000,23.285000,23.285000,,,21.857000,21.857000,21.857000,21.857000,21.857000,,,19.560000,19.534000,19.509000,19.484000,19.460000,,,23.414000,23.611000,25.928000,24.266000,24.956000,,,,,,,,,,,,,,,,
12.1100,23.285000,23.285000,23.285000,23.285000,23.285000,,,23.285000,23.285000,23.285000,23.285000,23.285000,,,21.857000,21.857000,21.857000,21.857000,21.857000,,,19.560000,19.534000,19.509000,19.484000,19.460000,,,23.414000,23.611000,25.928000,24.266000,24.956000,,,,,,,,,,,,,,,,
12.1200,23.285000,23.285000,23.285000,23.285000,23.285000,,,23.285000,23.285000,23.285000,23.285000,23.285000,,,21.857000,21.857000,21.857000,21.857000,21.857000,,,19.560000,19.534000,19.509000,19.484000,19.460000,,,23.414000,23.611000,25.928000,24.266000,24.956000,,,,,,,,,,,,,,,,
12.1300,23.285000,23.285000,23.285000,23.285000,23.285000,,,23.285000,23.285000,23.285000,23.285000,23.285000,,,21.857000,21.857000,21.857000,21.857000,21.857000,,,19.560000,19.534000,19.509000,19.484000,19.460000,,,23.414000,23.611000,25.928000,24.266000,24.956000,,,,,,,,,,,,,,,,
12.1400,23.285000,23.285000,23.285000,23.285000,23.285000,,,23.285000,23.285000,23.285000,23.285000,23.285000,,,21.857000,21.857000,21.857000,21.857000,21.857000,,,19.560000,19.534000,19.509000,19.484000,19.460000,,,23.414000,23.611000,25.928000,24.266000,24.956000,,,,,,,,,,,,,,,,
12.1500,23.285000,23.285000,23.285000,23.285000,23.285000,,,23.285000,23.285000,23.285000,23.285000,23.285000,,,21.857000,21.857000,21.857000,21.857000,21.857000,,,19.560000,19.534000,19.509000,19.484000,19.460000,,,23.414000,23.611000,25.928000,24.266000,24.956000,,,,,,,,,,,,,,,,
12.1600,23.285000,23.285000,23.285000,23.285000,23.285000,,,23.285000,23.285000,23.285000,23.285000,23.285000,,,21.857000,21.857000,21.857000,21.857000,21.857000,,,19.560000,19.534000,19.509000,19.484000,19.460000,,,23.414000,23.611000,25.928000,24.266000,24.956000,,,,,,,,,,,,,,,,
12.1700,23.285000,23.285000,23.285000,23.285000,23.285000,,,23.285000,23.285000,23.285000,23.285000,23.285000,,,21.857000,21.857000,21.857000,21.857000,21.857000,,,19.560000,19.534000,19.509000,19.484000,19.460000,,,23.414000,23.611000,25.928000,24.266000,24.956000,,,,,,,,,,,,,,,,
12.1800,23.285000,23.285000,23.285000,23.285000,23.285000,,,23.285000,23.285000,23.285000,23.285000,23.285000,,,21.857000,21.857000,21.857000,21.857000,21.857000,,,19.560000,19.534000,19.509000,19.484000,19.460000,,,23.414000,23.611000,25.928000,24.266000,24.956000,,,,,,,,,,,,,,,,
12.1900,23.285000,23.285000,23.285000,23.285000,23.285000,,,23.285000,23.285000,23.285000,23.285000,23.285000,,,21.857000,21.857000,21.857000,21.857000,21.857000,,,19.560000,19.534000,19.509000,19.484000,19.460000,,,23.414000,23.611000,25.928000,24.266000,24.956000,,,,,,,,,,,,,,,,
12.2000,23.285000,23.285000,23.285000,23.285000,23.285000,,,23.285000,23.285000,23.285000,23.285000,23.285000,,,21.857000,21.857000,21.857000,21.857000,21.857000,,,19.560000,19.534000,19.509000,19.484000,19.460000,,,23.414000,23.611000,25.928000,24.266000,24.956000,,,,,,,,,,,,,,,,
12.2100,23.285000,23.285000,23.285000,23.285000,23.285000,,,23.285000,23.285000,23.285000,23.285000,23.285000,,,21.857000,21.857000,21.857000,21.857000,21.857000,,,19.560000,19.534000,19.509000,19.484000,19.460000,,,23.414000,23.611000,25.928000,24.266000,24.956000,,,,,,,,,,,,,,,,
12.2200,23.285000,23.285000,23.285000,23.285000,23.285000,,,23.285000,23.285000,23.285000,23.285000,23.285000,,,21.857000,21.857000,21.857000,21.857000,21.857000,,,19.560000,19.534000,19.509000,19.484000,19.460000,,,23.414000,23.611000,25.928000,24.266000,24.956000,,,,,,,,,,,,,,,,
12.2300,23.285000,23.285000,23.285000,23.285000,23.285000,,,23.285000,23.285000,23.285000,23.285000,23.285000,,,21.857000,21.857000,21.857000,21.857000,21.857000,,,19.560000,19.534000,19.509000,19.484000,19.460000,,,23.414000,23.611000,25.928000,24.266000,24.956000,,,,,,,,,,,,,,,,
12.2400,23.285000,23.285000,23.285000,23.285000,23.285000,,,23.285000,23.285000,23.285000,23.285000,23.285000,,,21.857000,21.857000,21.857000,21.857000,21.857000,,,19.560000,19.534000,19.509000,19.484000,19.460000,,,23.414000,23.611000,25.928000,24.266000,24.956000,,,,,,,,,,,,,,,,
12.2500,23.285000,23.285000,23.285000,23.285000,23.285000,,,23.285000,23.285000,23.285000,23.285000,23.285000,,,21.857000,21.857000,21.857000,21.857000,21.857000,,,19.560000,19.534000,19.509000,19.484000,19.460000,,,23.414000,23.611000,25.928000,24.266000,24.956000,,,,,,,,,,,,,,,,
12.2600,23.285000,23.285000,23.285000,23.285000,23.285000,,,23.285000,23.285000,23.285000,23.285000,23.285000,,,21.857000,21.857000,21.857000,21.857000,21.857000,,,19.560000,19.534000,19.509000,19.484000,19.460000,,,23.414000,23.611000,25.928000,24.266000,24.956000,,,,,,,,,,,,,,,,
12.2700,23.285000,23.285000,23.285000,23.285000,23.285000,,,23.285000,23.285000,23.285000,23.285000,23.285000,,,21.857000,21.857000,21.857000,21.857000,21.857000,,,19.560000,19.534000,19.509000,19.484000,19.460000,,,23.414000,23.611000,25.928000,24.266000,24.956000,,,,,,,,,,,,,,,,
12.2800,23.285000,23.285000,23.285000,23.285000,23.285000,,,23.285000,23.285000,23.285000,23.285000,23.285000,,,21.857000,21.857000,21.857000,21.857000,21.857000,,,19.560000,19.534000,19.509000,19.484000,19.460000,,,23.414000,23.611000,25.928000,24.266000,24.956000,,,,,,,,,,,,,,,,
12.2900,23.285000,23.285000,23.285000,23.285000,23.285000,,,23.285000,23.285000,23.285000,23.285000,23.285000,,,21.857000,21.857000,21.857000,21.857000,21.857000,,,19.560000,19.534000,19.509000,19.484000,19.460000,,,23.414000,23.611000,25.928000,24.266000,24.956000,,,,,,,,,,,,,,,,
12.3000,23.285000,23.285000,23.285000,23.285000,23.285000,,,23.285000,23.285000,23.285000,23.285000,23.285000,,,21.857000,21.857000,21.857000,21.857000,21.857000,,,19.560000,19.534000,19.509000,19.484000,19.460000,,,23.414000,23.611000,25.928000,24.266000,24.956000,,,,,,,,,,,,,,,,
12.3100,23.285000,23.285000,23.285000,23.285000,23.285000,,,23.285000,23.285000,23.285000,23.285000,23.285000,,,21.857000,21.857000,21.857000,21.857000,21.857000,,,19.560000,19.534000,19.509000,19.484000,19.460000,,,23.414000,23.611000,25.928000,24.266000,24.956000,,,,,,,,,,,,,,,,
12.3200,23.285000,23.285000,23.285000,23.285000,23.285000,,,23.285000,23.285000,23.285000,23.285000,23.285000,,,21.857000,21.857000,21.857000,21.857000,21.857000,,,19.560000,19.534000,19.509000,19.484000,19.460000,,,23.414000,23.611000,25.928000,24.266000,24.956000,,,,,,,,,,,,,,,,
12.3300,23.285000,23.285000,23.285000,23.285000,23.285000,,,23.285000,23.285000,23.285000,23.285000,23.285000,,,21.857000,21.857000,21.857000,21.857000,21.857000,,,19.560000,19.534000,19.509000,19.484000,19.460000,,,23.414000,23.611000,25.928000,24.266000,24.956000,,,,,,,,,,,,,,,,
12.3400,23.285000,23.285000,23.285000,23.285000,23.285000,,,23.285000,23.285000,23.285000,23.285000,23.285000,,,21.857000,21.857000,21.857000,21.857000,21.857000,,,19.560000,19.534000,19.509000,19.484000,19.460000,,,23.414000,23.611000,25.928000,24.266000,24.956000,,,,,,,,,,,,,,,,
12.3500,23.285000,23.285000,23.285000,23.285000,23.285000,,,23.285000,23.285000,23.285000,23.285000,23.285000,,,21.857000,21.857000,21.857000,21.857000,21.857000,,,19.560000,19.534000,19.509000,19.484000,19.460000,,,23.414000,23.611000,25.928000,24.266000,24.956000,,,,,,,,,,,,,,,,
12.3600,23.285000,23.285000,23.285000,23.285000,23.285000,,,23.285000,23.285000,23.285000,23.285000,23.285000,,,21.857000,21.857000,21.857000,21.857000,21.857000,,,19.560000,19.534000,19.509000,19.484000,19.460000,,,23.414000,23.611000,25.928000,24.266000,24.956000,,,,,,,,,,,,,,,,
12.3700,23.285000,23.285000,23.285000,23.285000,23.285000,,,23.285000,23.285000,23.285000,23.285000,23.285000,,,21.857000,21.857000,21.857000,21.857000,21.857000,,,19.560000,19.534000,19.509000,19.484000,19.460000,,,23.414000,23.611000,25.928000,24.266000,24.956000,,,,,,,,,,,,,,,,
12.3800,23.285000,23.285000,23.285000,23.285000,23.285000,,,23.285000,23.285000,23.285000,23.285000,23.285000,,,21.857000,21.857000,21.857000,21.857000,21.857000,,,19.560000,19.534000,19.509000,19.484000,19.460000,,,23.414000,23.611000,25.928000,24.266000,24.956000,,,,,,,,,,,,,,,,
12.3900,23.285000,23.285000,23.285000,23.285000,23.285000,,,23.285000,23.285000,23.285000,23.285000,23.285000,,,21.857000,21.857000,21.857000,21.857000,21.857000,,,19.560000,19.534000,19.509000,19.484000,19.460000,,,23.414000,23.611000,25.928000,24.266000,24.956000,,,,,,,,,,,,,,,,
12.4000,23.285000,23.285000,23.285000,23.285000,23.285000,,,23.285000,23.285000,23.285000,23.285000,23.285000,,,21.857000,21.857000,21.857000,21.857000,21.857000,,,19.560000,19.534000,19.509000,19.484000,19.460000,,,23.414000,23.611000,25.928000,24.266000,24.956000,,,,,,,,,,,,,,,,
12.4100,23.285000,23.285000,23.285000,23.285000,23.285000,,,23.285000,23.285000,23.285000,23.285000,23.285000,,,21.857000,21.857000,21.857000,21.857000,21.857000,,,19.560000,19.534000,19.509000,19.484000,19.460000,,,23.414000,23.611000,25.928000,24.266000,24.956000,,,,,,,,,,,,,,,,
12.4200,23.285000,23.285000,23.285000,23.285000,23.285000,,,23.285000,23.285000,23.285000,23.285000,23.285000,,,21.857000,21.857000,21.857000,21.857000,21.857000,,,19.560000,19.534000,19.509000,19.484000,19.460000,,,23.414000,23.611000,25.928000,24.266000,24.956000,,,,,,,,,,,,,,,,
12.4300,23.285000,23.285000,23.285000,23.285000,23.285000,,,23.285000,23.285000,23.285000,23.285000,23.285000,,,21.857000,21.857000,21.857000,21.857000,21.857000,,,19.560000,19.534000,19.509000,19.484000,19.460000,,,23.414000,23.611000,25.928000,24.266000,24.956000,,,,,,,,,,,,,,,,
12.4400,23.285000,23.285000,23.285000,23.285000,23.285000,,,23.285000,23.285000,23.285000,23.285000,23.285000,,,21.857000,21.857000,21.857000,21.857000,21.857000,,,19.560000,19.534000,19.509000,19.484000,19.460000,,,23.414000,23.611000,25.928000,24.266000,24.956000,,,,,,,,,,,,,,,,
12.4500,23.285000,23.285000,23.285000,23.285000,23.285000,,,23.285000,23.285000,23.285000,23.285000,23.285000,,,21.857000,21.857000,21.857000,21.857000,21.857000,,,19.560000,19.534000,19.509000,19.484000,19.460000,,,23.414000,23.611000,25.928000,24.266000,24.956000,,,,,,,,,,,,,,,,
12.4600,23.285000,23.285000,23.285000,23.285000,23.285000,,,23.285000,23.285000,23.285000,23.285000,23.285000,,,21.857000,21.857000,21.857000,21.857000,21.857000,,,19.560000,19.534000,19.509000,19.484000,19.460000,,,23.414000,23.611000,25.928000,24.266000,24.956000,,,,,,,,,,,,,,,,
12.4700,23.285000,23.285000,23.285000,23.285000,23.285000,,,23.285000,23.285000,23.285000,23.285000,23.285000,,,21.857000,21.857000,21.857000,21.857000,21.857000,,,19.560000,19.534000,19.509000,19.484000,19.460000,,,23.414000,23.611000,25.928000,24.266000,24.956000,,,,,,,,,,,,,,,,
12.4800,23.285000,23.285000,23.285000,23.285000,23.285000,,,23.285000,23.285000,23.285000,23.285000,23.285000,,,21.857000,21.857000,21.857000,21.857000,21.857000,,,19.560000,19.534000,19.509000,19.484000,19.460000,,,23.414000,23.611000,25.928000,24.266000,24.956000,,,,,,,,,,,,,,,,
12.4900,23.285000,23.285000,23.285000,23.285000,23.285000,,,23.285000,23.285000,23.285000,23.285000,23.285000,,,21.857000,21.857000,21.857000,21.857000,21.857000,,,19.560000,19.534000,19.509000,19.484000,19.460000,,,23.414000,23.611000,25.928000,24.266000,24.956000,,,,,,,,,,,,,,,,
12.5000,23.285000,23.285000,23.285000,23.285000,23.285000,,,23.285000,23.285000,23.285000,23.285000,23.285000,,,21.857000,21.857000,21.857000,21.857000,21.857000,,,19.560000,19.534000,19.509000,19.484000,19.460000,,,23.414000,23.611000,25.928000,24.266000,24.956000,,,,,,,,,,,,,,,,
12.5100,23.285000,23.285000,23.285000,23.285000,23.285000,,,23.285000,23.285000,23.285000,23.285000,23.285000,,,21.857000,21.857000,21.857000,21.857000,21.857000,,,19.560000,19.534000,19.509000,19.484000,19.460000,,,23.414000,23.611000,25.928000,24.266000,24.956000,,,,,,,,,,,,,,,,
12.5200,23.285000,23.285000,23.285000,23.285000,23.285000,,,23.285000,23.285000,23.285000,23.285000,23.285000,,,21.857000,21.857000,21.857000,21.857000,21.857000,,,19.560000,19.534000,19.509000,19.484000,19.460000,,,23.414000,23.611000,25.928000,24.266000,24.956000,,,,,,,,,,,,,,,,
12.5300,23.285000,23.285000,23.285000,23.285000,23.285000,,,23.285000,23.285000,23.285000,23.285000,23.285000,,,21.857000,21.857000,21.857000,21.857000,21.857000,,,19.560000,19.534000,19.509000,19.484000,19.460000,,,23.414000,23.611000,25.928000,24.266000,24.956000,,,,,,,,,,,,,,,,
12.5400,23.285000,23.285000,23.285000,23.285000,23.285000,,,23.285000,23.285000,23.285000,23.285000,23.285000,,,21.857000,21.857000,21.857000,21.857000,21.857000,,,19.560000,19.534000,19.509000,19.484000,19.460000,,,23.414000,23.611000,25.928000,24.266000,24.956000,,,,,,,,,,,,,,,,
12.5500,23.285000,23.285000,23.285000,23.285000,23.285000,,,23.285000,23.285000,23.285000,23.285000,23.285000,,,21.857000,21.857000,21.857000,21.857000,21.857000,,,19.560000,19.534000,19.509000,19.484000,19.460000,,,23.414000,23.611000,25.928000,24.266000,24.956000,,,,,,,,,,,,,,,,
12.5600,23.285000,23.285000,23.285000,23.285000,23.285000,,,23.285000,23.285000,23.285000,23.285000,23.285000,,,21.857000,21.857000,21.857000,21.857000,21.857000,,,19.560000,19.534000,19.509000,19.484000,19.460000,,,23.414000,23.611000,25.928000,24.266000,24.956000,,,,,,,,,,,,,,,,
12.5700,23.285000,23.285000,23.285000,23.285000,23.285000,,,23.285000,23.285000,23.285000,23.285000,23.285000,,,21.857000,21.857000,21.857000,21.857000,21.857000,,,19.560000,19.534000,19.509000,19.484000,19.460000,,,23.414000,23.611000,25.928000,24.266000,24.956000,,,,,,,,,,,,,,,,
12.5800,23.285000,23.285000,23.285000,23.285000,23.285000,,,23.285000,23.285000,23.285000,23.285000,23.285000,,,21.857000,21.857000,21.857000,21.857000,21.857000,,,19.560000,19.534000,19.509000,19.484000,19.460000,,,23.414000,23.611000,25.928000,24.266000,24.956000,,,,,,,,,,,,,,,,
12.5900,23.285000,23.285000,23.285000,23.285000,23.285000,,,23.285000,23.285000,23.285000,23.285000,23.285000,,,21.857000,21.857000,21.857000,21.857000,21.857000,,,19.560000,19.534000,19.509000,19.484000,19.460000,,,23.414000,23.611000,25.928000,24.266000,24.956000,,,,,,,,,,,,,,,,
12.6000,23.285000,23.285000,23.285000,23.285000,23.285000,,,23.285000,23.285000,23.285000,23.285000,23.285000,,,21.857000,21.857000,21.857000,21.857000,21.857000,,,19.560000,19.534000,19.509000,19.484000,19.460000,,,23.414000,23.611000,25.928000,24.266000,24.956000,,,,,,,,,,,,,,,,
12.6100,23.285000,23.285000,23.285000,23.285000,23.285000,,,23.285000,23.285000,23.285000,23.285000,23.285000,,,21.857000,21.857000,21.857000,21.857000,21.857000,,,19.560000,19.534000,19.509000,19.484000,19.460000,,,23.414000,23.611000,25.928000,24.266000,24.956000,,,,,,,,,,,,,,,,
12.6200,23.285000,23.285000,23.285000,23.285000,23.285000,,,23.285000,23.285000,23.285000,23.285000,23.285000,,,21.857000,21.857000,21.857000,21.857000,21.857000,,,19.560000,19.534000,19.509000,19.484000,19.460000,,,23.414000,23.611000,25.928000,24.266000,24.956000,,,,,,,,,,,,,,,,
12.6300,23.285000,23.285000,23.285000,23.285000,23.285000,,,23.285000,23.285000,23.285000,23.285000,23.285000,,,21.857000,21.857000,21.857000,21.857000,21.857000,,,19.560000,19.534000,19.509000,19.484000,19.460000,,,23.414000,23.611000,25.928000,24.266000,24.956000,,,,,,,,,,,,,,,,
12.6400,23.285000,23.285000,23.285000,23.285000,23.285000,,,23.285000,23.285000,23.285000,23.285000,23.285000,,,21.857000,21.857000,21.857000,21.857000,21.857000,,,19.560000,19.534000,19.509000,19.484000,19.460000,,,23.414000,23.611000,25.928000,24.266000,24.956000,,,,,,,,,,,,,,,,
12.6500,23.285000,23.285000,23.285000,23.285000,23.285000,,,23.285000,23.285000,23.285000,23.285000,23.285000,,,21.857000,21.857000,21.857000,21.857000,21.857000,,,19.560000,19.534000,19.509000,19.484000,19.460000,,,23.414000,23.611000,25.928000,24.266000,24.956000,,,,,,,,,,,,,,,,
12.6600,23.285000,23.285000,23.285000,23.285000,23.285000,,,23.285000,23.285000,23.285000,23.285000,23.285000,,,21.857000,21.857000,21.857000,21.857000,21.857000,,,19.560000,19.534000,19.509000,19.484000,19.460000,,,23.414000,23.611000,25.928000,24.266000,24.956000,,,,,,,,,,,,,,,,
12.6700,23.285000,23.285000,23.285000,23.285000,23.285000,,,23.285000,23.285000,23.285000,23.285000,23.285000,,,21.857000,21.857000,21.857000,21.857000,21.857000,,,19.560000,19.534000,19.509000,19.484000,19.460000,,,23.414000,23.611000,25.928000,24.266000,24.956000,,,,,,,,,,,,,,,,
12.6800,23.285000,23.285000,23.285000,23.285000,23.285000,,,23.285000,23.285000,23.285000,23.285000,23.285000,,,21.857000,21.857000,21.857000,21.857000,21.857000,,,19.560000,19.534000,19.509000,19.484000,19.460000,,,23.414000,23.611000,25.928000,24.266000,24.956000,,,,,,,,,,,,,,,,
12.6900,23.285000,23.285000,23.285000,23.285000,23.285000,,,23.285000,23.285000,23.285000,23.285000,23.285000,,,21.857000,21.857000,21.857000,21.857000,21.857000,,,19.560000,19.534000,19.509000,19.484000,19.460000,,,23.414000,23.611000,25.928000,24.266000,24.956000,,,,,,,,,,,,,,,,
12.7000,23.285000,23.285000,23.285000,23.285000,23.285000,,,23.285000,23.285000,23.285000,23.285000,23.285000,,,21.857000,21.857000,21.857000,21.857000,21.857000,,,19.560000,19.534000,19.509000,19.484000,19.460000,,,23.414000,23.611000,25.928000,24.266000,24.956000,,,,,,,,,,,,,,,,
12.7100,23.285000,23.285000,23.285000,23.285000,23.285000,,,23.285000,23.285000,23.285000,23.285000,23.285000,,,21.857000,21.857000,21.857000,21.857000,21.857000,,,19.560000,19.534000,19.509000,19.484000,19.460000,,,23.414000,23.611000,25.928000,24.266000,24.956000,,,,,,,,,,,,,,,,
12.7200,23.285000,23.285000,23.285000,23.285000,23.285000,,,23.285000,23.285000,23.285000,23.285000,23.285000,,,21.857000,21.857000,21.857000,21.857000,21.857000,,,19.560000,19.534000,19.509000,19.484000,19.460000,,,23.414000,23.611000,25.928000,24.266000,24.956000,,,,,,,,,,,,,,,,
12.7300,23.285000,23.285000,23.285000,23.285000,23.285000,,,23.285000,23.285000,23.285000,23.285000,23.285000,,,21.857000,21.857000,21.857000,21.857000,21.857000,,,19.560000,19.534000,19.509000,19.484000,19.460000,,,23.414000,23.611000,25.928000,24.266000,24.956000,,,,,,,,,,,,,,,,
12.7400,23.285000,23.285000,23.285000,23.285000,23.285000,,,23.285000,23.285000,23.285000,23.285000,23.285000,,,21.857000,21.857000,21.857000,21.857000,21.857000,,,19.560000,19.534000,19.509000,19.484000,19.460000,,,23.414000,23.611000,25.928000,24.266000,24.956000,,,,,,,,,,,,,,,,
12.7500,23.285000,23.285000,23.285000,23.285000,23.285000,,,23.285000,23.285000,23.285000,23.285000,23.285000,,,21.857000,21.857000,21.857000,21.857000,21.857000,,,19.560000,19.534000,19.509000,19.484000,19.460000,,,23.414000,23.611000,25.928000,24.266000,24.956000,,,,,,,,,,,,,,,,
12.7600,23.285000,23.285000,23.285000,23.285000,23.285000,,,23.285000,23.285000,23.285000,23.285000,23.285000,,,21.857000,21.857000,21.857000,21.857000,21.857000,,,19.560000,19.534000,19.509000,19.484000,19.460000,,,23.414000,23.611000,25.928000,24.266000,24.956000,,,,,,,,,,,,,,,,
12.7700,23.285000,23.285000,23.285000,23.285000,23.285000,,,23.285000,23.285000,23.285000,23.285000,23.285000,,,21.857000,21.857000,21.857000,21.857000,21.857000,,,19.560000,19.534000,19.509000,19.484000,19.460000,,,23.414000,23.611000,25.928000,24.266000,24.956000,,,,,,,,,,,,,,,,
12.7800,23.285000,23.285000,23.285000,23.285000,23.285000,,,23.285000,23.285000,23.285000,23.285000,23.285000,,,21.857000,21.857000,21.857000,21.857000,21.857000,,,19.560000,19.534000,19.509000,19.484000,19.460000,,,23.414000,23.611000,25.928000,24.266000,24.956000,,,,,,,,,,,,,,,,
12.7900,23.285000,23.285000,23.285000,23.285000,23.285000,,,23.285000,23.285000,23.285000,23.285000,23.285000,,,21.857000,21.857000,21.857000,21.857000,21.857000,,,19.560000,19.534000,19.509000,19.484000,19.460000,,,23.414000,23.611000,25.928000,24.266000,24.956000,,,,,,,,,,,,,,,,
12.8000,23.285000,23.285000,23.285000,23.285000,23.285000,,,23.285000,23.285000,23.285000,23.285000,23.285000,,,21.857000,21.857000,21.857000,21.857000,21.857000,,,19.560000,19.534000,19.509000,19.484000,19.460000,,,23.414000,23.611000,25.928000,24.266000,24.956000,,,,,,,,,,,,,,,,
12.8100,23.285000,23.285000,23.285000,23.285000,23.285000,,,23.285000,23.285000,23.285000,23.285000,23.285000,,,21.857000,21.857000,21.857000,21.857000,21.857000,,,19.560000,19.534000,19.509000,19.484000,19.460000,,,23.414000,23.611000,25.928000,24.266000,24.956000,,,,,,,,,,,,,,,,
12.8200,23.285000,23.285000,23.285000,23.285000,23.285000,,,23.285000,23.285000,23.285000,23.285000,23.285000,,,21.857000,21.857000,21.857000,21.857000,21.857000,,,19.560000,19.534000,19.509000,19.484000,19.460000,,,23.414000,23.611000,25.928000,24.266000,24.956000,,,,,,,,,,,,,,,,
12.8300,23.285000,23.285000,23.285000,23.285000,23.285000,,,23.285000,23.285000,23.285000,23.285000,23.285000,,,21.857000,21.857000,21.857000,21.857000,21.857000,,,19.560000,19.534000,19.509000,19.484000,19.460000,,,23.414000,23.611000,25.928000,24.266000,24.956000,,,,,,,,,,,,,,,,
12.8400,23.285000,23.285000,23.285000,23.285000,23.285000,,,23.285000,23.285000,23.285000,23.285000,23.285000,,,21.857000,21.857000,21.857000,21.857000,21.857000,,,19.560000,19.534000,19.509000,19.484000,19.460000,,,23.414000,23.611000,25.928000,24.266000,24.956000,,,,,,,,,,,,,,,,
12.8500,23.285000,23.285000,23.285000,23.285000,23.285000,,,23.285000,23.285000,23.285000,23.285000,23.285000,,,21.857000,21.857000,21.857000,21.857000,21.857000,,,19.560000,19.534000,19.509000,19.484000,19.460000,,,23.414000,23.611000,25.928000,24.266000,24.956000,,,,,,,,,,,,,,,,
12.8600,23.285000,23.285000,23.285000,23.285000,23.285000,,,23.285000,23.285000,23.285000,23.285000,23.285000,,,21.857000,21.857000,21.857000,21.857000,21.857000,,,19.560000,19.534000,19.509000,19.484000,19.460000,,,23.414000,23.611000,25.928000,24.266000,24.956000,,,,,,,,,,,,,,,,
12.8700,23.285000,23.285000,23.285000,23.285000,23.285000,,,23.285000,23.285000,23.285000,23.285000,23.285000,,,21.857000,21.857000,21.857000,21.857000,21.857000,,,19.560000,19.534000,19.509000,19.484000,19.460000,,,23.414000,23.611000,25.928000,24.266000,24.956000,,,,,,,,,,,,,,,,
12.8800,23.285000,23.285000,23.285000,23.285000,23.285000,,,23.285000,23.285000,23.285000,23.285000,23.285000,,,21.857000,21.857000,21.857000,21.857000,21.857000,,,19.560000,19.534000,19.509000,19.484000,19.460000,,,23.414000,23.611000,25.928000,24.266000,24.956000,,,,,,,,,,,,,,,,
12.8900,23.285000,23.285000,23.285000,23.285000,23.285000,,,23.285000,23.285000,23.285000,23.285000,23.285000,,,21.857000,21.857000,21.857000,21.857000,21.857000,,,19.560000,19.534000,19.509000,19.484000,19.460000,,,23.414000,23.611000,25.928000,24.266000,24.956000,,,,,,,,,,,,,,,,
12.9000,23.285000,23.285000,23.285000,23.285000,23.285000,,,23.285000,23.285000,23.285000,23.285000,23.285000,,,21.857000,21.857000,21.857000,21.857000,21.857000,,,19.560000,19.534000,19.509000,19.484000,19.460000,,,23.414000,23.611000,25.928000,24.266000,24.956000,,,,,,,,,,,,,,,,
12.9100,23.285000,23.285000,23.285000,23.285000,23.285000,,,23.285000,23.285000,23.285000,23.285000,23.285000,,,21.857000,21.857000,21.857000,21.857000,21.857000,,,19.560000,19.534000,19.509000,19.484000,19.460000,,,23.414000,23.611000,25.928000,24.266000,24.956000,,,,,,,,,,,,,,,,
12.9200,23.285000,23.285000,23.285000,23.285000,23.285000,,,23.285000,23.285000,23.285000,23.285000,23.285000,,,21.857000,21.857000,21.857000,21.857000,21.857000,,,19.560000,19.534000,19.509000,19.484000,19.460000,,,23.414000,23.611000,25.928000,24.266000,24.956000,,,,,,,,,,,,,,,,
12.9300,23.285000,23.285000,23.285000,23.285000,23.285000,,,23.285000,23.285000,23.285000,23.285000,23.285000,,,21.857000,21.857000,21.857000,21.857000,21.857000,,,19.560000,19.534000,19.509000,19.484000,19.460000,,,23.414000,23.611000,25.928000,24.266000,24.956000,,,,,,,,,,,,,,,,
12.9400,23.285000,23.285000,23.285000,23.285000,23.285000,,,23.285000,23.285000,23.285000,23.285000,23.285000,,,21.857000,21.857000,21.857000,21.857000,21.857000,,,19.560000,19.534000,19.509000,19.484000,19.460000,,,23.414000,23.611000,25.928000,24.266000,24.956000,,,,,,,,,,,,,,,,
12.9500,23.285000,23.285000,23.285000,23.285000,23.285000,,,23.285000,23.285000,23.285000,23.285000,23.285000,,,21.857000,21.857000,21.857000,21.857000,21.857000,,,19.560000,19.534000,19.509000,19.484000,19.460000,,,23.414000,23.611000,25.928000,24.266000,24.956000,,,,,,,,,,,,,,,,
12.9600,23.285000,23.285000,23.285000,23.285000,23.285000,,,23.285000,23.285000,23.285000,23.285000,23.285000,,,21.857000,21.857000,21.857000,21.857000,21.857000,,,19.560000,19.534000,19.509000,19.484000,19.460000,,,23.414000,23.611000,25.928000,24.266000,24.956000,,,,,,,,,,,,,,,,
12.9700,23.285000,23.285000,23.285000,23.285000,23.285000,,,23.285000,23.285000,23.285000,23.285000,23.285000,,,21.857000,21.857000,21.857000,21.857000,21.857000,,,19.560000,19.534000,19.509000,19.484000,19.460000,,,23.414000,23.611000,25.928000,24.266000,24.956000,,,,,,,,,,,,,,,,
12.9800,23.285000,23.285000,23.285000,23.285000,23.285000,,,23.285000,23.285000,23.285000,23.285000,23.285000,,,21.857000,21.857000,21.857000,21.857000,21.857000,,,19.560000,19.534000,19.509000,19.484000,19.460000,,,23.414000,23.611000,25.928000,24.266000,24.956000,,,,,,,,,,,,,,,,
12.9900,23.285000,23.285000,23.285000,23.285000,23.285000,,,23.285000,23.285000,23.285000,23.285000,23.285000,,,21.857000,21.857000,21.857000,21.857000,21.857000,,,19.560000,19.534000,19.509000,19.484000,19.460000,,,23.414000,23.611000,25.928000,24.266000,24.956000,,,,,,,,,,,,,,,,
13.0000,23.285000,23.285000,23.285000,23.285000,23.285000,,,23.285000,23.285000,23.285000,23.285000,23.285000,,,21.857000,21.857000,21.857000,21.857000,21.857000,,,19.560000,19.534000,19.509000,19.484000,19.460000,,,23.414000,23.611000,25.928000,24.266000,24.956000,,,,,,,,,,,,,,,,
13.0100,23.285000,23.285000,23.285000,23.285000,23.285000,,,23.285000,23.285000,23.285000,23.285000,23.285000,,,21.857000,21.857000,21.857000,21.857000,21.857000,,,19.560000,19.534000,19.509000,19.484000,19.460000,,,23.414000,23.611000,25.928000,24.266000,24.956000,,,,,,,,,,,,,,,,
13.0200,23.285000,23.285000,23.285000,23.285000,23.285000,,,23.285000,23.285000,23.285000,23.285000,23.285000,,,21.857000,21.857000,21.857000,21.857000,21.857000,,,19.560000,19.534000,19.509000,19.484000,19.460000,,,23.414000,23.611000,25.928000,24.266000,24.956000,,,,,,,,,,,,,,,,
13.0300,23.285000,23.285000,23.285000,23.285000,23.285000,,,23.285000,23.285000,23.285000,23.285000,23.285000,,,21.857000,21.857000,21.857000,21.857000,21.857000,,,19.560000,19.534000,19.509000,19.484000,19.460000,,,23.414000,23.611000,25.928000,24.266000,24.956000,,,,,,,,,,,,,,,,
13.0400,23.285000,23.285000,23.285000,23.285000,23.285000,,,23.285000,23.285000,23.285000,23.285000,23.285000,,,21.857000,21.857000,21.857000,21.857000,21.857000,,,19.560000,19.534000,19.509000,19.484000,19.460000,,,23.414000,23.611000,25.928000,24.266000,24.956000,,,,,,,,,,,,,,,,
13.0500,23.285000,23.285000,23.285000,23.285000,23.285000,,,23.285000,23.285000,23.285000,23.285000,23.285000,,,21.857000,21.857000,21.857000,21.857000,21.857000,,,19.560000,19.534000,19.509000,19.484000,19.460000,,,23.414000,23.611000,25.928000,24.266000,24.956000,,,,,,,,,,,,,,,,
13.0600,23.285000,23.285000,23.285000,23.285000,23.285000,,,23.285000,23.285000,23.285000,23.285000,23.285000,,,21.857000,21.857000,21.857000,21.857000,21.857000,,,19.560000,19.534000,19.509000,19.484000,19.460000,,,23.414000,23.611000,25.928000,24.266000,24.956000,,,,,,,,,,,,,,,,
13.0700,23.285000,23.285000,23.285000,23.285000,23.285000,,,23.285000,23.285000,23.285000,23.285000,23.285000,,,21.857000,21.857000,21.857000,21.857000,21.857000,,,19.560000,19.534000,19.509000,19.484000,19.460000,,,23.414000,23.611000,25.928000,24.266000,24.956000,,,,,,,,,,,,,,,,
13.0800,23.285000,23.285000,23.285000,23.285000,23.285000,,,23.285000,23.285000,23.285000,23.285000,23.285000,,,21.857000,21.857000,21.857000,21.857000,21.857000,,,19.560000,19.534000,19.509000,19.484000,19.460000,,,23.414000,23.611000,25.928000,24.266000,24.956000,,,,,,,,,,,,,,,,
13.0900,23.285000,23.285000,23.285000,23.285000,23.285000,,,23.285000,23.285000,23.285000,23.285000,23.285000,,,21.857000,21.857000,21.857000,21.857000,21.857000,,,19.560000,19.534000,19.509000,19.484000,19.460000,,,23.414000,23.611000,25.928000,24.266000,24.956000,,,,,,,,,,,,,,,,
13.1000,23.285000,23.285000,23.285000,23.285000,23.285000,,,23.285000,23.285000,23.285000,23.285000,23.285000,,,21.857000,21.857000,21.857000,21.857000,21.857000,,,19.560000,19.534000,19.509000,19.484000,19.460000,,,23.414000,23.611000,25.928000,24.266000,24.956000,,,,,,,,,,,,,,,,
13.1100,23.285000,23.285000,23.285000,23.285000,23.285000,,,23.285000,23.285000,23.285000,23.285000,23.285000,,,21.857000,21.857000,21.857000,21.857000,21.857000,,,19.560000,19.534000,19.509000,19.484000,19.460000,,,23.414000,23.611000,25.928000,24.266000,24.956000,,,,,,,,,,,,,,,,
13.1200,23.285000,23.285000,23.285000,23.285000,23.285000,,,23.285000,23.285000,23.285000,23.285000,23.285000,,,21.857000,21.857000,21.857000,21.857000,21.857000,,,19.560000,19.534000,19.509000,19.484000,19.460000,,,23.414000,23.611000,25.928000,24.266000,24.956000,,,,,,,,,,,,,,,,
13.1300,23.285000,23.285000,23.285000,23.285000,23.285000,,,23.285000,23.285000,23.285000,23.285000,23.285000,,,21.857000,21.857000,21.857000,21.857000,21.857000,,,19.560000,19.534000,19.509000,19.484000,19.460000,,,23.414000,23.611000,25.928000,24.266000,24.956000,,,,,,,,,,,,,,,,
13.1400,23.285000,23.285000,23.285000,23.285000,23.285000,,,23.285000,23.285000,23.285000,23.285000,23.285000,,,21.857000,21.857000,21.857000,21.857000,21.857000,,,19.560000,19.534000,19.509000,19.484000,19.460000,,,23.414000,23.611000,25.928000,24.266000,24.956000,,,,,,,,,,,,,,,,
13.1500,23.285000,23.285000,23.285000,23.285000,23.285000,,,23.285000,23.285000,23.285000,23.285000,23.285000,,,21.857000,21.857000,21.857000,21.857000,21.857000,,,19.560000,19.534000,19.509000,19.484000,19.460000,,,23.414000,23.611000,25.928000,24.266000,24.956000,,,,,,,,,,,,,,,,
13.1600,23.285000,23.285000,23.285000,23.285000,23.285000,,,23.285000,23.285000,23.285000,23.285000,23.285000,,,21.857000,21.857000,21.857000,21.857000,21.857000,,,19.560000,19.534000,19.509000,19.484000,19.460000,,,23.414000,23.611000,25.928000,24.266000,24.956000,,,,,,,,,,,,,,,,
13.1700,23.285000,23.285000,23.285000,23.285000,23.285000,,,23.285000,23.285000,23.285000,23.285000,23.285000,,,21.857000,21.857000,21.857000,21.857000,21.857000,,,19.560000,19.534000,19.509000,19.484000,19.460000,,,23.414000,23.611000,25.928000,24.266000,24.956000,,,,,,,,,,,,,,,,
13.1800,23.285000,23.285000,23.285000,23.285000,23.285000,,,23.285000,23.285000,23.285000,23.285000,23.285000,,,21.857000,21.857000,21.857000,21.857000,21.857000,,,19.560000,19.534000,19.509000,19.484000,19.460000,,,23.414000,23.611000,25.928000,24.266000,24.956000,,,,,,,,,,,,,,,,
13.1900,23.285000,23.285000,23.285000,23.285000,23.285000,,,23.285000,23.285000,23.285000,23.285000,23.285000,,,21.857000,21.857000,21.857000,21.857000,21.857000,,,19.560000,19.534000,19.509000,19.484000,19.460000,,,23.414000,23.611000,25.928000,24.266000,24.956000,,,,,,,,,,,,,,,,
13.2000,23.285000,23.285000,23.285000,23.285000,23.285000,,,23.285000,23.285000,23.285000,23.285000,23.285000,,,21.857000,21.857000,21.857000,21.857000,21.857000,,,19.560000,19.534000,19.509000,19.484000,19.460000,,,23.414000,23.611000,25.928000,24.266000,24.956000,,,,,,,,,,,,,,,,
13.2100,23.285000,23.285000,23.285000,23.285000,23.285000,,,23.285000,23.285000,23.285000,23.285000,23.285000,,,21.857000,21.857000,21.857000,21.857000,21.857000,,,19.560000,19.534000,19.509000,19.484000,19.460000,,,23.414000,23.611000,25.928000,24.266000,24.956000,,,,,,,,,,,,,,,,
13.2200,23.285000,23.285000,23.285000,23.285000,23.285000,,,23.285000,23.285000,23.285000,23.285000,23.285000,,,21.857000,21.857000,21.857000,21.857000,21.857000,,,19.560000,19.534000,19.509000,19.484000,19.460000,,,23.414000,23.611000,25.928000,24.266000,24.956000,,,,,,,,,,,,,,,,
13.2300,23.285000,23.285000,23.285000,23.285000,23.285000,,,23.285000,23.285000,23.285000,23.285000,23.285000,,,21.857000,21.857000,21.857000,21.857000,21.857000,,,19.560000,19.534000,19.509000,19.484000,19.460000,,,23.414000,23.611000,25.928000,24.266000,24.956000,,,,,,,,,,,,,,,,
13.2400,23.285000,23.285000,23.285000,23.285000,23.285000,,,23.285000,23.285000,23.285000,23.285000,23.285000,,,21.857000,21.857000,21.857000,21.857000,21.857000,,,19.560000,19.534000,19.509000,19.484000,19.460000,,,23.414000,23.611000,25.928000,24.266000,24.956000,,,,,,,,,,,,,,,,
13.2500,23.285000,23.285000,23.285000,23.285000,23.285000,,,23.285000,23.285000,23.285000,23.285000,23.285000,,,21.857000,21.857000,21.857000,21.857000,21.857000,,,19.560000,19.534000,19.509000,19.484000,19.460000,,,23.414000,23.611000,25.928000,24.266000,24.956000,,,,,,,,,,,,,,,,
13.2600,23.285000,23.285000,23.285000,23.285000,23.285000,,,23.285000,23.285000,23.285000,23.285000,23.285000,,,21.857000,21.857000,21.857000,21.857000,21.857000,,,19.560000,19.534000,19.509000,19.484000,19.460000,,,23.414000,23.611000,25.928000,24.266000,24.956000,,,,,,,,,,,,,,,,
13.2700,23.285000,23.285000,23.285000,23.285000,23.285000,,,23.285000,23.285000,23.285000,23.285000,23.285000,,,21.857000,21.857000,21.857000,21.857000,21.857000,,,19.560000,19.534000,19.509000,19.484000,19.460000,,,23.414000,23.611000,25.928000,24.266000,24.956000,,,,,,,,,,,,,,,,
13.2800,23.285000,23.285000,23.285000,23.285000,23.285000,,,23.285000,23.285000,23.285000,23.285000,23.285000,,,21.857000,21.857000,21.857000,21.857000,21.857000,,,19.560000,19.534000,19.509000,19.484000,19.460000,,,23.414000,23.611000,25.928000,24.266000,24.956000,,,,,,,,,,,,,,,,
13.2900,23.285000,23.285000,23.285000,23.285000,23.285000,,,23.285000,23.285000,23.285000,23.285000,23.285000,,,21.857000,21.857000,21.857000,21.857000,21.857000,,,19.560000,19.534000,19.509000,19.484000,19.460000,,,23.414000,23.611000,25.928000,24.266000,24.956000,,,,,,,,,,,,,,,,
13.3000,23.285000,23.285000,23.285000,23.285000,23.285000,,,23.285000,23.285000,23.285000,23.285000,23.285000,,,21.857000,21.857000,21.857000,21.857000,21.857000,,,19.560000,19.534000,19.509000,19.484000,19.460000,,,23.414000,23.611000,25.928000,24.266000,24.956000,,,,,,,,,,,,,,,,
13.3100,23.285000,23.285000,23.285000,23.285000,23.285000,,,23.285000,23.285000,23.285000,23.285000,23.285000,,,21.857000,21.857000,21.857000,21.857000,21.857000,,,19.560000,19.534000,19.509000,19.484000,19.460000,,,23.414000,23.611000,25.928000,24.266000,24.956000,,,,,,,,,,,,,,,,
13.3200,23.285000,23.285000,23.285000,23.285000,23.285000,,,23.285000,23.285000,23.285000,23.285000,23.285000,,,21.857000,21.857000,21.857000,21.857000,21.857000,,,19.560000,19.534000,19.509000,19.484000,19.460000,,,23.414000,23.611000,25.928000,24.266000,24.956000,,,,,,,,,,,,,,,,
13.3300,23.285000,23.285000,23.285000,23.285000,23.285000,,,23.285000,23.285000,23.285000,23.285000,23.285000,,,21.857000,21.857000,21.857000,21.857000,21.857000,,,19.560000,19.534000,19.509000,19.484000,19.460000,,,23.414000,23.611000,25.928000,24.266000,24.956000,,,,,,,,,,,,,,,,
13.3400,23.285000,23.285000,23.285000,23.285000,23.285000,,,23.285000,23.285000,23.285000,23.285000,23.285000,,,21.857000,21.857000,21.857000,21.857000,21.857000,,,19.560000,19.534000,19.509000,19.484000,19.460000,,,23.414000,23.611000,25.928000,24.266000,24.956000,,,,,,,,,,,,,,,,
13.3500,23.285000,23.285000,23.285000,23.285000,23.285000,,,23.285000,23.285000,23.285000,23.285000,23.285000,,,21.857000,21.857000,21.857000,21.857000,21.857000,,,19.560000,19.534000,19.509000,19.484000,19.460000,,,23.414000,23.611000,25.928000,24.266000,24.956000,,,,,,,,,,,,,,,,
13.3600,23.285000,23.285000,23.285000,23.285000,23.285000,,,23.285000,23.285000,23.285000,23.285000,23.285000,,,21.857000,21.857000,21.857000,21.857000,21.857000,,,19.560000,19.534000,19.509000,19.484000,19.460000,,,23.414000,23.611000,25.928000,24.266000,24.956000,,,,,,,,,,,,,,,,
13.3700,23.285000,23.285000,23.285000,23.285000,23.285000,,,23.285000,23.285000,23.285000,23.285000,23.285000,,,21.857000,21.857000,21.857000,21.857000,21.857000,,,19.560000,19.534000,19.509000,19.484000,19.460000,,,23.414000,23.611000,25.928000,24.266000,24.956000,,,,,,,,,,,,,,,,
13.3800,23.285000,23.285000,23.285000,23.285000,23.285000,,,23.285000,23.285000,23.285000,23.285000,23.285000,,,21.857000,21.857000,21.857000,21.857000,21.857000,,,19.560000,19.534000,19.509000,19.484000,19.460000,,,23.414000,23.611000,25.928000,24.266000,24.956000,,,,,,,,,,,,,,,,
13.3900,23.285000,23.285000,23.285000,23.285000,23.285000,,,23.285000,23.285000,23.285000,23.285000,23.285000,,,21.857000,21.857000,21.857000,21.857000,21.857000,,,19.560000,19.534000,19.509000,19.484000,19.460000,,,23.414000,23.611000,25.928000,24.266000,24.956000,,,,,,,,,,,,,,,,
13.4000,23.285000,23.285000,23.285000,23.285000,23.285000,,,23.285000,23.285000,23.285000,23.285000,23.285000,,,21.857000,21.857000,21.857000,21.857000,21.857000,,,19.560000,19.534000,19.509000,19.484000,19.460000,,,23.414000,23.611000,25.928000,24.266000,24.956000,,,,,,,,,,,,,,,,
13.4100,23.285000,23.285000,23.285000,23.285000,23.285000,,,23.285000,23.285000,23.285000,23.285000,23.285000,,,21.857000,21.857000,21.857000,21.857000,21.857000,,,19.560000,19.534000,19.509000,19.484000,19.460000,,,23.414000,23.611000,25.928000,24.266000,24.956000,,,,,,,,,,,,,,,,
13.4200,23.285000,23.285000,23.285000,23.285000,23.285000,,,23.285000,23.285000,23.285000,23.285000,23.285000,,,21.857000,21.857000,21.857000,21.857000,21.857000,,,19.560000,19.534000,19.509000,19.484000,19.460000,,,23.414000,23.611000,25.928000,24.266000,24.956000,,,,,,,,,,,,,,,,
13.4300,23.285000,23.285000,23.285000,23.285000,23.285000,,,23.285000,23.285000,23.285000,23.285000,23.285000,,,21.857000,21.857000,21.857000,21.857000,21.857000,,,19.560000,19.534000,19.509000,19.484000,19.460000,,,23.414000,23.611000,25.928000,24.266000,24.956000,,,,,,,,,,,,,,,,
13.4400,23.285000,23.285000,23.285000,23.285000,23.285000,,,23.285000,23.285000,23.285000,23.285000,23.285000,,,21.857000,21.857000,21.857000,21.857000,21.857000,,,19.560000,19.534000,19.509000,19.484000,19.460000,,,23.414000,23.611000,25.928000,24.266000,24.956000,,,,,,,,,,,,,,,,
13.4500,23.285000,23.285000,23.285000,23.285000,23.285000,,,23.285000,23.285000,23.285000,23.285000,23.285000,,,21.857000,21.857000,21.857000,21.857000,21.857000,,,19.560000,19.534000,19.509000,19.484000,19.460000,,,23.414000,23.611000,25.928000,24.266000,24.956000,,,,,,,,,,,,,,,,
13.4600,23.285000,23.285000,23.285000,23.285000,23.285000,,,23.285000,23.285000,23.285000,23.285000,23.285000,,,21.857000,21.857000,21.857000,21.857000,21.857000,,,19.560000,19.534000,19.509000,19.484000,19.460000,,,23.414000,23.611000,25.928000,24.266000,24.956000,,,,,,,,,,,,,,,,
13.4700,23.285000,23.285000,23.285000,23.285000,23.285000,,,23.285000,23.285000,23.285000,23.285000,23.285000,,,21.857000,21.857000,21.857000,21.857000,21.857000,,,19.560000,19.534000,19.509000,19.484000,19.460000,,,23.414000,23.611000,25.928000,24.266000,24.956000,,,,,,,,,,,,,,,,
13.4800,23.285000,23.285000,23.285000,23.285000,23.285000,,,23.285000,23.285000,23.285000,23.285000,23.285000,,,21.857000,21.857000,21.857000,21.857000,21.857000,,,19.560000,19.534000,19.509000,19.484000,19.460000,,,23.414000,23.611000,25.928000,24.266000,24.956000,,,,,,,,,,,,,,,,
13.4900,23.285000,23.285000,23.285000,23.285000,23.285000,,,23.285000,23.285000,23.285000,23.285000,23.285000,,,21.857000,21.857000,21.857000,21.857000,21.857000,,,19.560000,19.534000,19.509000,19.484000,19.460000,,,23.414000,23.611000,25.928000,24.266000,24.956000,,,,,,,,,,,,,,,,
13.5000,23.285000,23.285000,23.285000,23.285000,23.285000,,,23.285000,23.285000,23.285000,23.285000,23.285000,,,21.857000,21.857000,21.857000,21.857000,21.857000,,,19.560000,19.534000,19.509000,19.484000,19.460000,,,23.414000,23.611000,25.928000,24.266000,24.956000,,,,,,,,,,,,,,,,
13.5100,23.285000,23.285000,23.285000,23.285000,23.285000,,,23.285000,23.285000,23.285000,23.285000,23.285000,,,21.857000,21.857000,21.857000,21.857000,21.857000,,,19.560000,19.534000,19.509000,19.484000,19.460000,,,23.414000,23.611000,25.928000,24.266000,24.956000,,,,,,,,,,,,,,,,
13.5200,23.285000,23.285000,23.285000,23.285000,23.285000,,,23.285000,23.285000,23.285000,23.285000,23.285000,,,21.857000,21.857000,21.857000,21.857000,21.857000,,,19.560000,19.534000,19.509000,19.484000,19.460000,,,23.414000,23.611000,25.928000,24.266000,24.956000,,,,,,,,,,,,,,,,
13.5300,23.285000,23.285000,23.285000,23.285000,23.285000,,,23.285000,23.285000,23.285000,23.285000,23.285000,,,21.857000,21.857000,21.857000,21.857000,21.857000,,,19.560000,19.534000,19.509000,19.484000,19.460000,,,23.414000,23.611000,25.928000,24.266000,24.956000,,,,,,,,,,,,,,,,
13.5400,23.285000,23.285000,23.285000,23.285000,23.285000,,,23.285000,23.285000,23.285000,23.285000,23.285000,,,21.857000,21.857000,21.857000,21.857000,21.857000,,,19.560000,19.534000,19.509000,19.484000,19.460000,,,23.414000,23.611000,25.928000,24.266000,24.956000,,,,,,,,,,,,,,,,
13.5500,23.285000,23.285000,23.285000,23.285000,23.285000,,,23.285000,23.285000,23.285000,23.285000,23.285000,,,21.857000,21.857000,21.857000,21.857000,21.857000,,,19.560000,19.534000,19.509000,19.484000,19.460000,,,23.414000,23.611000,25.928000,24.266000,24.956000,,,,,,,,,,,,,,,,
13.5600,23.285000,23.285000,23.285000,23.285000,23.285000,,,23.285000,23.285000,23.285000,23.285000,23.285000,,,21.857000,21.857000,21.857000,21.857000,21.857000,,,19.560000,19.534000,19.509000,19.484000,19.460000,,,23.414000,23.611000,25.928000,24.266000,24.956000,,,,,,,,,,,,,,,,
13.5700,23.285000,23.285000,23.285000,23.285000,23.285000,,,23.285000,23.285000,23.285000,23.285000,23.285000,,,21.857000,21.857000,21.857000,21.857000,21.857000,,,19.560000,19.534000,19.509000,19.484000,19.460000,,,23.414000,23.611000,25.928000,24.266000,24.956000,,,,,,,,,,,,,,,,
13.5800,23.285000,23.285000,23.285000,23.285000,23.285000,,,23.285000,23.285000,23.285000,23.285000,23.285000,,,21.857000,21.857000,21.857000,21.857000,21.857000,,,19.560000,19.534000,19.509000,19.484000,19.460000,,,23.414000,23.611000,25.928000,24.266000,24.956000,,,,,,,,,,,,,,,,
13.5900,23.285000,23.285000,23.285000,23.285000,23.285000,,,23.285000,23.285000,23.285000,23.285000,23.285000,,,21.857000,21.857000,21.857000,21.857000,21.857000,,,19.560000,19.534000,19.509000,19.484000,19.460000,,,23.414000,23.611000,25.928000,24.266000,24.956000,,,,,,,,,,,,,,,,
13.6000,23.285000,23.285000,23.285000,23.285000,23.285000,,,23.285000,23.285000,23.285000,23.285000,23.285000,,,21.857000,21.857000,21.857000,21.857000,21.857000,,,19.560000,19.534000,19.509000,19.484000,19.460000,,,23.414000,23.611000,25.928000,24.266000,24.956000,,,,,,,,,,,,,,,,
13.6100,23.285000,23.285000,23.285000,23.285000,23.285000,,,23.285000,23.285000,23.285000,23.285000,23.285000,,,21.857000,21.857000,21.857000,21.857000,21.857000,,,19.560000,19.534000,19.509000,19.484000,19.460000,,,23.414000,23.611000,25.928000,24.266000,24.956000,,,,,,,,,,,,,,,,
13.6200,23.285000,23.285000,23.285000,23.285000,23.285000,,,23.285000,23.285000,23.285000,23.285000,23.285000,,,21.857000,21.857000,21.857000,21.857000,21.857000,,,19.560000,19.534000,19.509000,19.484000,19.460000,,,23.414000,23.611000,25.928000,24.266000,24.956000,,,,,,,,,,,,,,,,
13.6300,23.285000,23.285000,23.285000,23.285000,23.285000,,,23.285000,23.285000,23.285000,23.285000,23.285000,,,21.857000,21.857000,21.857000,21.857000,21.857000,,,19.560000,19.534000,19.509000,19.484000,19.460000,,,23.414000,23.611000,25.928000,24.266000,24.956000,,,,,,,,,,,,,,,,
13.6400,23.285000,23.285000,23.285000,23.285000,23.285000,,,23.285000,23.285000,23.285000,23.285000,23.285000,,,21.857000,21.857000,21.857000,21.857000,21.857000,,,19.560000,19.534000,19.509000,19.484000,19.460000,,,23.414000,23.611000,25.928000,24.266000,24.956000,,,,,,,,,,,,,,,,
13.6500,23.285000,23.285000,23.285000,23.285000,23.285000,,,23.285000,23.285000,23.285000,23.285000,23.285000,,,21.857000,21.857000,21.857000,21.857000,21.857000,,,19.560000,19.534000,19.509000,19.484000,19.460000,,,23.414000,23.611000,25.928000,24.266000,24.956000,,,,,,,,,,,,,,,,
13.6600,23.285000,23.285000,23.285000,23.285000,23.285000,,,23.285000,23.285000,23.285000,23.285000,23.285000,,,21.857000,21.857000,21.857000,21.857000,21.857000,,,19.560000,19.534000,19.509000,19.484000,19.460000,,,23.414000,23.611000,25.928000,24.266000,24.956000,,,,,,,,,,,,,,,,
13.6700,23.285000,23.285000,23.285000,23.285000,23.285000,,,23.285000,23.285000,23.285000,23.285000,23.285000,,,21.857000,21.857000,21.857000,21.857000,21.857000,,,19.560000,19.534000,19.509000,19.484000,19.460000,,,23.414000,23.611000,25.928000,24.266000,24.956000,,,,,,,,,,,,,,,,
13.6800,23.285000,23.285000,23.285000,23.285000,23.285000,,,23.285000,23.285000,23.285000,23.285000,23.285000,,,21.857000,21.857000,21.857000,21.857000,21.857000,,,19.560000,19.534000,19.509000,19.484000,19.460000,,,23.414000,23.611000,25.928000,24.266000,24.956000,,,,,,,,,,,,,,,,
13.6900,23.285000,23.285000,23.285000,23.285000,23.285000,,,23.285000,23.285000,23.285000,23.285000,23.285000,,,21.857000,21.857000,21.857000,21.857000,21.857000,,,19.560000,19.534000,19.509000,19.484000,19.460000,,,23.414000,23.611000,25.928000,24.266000,24.956000,,,,,,,,,,,,,,,,
13.7000,23.285000,23.285000,23.285000,23.285000,23.285000,,,23.285000,23.285000,23.285000,23.285000,23.285000,,,21.857000,21.857000,21.857000,21.857000,21.857000,,,19.560000,19.534000,19.509000,19.484000,19.460000,,,23.414000,23.611000,25.928000,24.266000,24.956000,,,,,,,,,,,,,,,,
13.7100,23.285000,23.285000,23.285000,23.285000,23.285000,,,23.285000,23.285000,23.285000,23.285000,23.285000,,,21.857000,21.857000,21.857000,21.857000,21.857000,,,19.560000,19.534000,19.509000,19.484000,19.460000,,,23.414000,23.611000,25.928000,24.266000,24.956000,,,,,,,,,,,,,,,,
13.7200,23.285000,23.285000,23.285000,23.285000,23.285000,,,23.285000,23.285000,23.285000,23.285000,23.285000,,,21.857000,21.857000,21.857000,21.857000,21.857000,,,19.560000,19.534000,19.509000,19.484000,19.460000,,,23.414000,23.611000,25.928000,24.266000,24.956000,,,,,,,,,,,,,,,,
13.7300,23.285000,23.285000,23.285000,23.285000,23.285000,,,23.285000,23.285000,23.285000,23.285000,23.285000,,,21.857000,21.857000,21.857000,21.857000,21.857000,,,19.560000,19.534000,19.509000,19.484000,19.460000,,,23.414000,23.611000,25.928000,24.266000,24.956000,,,,,,,,,,,,,,,,
13.7400,23.285000,23.285000,23.285000,23.285000,23.285000,,,23.285000,23.285000,23.285000,23.285000,23.285000,,,21.857000,21.857000,21.857000,21.857000,21.857000,,,19.560000,19.534000,19.509000,19.484000,19.460000,,,23.414000,23.611000,25.928000,24.266000,24.956000,,,,,,,,,,,,,,,,
13.7500,23.285000,23.285000,23.285000,23.285000,23.285000,,,23.285000,23.285000,23.285000,23.285000,23.285000,,,21.857000,21.857000,21.857000,21.857000,21.857000,,,19.560000,19.534000,19.509000,19.484000,19.460000,,,23.414000,23.611000,25.928000,24.266000,24.956000,,,,,,,,,,,,,,,,
13.7600,23.285000,23.285000,23.285000,23.285000,23.285000,,,23.285000,23.285000,23.285000,23.285000,23.285000,,,21.857000,21.857000,21.857000,21.857000,21.857000,,,19.560000,19.534000,19.509000,19.484000,19.460000,,,23.414000,23.611000,25.928000,24.266000,24.956000,,,,,,,,,,,,,,,,
13.7700,23.285000,23.285000,23.285000,23.285000,23.285000,,,23.285000,23.285000,23.285000,23.285000,23.285000,,,21.857000,21.857000,21.857000,21.857000,21.857000,,,19.560000,19.534000,19.509000,19.484000,19.460000,,,23.414000,23.611000,25.928000,24.266000,24.956000,,,,,,,,,,,,,,,,
13.7800,23.285000,23.285000,23.285000,23.285000,23.285000,,,23.285000,23.285000,23.285000,23.285000,23.285000,,,21.857000,21.857000,21.857000,21.857000,21.857000,,,19.560000,19.534000,19.509000,19.484000,19.460000,,,23.414000,23.611000,25.928000,24.266000,24.956000,,,,,,,,,,,,,,,,
13.7900,23.285000,23.285000,23.285000,23.285000,23.285000,,,23.285000,23.285000,23.285000,23.285000,23.285000,,,21.857000,21.857000,21.857000,21.857000,21.857000,,,19.560000,19.534000,19.509000,19.484000,19.460000,,,23.414000,23.611000,25.928000,24.266000,24.956000,,,,,,,,,,,,,,,,
13.8000,23.285000,23.285000,23.285000,23.285000,23.285000,,,23.285000,23.285000,23.285000,23.285000,23.285000,,,21.857000,21.857000,21.857000,21.857000,21.857000,,,19.560000,19.534000,19.509000,19.484000,19.460000,,,23.414000,23.611000,25.928000,24.266000,24.956000,,,,,,,,,,,,,,,,
13.8100,23.285000,23.285000,23.285000,23.285000,23.285000,,,23.285000,23.285000,23.285000,23.285000,23.285000,,,21.857000,21.857000,21.857000,21.857000,21.857000,,,19.560000,19.534000,19.509000,19.484000,19.460000,,,23.414000,23.611000,25.928000,24.266000,24.956000,,,,,,,,,,,,,,,,
13.8200,23.285000,23.285000,23.285000,23.285000,23.285000,,,23.285000,23.285000,23.285000,23.285000,23.285000,,,21.857000,21.857000,21.857000,21.857000,21.857000,,,19.560000,19.534000,19.509000,19.484000,19.460000,,,23.414000,23.611000,25.928000,24.266000,24.956000,,,,,,,,,,,,,,,,
13.8300,23.285000,23.285000,23.285000,23.285000,23.285000,,,23.285000,23.285000,23.285000,23.285000,23.285000,,,21.857000,21.857000,21.857000,21.857000,21.857000,,,19.560000,19.534000,19.509000,19.484000,19.460000,,,23.414000,23.611000,25.928000,24.266000,24.956000,,,,,,,,,,,,,,,,
13.8400,23.285000,23.285000,23.285000,23.285000,23.285000,,,23.285000,23.285000,23.285000,23.285000,23.285000,,,21.857000,21.857000,21.857000,21.857000,21.857000,,,19.560000,19.534000,19.509000,19.484000,19.460000,,,23.414000,23.611000,25.928000,24.266000,24.956000,,,,,,,,,,,,,,,,
13.8500,23.285000,23.285000,23.285000,23.285000,23.285000,,,23.285000,23.285000,23.285000,23.285000,23.285000,,,21.857000,21.857000,21.857000,21.857000,21.857000,,,19.560000,19.534000,19.509000,19.484000,19.460000,,,23.414000,23.611000,25.928000,24.266000,24.956000,,,,,,,,,,,,,,,,
13.8600,23.285000,23.285000,23.285000,23.285000,23.285000,,,23.285000,23.285000,23.285000,23.285000,23.285000,,,21.857000,21.857000,21.857000,21.857000,21.857000,,,19.560000,19.534000,19.509000,19.484000,19.460000,,,23.414000,23.611000,25.928000,24.266000,24.956000,,,,,,,,,,,,,,,,
13.8700,23.285000,23.285000,23.285000,23.285000,23.285000,,,23.285000,23.285000,23.285000,23.285000,23.285000,,,21.857000,21.857000,21.857000,21.857000,21.857000,,,19.560000,19.534000,19.509000,19.484000,19.460000,,,23.414000,23.611000,25.928000,24.266000,24.956000,,,,,,,,,,,,,,,,
13.8800,23.285000,23.285000,23.285000,23.285000,23.285000,,,23.285000,23.285000,23.285000,23.285000,23.285000,,,21.857000,21.857000,21.857000,21.857000,21.857000,,,19.560000,19.534000,19.509000,19.484000,19.460000,,,23.414000,23.611000,25.928000,24.266000,24.956000,,,,,,,,,,,,,,,,
13.8900,23.285000,23.285000,23.285000,23.285000,23.285000,,,23.285000,23.285000,23.285000,23.285000,23.285000,,,21.857000,21.857000,21.857000,21.857000,21.857000,,,19.560000,19.534000,19.509000,19.484000,19.460000,,,23.414000,23.611000,25.928000,24.266000,24.956000,,,,,,,,,,,,,,,,
13.9000,23.285000,23.285000,23.285000,23.285000,23.285000,,,23.285000,23.285000,23.285000,23.285000,23.285000,,,21.857000,21.857000,21.857000,21.857000,21.857000,,,19.560000,19.534000,19.509000,19.484000,19.460000,,,23.414000,23.611000,25.928000,24.266000,24.956000,,,,,,,,,,,,,,,,
13.9100,23.285000,23.285000,23.285000,23.285000,23.285000,,,23.285000,23.285000,23.285000,23.285000,23.285000,,,21.857000,21.857000,21.857000,21.857000,21.857000,,,19.560000,19.534000,19.509000,19.484000,19.460000,,,23.414000,23.611000,25.928000,24.266000,24.956000,,,,,,,,,,,,,,,,
13.9200,23.285000,23.285000,23.285000,23.285000,23.285000,,,23.285000,23.285000,23.285000,23.285000,23.285000,,,21.857000,21.857000,21.857000,21.857000,21.857000,,,19.560000,19.534000,19.509000,19.484000,19.460000,,,23.414000,23.611000,25.928000,24.266000,24.956000,,,,,,,,,,,,,,,,
13.9300,23.285000,23.285000,23.285000,23.285000,23.285000,,,23.285000,23.285000,23.285000,23.285000,23.285000,,,21.857000,21.857000,21.857000,21.857000,21.857000,,,19.560000,19.534000,19.509000,19.484000,19.460000,,,23.414000,23.611000,25.928000,24.266000,24.956000,,,,,,,,,,,,,,,,
13.9400,23.285000,23.285000,23.285000,23.285000,23.285000,,,23.285000,23.285000,23.285000,23.285000,23.285000,,,21.857000,21.857000,21.857000,21.857000,21.857000,,,19.560000,19.534000,19.509000,19.484000,19.460000,,,23.414000,23.611000,25.928000,24.266000,24.956000,,,,,,,,,,,,,,,,
13.9500,23.285000,23.285000,23.285000,23.285000,23.285000,,,23.285000,23.285000,23.285000,23.285000,23.285000,,,21.857000,21.857000,21.857000,21.857000,21.857000,,,19.560000,19.534000,19.509000,19.484000,19.460000,,,23.414000,23.611000,25.928000,24.266000,24.956000,,,,,,,,,,,,,,,,
13.9600,23.285000,23.285000,23.285000,23.285000,23.285000,,,23.285000,23.285000,23.285000,23.285000,23.285000,,,21.857000,21.857000,21.857000,21.857000,21.857000,,,19.560000,19.534000,19.509000,19.484000,19.460000,,,23.414000,23.611000,25.928000,24.266000,24.956000,,,,,,,,,,,,,,,,
13.9700,23.285000,23.285000,23.285000,23.285000,23.285000,,,23.285000,23.285000,23.285000,23.285000,23.285000,,,21.857000,21.857000,21.857000,21.857000,21.857000,,,19.560000,19.534000,19.509000,19.484000,19.460000,,,23.414000,23.611000,25.928000,24.266000,24.956000,,,,,,,,,,,,,,,,
13.9800,23.285000,23.285000,23.285000,23.285000,23.285000,,,23.285000,23.285000,23.285000,23.285000,23.285000,,,21.857000,21.857000,21.857000,21.857000,21.857000,,,19.560000,19.534000,19.509000,19.484000,19.460000,,,23.414000,23.611000,25.928000,24.266000,24.956000,,,,,,,,,,,,,,,,
13.9900,23.285000,23.285000,23.285000,23.285000,23.285000,,,23.285000,23.285000,23.285000,23.285000,23.285000,,,21.857000,21.857000,21.857000,21.857000,21.857000,,,19.560000,19.534000,19.509000,19.484000,19.460000,,,23.414000,23.611000,25.928000,24.266000,24.956000,,,,,,,,,,,,,,,,
14.0000,23.285000,23.285000,23.285000,23.285000,23.285000,,,23.285000,23.285000,23.285000,23.285000,23.285000,,,21.857000,21.857000,21.857000,21.857000,21.857000,,,19.560000,19.534000,19.509000,19.484000,19.460000,,,23.414000,23.611000,25.928000,24.266000,24.956000,,,,,,,,,,,,,,,,
14.0100,23.285000,23.285000,23.285000,23.285000,23.285000,,,23.285000,23.285000,23.285000,23.285000,23.285000,,,21.857000,21.857000,21.857000,21.857000,21.857000,,,19.560000,19.534000,19.509000,19.484000,19.460000,,,23.414000,23.611000,25.928000,24.266000,24.956000,,,,,,,,,,,,,,,,
14.0200,23.285000,23.285000,23.285000,23.285000,23.285000,,,23.285000,23.285000,23.285000,23.285000,23.285000,,,21.857000,21.857000,21.857000,21.857000,21.857000,,,19.560000,19.534000,19.509000,19.484000,19.460000,,,23.414000,23.611000,25.928000,24.266000,24.956000,,,,,,,,,,,,,,,,
14.0300,23.285000,23.285000,23.285000,23.285000,23.285000,,,23.285000,23.285000,23.285000,23.285000,23.285000,,,21.857000,21.857000,21.857000,21.857000,21.857000,,,19.560000,19.534000,19.509000,19.484000,19.460000,,,23.414000,23.611000,25.928000,24.266000,24.956000,,,,,,,,,,,,,,,,
14.0400,23.285000,23.285000,23.285000,23.285000,23.285000,,,23.285000,23.285000,23.285000,23.285000,23.285000,,,21.857000,21.857000,21.857000,21.857000,21.857000,,,19.560000,19.534000,19.509000,19.484000,19.460000,,,23.414000,23.611000,25.928000,24.266000,24.956000,,,,,,,,,,,,,,,,
14.0500,23.285000,23.285000,23.285000,23.285000,23.285000,,,23.285000,23.285000,23.285000,23.285000,23.285000,,,21.857000,21.857000,21.857000,21.857000,21.857000,,,19.560000,19.534000,19.509000,19.484000,19.460000,,,23.414000,23.611000,25.928000,24.266000,24.956000,,,,,,,,,,,,,,,,
14.0600,23.285000,23.285000,23.285000,23.285000,23.285000,,,23.285000,23.285000,23.285000,23.285000,23.285000,,,21.857000,21.857000,21.857000,21.857000,21.857000,,,19.560000,19.534000,19.509000,19.484000,19.460000,,,23.414000,23.611000,25.928000,24.266000,24.956000,,,,,,,,,,,,,,,,
14.0700,23.285000,23.285000,23.285000,23.285000,23.285000,,,23.285000,23.285000,23.285000,23.285000,23.285000,,,21.857000,21.857000,21.857000,21.857000,21.857000,,,19.560000,19.534000,19.509000,19.484000,19.460000,,,23.414000,23.611000,25.928000,24.266000,24.956000,,,,,,,,,,,,,,,,
14.0800,23.285000,23.285000,23.285000,23.285000,23.285000,,,23.285000,23.285000,23.285000,23.285000,23.285000,,,21.857000,21.857000,21.857000,21.857000,21.857000,,,19.560000,19.534000,19.509000,19.484000,19.460000,,,23.414000,23.611000,25.928000,24.266000,24.956000,,,,,,,,,,,,,,,,
14.0900,23.285000,23.285000,23.285000,23.285000,23.285000,,,23.285000,23.285000,23.285000,23.285000,23.285000,,,21.857000,21.857000,21.857000,21.857000,21.857000,,,19.560000,19.534000,19.509000,19.484000,19.460000,,,23.414000,23.611000,25.928000,24.266000,24.956000,,,,,,,,,,,,,,,,
14.1000,23.285000,23.285000,23.285000,23.285000,23.285000,,,23.285000,23.285000,23.285000,23.285000,23.285000,,,21.857000,21.857000,21.857000,21.857000,21.857000,,,19.560000,19.534000,19.509000,19.484000,19.460000,,,23.414000,23.611000,25.928000,24.266000,24.956000,,,,,,,,,,,,,,,,
14.1100,23.285000,23.285000,23.285000,23.285000,23.285000,,,23.285000,23.285000,23.285000,23.285000,23.285000,,,21.857000,21.857000,21.857000,21.857000,21.857000,,,19.560000,19.534000,19.509000,19.484000,19.460000,,,23.414000,23.611000,25.928000,24.266000,24.956000,,,,,,,,,,,,,,,,
14.1200,23.285000,23.285000,23.285000,23.285000,23.285000,,,23.285000,23.285000,23.285000,23.285000,23.285000,,,21.857000,21.857000,21.857000,21.857000,21.857000,,,19.560000,19.534000,19.509000,19.484000,19.460000,,,23.414000,23.611000,25.928000,24.266000,24.956000,,,,,,,,,,,,,,,,
14.1300,23.285000,23.285000,23.285000,23.285000,23.285000,,,23.285000,23.285000,23.285000,23.285000,23.285000,,,21.857000,21.857000,21.857000,21.857000,21.857000,,,19.560000,19.534000,19.509000,19.484000,19.460000,,,23.414000,23.611000,25.928000,24.266000,24.956000,,,,,,,,,,,,,,,,
14.1400,23.285000,23.285000,23.285000,23.285000,23.285000,,,23.285000,23.285000,23.285000,23.285000,23.285000,,,21.857000,21.857000,21.857000,21.857000,21.857000,,,19.560000,19.534000,19.509000,19.484000,19.460000,,,23.414000,23.611000,25.928000,24.266000,24.956000,,,,,,,,,,,,,,,,
14.1500,23.285000,23.285000,23.285000,23.285000,23.285000,,,23.285000,23.285000,23.285000,23.285000,23.285000,,,21.857000,21.857000,21.857000,21.857000,21.857000,,,19.560000,19.534000,19.509000,19.484000,19.460000,,,23.414000,23.611000,25.928000,24.266000,24.956000,,,,,,,,,,,,,,,,
14.1600,23.285000,23.285000,23.285000,23.285000,23.285000,,,23.285000,23.285000,23.285000,23.285000,23.285000,,,21.857000,21.857000,21.857000,21.857000,21.857000,,,19.560000,19.534000,19.509000,19.484000,19.460000,,,23.414000,23.611000,25.928000,24.266000,24.956000,,,,,,,,,,,,,,,,
14.1700,23.285000,23.285000,23.285000,23.285000,23.285000,,,23.285000,23.285000,23.285000,23.285000,23.285000,,,21.857000,21.857000,21.857000,21.857000,21.857000,,,19.560000,19.534000,19.509000,19.484000,19.460000,,,23.414000,23.611000,25.928000,24.266000,24.956000,,,,,,,,,,,,,,,,
14.1800,23.285000,23.285000,23.285000,23.285000,23.285000,,,23.285000,23.285000,23.285000,23.285000,23.285000,,,21.857000,21.857000,21.857000,21.857000,21.857000,,,19.560000,19.534000,19.509000,19.484000,19.460000,,,23.414000,23.611000,25.928000,24.266000,24.956000,,,,,,,,,,,,,,,,
14.1900,23.285000,23.285000,23.285000,23.285000,23.285000,,,23.285000,23.285000,23.285000,23.285000,23.285000,,,21.857000,21.857000,21.857000,21.857000,21.857000,,,19.560000,19.534000,19.509000,19.484000,19.460000,,,23.414000,23.611000,25.928000,24.266000,24.956000,,,,,,,,,,,,,,,,
14.2000,23.285000,23.285000,23.285000,23.285000,23.285000,,,23.285000,23.285000,23.285000,23.285000,23.285000,,,21.857000,21.857000,21.857000,21.857000,21.857000,,,19.560000,19.534000,19.509000,19.484000,19.460000,,,23.414000,23.611000,25.928000,24.266000,24.956000,,,,,,,,,,,,,,,,
14.2100,23.285000,23.285000,23.285000,23.285000,23.285000,,,23.285000,23.285000,23.285000,23.285000,23.285000,,,21.857000,21.857000,21.857000,21.857000,21.857000,,,19.560000,19.534000,19.509000,19.484000,19.460000,,,23.414000,23.611000,25.928000,24.266000,24.956000,,,,,,,,,,,,,,,,
14.2200,23.285000,23.285000,23.285000,23.285000,23.285000,,,23.285000,23.285000,23.285000,23.285000,23.285000,,,21.857000,21.857000,21.857000,21.857000,21.857000,,,19.560000,19.534000,19.509000,19.484000,19.460000,,,23.414000,23.611000,25.928000,24.266000,24.956000,,,,,,,,,,,,,,,,
14.2300,23.285000,23.285000,23.285000,23.285000,23.285000,,,23.285000,23.285000,23.285000,23.285000,23.285000,,,21.857000,21.857000,21.857000,21.857000,21.857000,,,19.560000,19.534000,19.509000,19.484000,19.460000,,,23.414000,23.611000,25.928000,24.266000,24.956000,,,,,,,,,,,,,,,,
14.2400,23.285000,23.285000,23.285000,23.285000,23.285000,,,23.285000,23.285000,23.285000,23.285000,23.285000,,,21.857000,21.857000,21.857000,21.857000,21.857000,,,19.560000,19.534000,19.509000,19.484000,19.460000,,,23.414000,23.611000,25.928000,24.266000,24.956000,,,,,,,,,,,,,,,,
14.2500,23.285000,23.285000,23.285000,23.285000,23.285000,,,23.285000,23.285000,23.285000,23.285000,23.285000,,,21.857000,21.857000,21.857000,21.857000,21.857000,,,19.560000,19.534000,19.509000,19.484000,19.460000,,,23.414000,23.611000,25.928000,24.266000,24.956000,,,,,,,,,,,,,,,,
14.2600,23.285000,23.285000,23.285000,23.285000,23.285000,,,23.285000,23.285000,23.285000,23.285000,23.285000,,,21.857000,21.857000,21.857000,21.857000,21.857000,,,19.560000,19.534000,19.509000,19.484000,19.460000,,,23.414000,23.611000,25.928000,24.266000,24.956000,,,,,,,,,,,,,,,,
